origin,destination,search_date,travel_date,booking_horizon,airline,flight_number,departure_time,arrival_time,duration_minutes,stops,displayed_fare,currency,fare_type,travel_class,baggage_included,airplane,legroom,source,collected_at,search_id,potential_outlier
BLR,BOM,2026-09-10,2026-09-11,1,Air India,AI 2852,2026-09-11 10:30,2026-09-11 12:35,125,0,10706.0,INR,,Economy,,Airbus A320neo,28 in,SerpApi Google Flights,2026-09-10T07:03:18.233Z,6aa25634a973c4b3af955693,False
BLR,BOM,2026-09-10,2026-09-11,1,Akasa Air,QP 1515,2026-09-11 06:20,2026-09-11 08:00,100,0,11296.0,INR,,Economy,,Boeing 737MAX 8 Passenger,28 in,SerpApi Google Flights,2026-09-10T07:03:18.233Z,6aa25634a973c4b3af955693,False
BLR,BOM,2026-09-10,2026-09-11,1,IndiGo,6E 5089,2026-09-11 05:30,2026-09-11 07:15,105,0,11409.0,INR,,Economy,,Airbus A321neo,28 in,SerpApi Google Flights,2026-09-10T07:03:18.233Z,6aa25634a973c4b3af955693,False
BLR,BOM,2026-09-10,2026-09-11,1,Air India Express,IX 5986,2026-09-11 02:45,2026-09-11 04:35,110,0,11634.0,INR,,Economy,,Airbus A320,28 in,SerpApi Google Flights,2026-09-10T07:03:18.233Z,6aa25634a973c4b3af955693,False
BLR,BOM,2026-09-10,2026-09-11,1,IndiGo,6E 5205,2026-09-11 03:45,2026-09-11 05:30,105,0,12354.0,INR,,Economy,,Airbus A321neo,28 in,SerpApi Google Flights,2026-09-10T07:03:18.233Z,6aa25634a973c4b3af955693,False
BLR,BOM,2026-09-10,2026-09-11,1,Air India,AI 2630,2026-09-11 12:05,2026-09-11 14:05,120,0,12633.0,INR,,Economy,,Airbus A320neo,28 in,SerpApi Google Flights,2026-09-10T07:03:18.233Z,6aa25634a973c4b3af955693,False
BLR,BOM,2026-09-10,2026-09-11,1,IndiGo,6E 5216,2026-09-11 07:25,2026-09-11 09:10,105,0,12652.0,INR,,Economy,,Airbus A321neo,28 in,SerpApi Google Flights,2026-09-10T07:03:18.233Z,6aa25634a973c4b3af955693,False
BLR,BOM,2026-09-10,2026-09-11,1,IndiGo,6E 5218,2026-09-11 13:00,2026-09-11 14:50,110,0,12652.0,INR,,Economy,,Airbus A321neo,28 in,SerpApi Google Flights,2026-09-10T07:03:18.233Z,6aa25634a973c4b3af955693,False
BLR,BOM,2026-09-10,2026-09-11,1,IndiGo,6E 5351,2026-09-11 14:20,2026-09-11 16:05,105,0,12652.0,INR,,Economy,,Airbus A321neo,28 in,SerpApi Google Flights,2026-09-10T07:03:18.233Z,6aa25634a973c4b3af955693,False
BLR,BOM,2026-09-10,2026-09-11,1,Akasa Air,QP 1517,2026-09-11 07:40,2026-09-11 09:25,105,0,12754.0,INR,,Economy,,Boeing 737MAX 8 Passenger,28 in,SerpApi Google Flights,2026-09-10T07:03:18.233Z,6aa25634a973c4b3af955693,False
BLR,BOM,2026-09-10,2026-09-11,1,Akasa Air,QP 1528,2026-09-11 10:20,2026-09-11 12:10,110,0,13286.0,INR,,Economy,,Boeing 737MAX 8 Passenger,28 in,SerpApi Google Flights,2026-09-10T07:03:18.233Z,6aa25634a973c4b3af955693,False
BLR,BOM,2026-09-10,2026-09-11,1,IndiGo,6E 5051,2026-09-11 08:30,2026-09-11 10:15,105,0,13492.0,INR,,Economy,,Airbus A321neo,28 in,SerpApi Google Flights,2026-09-10T07:03:18.233Z,6aa25634a973c4b3af955693,False
BLR,BOM,2026-09-10,2026-09-11,1,IndiGo,6E 5069,2026-09-11 11:30,2026-09-11 13:20,110,0,13492.0,INR,,Economy,,Airbus A321neo,28 in,SerpApi Google Flights,2026-09-10T07:03:18.233Z,6aa25634a973c4b3af955693,False
BLR,BOM,2026-09-10,2026-09-11,1,Akasa Air,QP 1381,2026-09-11 04:50,2026-09-11 06:45,115,0,13841.0,INR,,Economy,,Boeing 737MAX 8 Passenger,28 in,SerpApi Google Flights,2026-09-10T07:03:18.233Z,6aa25634a973c4b3af955693,False
BLR,BOM,2026-09-10,2026-09-11,1,Air India,AI 2858,2026-09-11 02:20,2026-09-11 04:10,110,0,14297.0,INR,,Economy,,Airbus A320neo,28 in,SerpApi Google Flights,2026-09-10T07:03:18.233Z,6aa25634a973c4b3af955693,False
BLR,BOM,2026-09-10,2026-09-11,1,Air India,AI 2402,2026-09-11 06:35,2026-09-11 08:35,120,0,14297.0,INR,,Economy,,Airbus A320neo,28 in,SerpApi Google Flights,2026-09-10T07:03:18.233Z,6aa25634a973c4b3af955693,False
BLR,BOM,2026-09-10,2026-09-11,1,Air India,AI 2811,2026-09-11 23:40,2026-09-12 01:45,125,0,15211.0,INR,,Economy,,Airbus A320neo,28 in,SerpApi Google Flights,2026-09-10T07:03:18.233Z,6aa25634a973c4b3af955693,False
BLR,BOM,2026-09-10,2026-09-11,1,Akasa Air,QP 1134,2026-09-11 22:55,2026-09-12 00:45,110,0,15664.0,INR,,Economy,,Boeing 737MAX 8 Passenger,28 in,SerpApi Google Flights,2026-09-10T07:03:18.233Z,6aa25634a973c4b3af955693,False
BLR,BOM,2026-09-10,2026-09-11,1,Air India,AI 2840,2026-09-11 22:30,2026-09-12 00:35,125,0,16760.0,INR,,Economy,,Airbus A320neo,28 in,SerpApi Google Flights,2026-09-10T07:03:18.233Z,6aa25634a973c4b3af955693,False
BLR,BOM,2026-09-10,2026-09-11,1,Air India,AI 2604,2026-09-11 09:15,2026-09-11 11:15,120,0,17069.0,INR,,Economy,,Airbus A320neo,28 in,SerpApi Google Flights,2026-09-10T07:03:18.233Z,6aa25634a973c4b3af955693,False
BLR,BOM,2026-09-10,2026-09-11,1,IndiGo,6E 5255,2026-09-11 17:25,2026-09-11 19:05,100,0,18112.0,INR,,Economy,,Airbus A321neo,28 in,SerpApi Google Flights,2026-09-10T07:03:18.233Z,6aa25634a973c4b3af955693,False
BLR,BOM,2026-09-10,2026-09-11,1,Air India,AI 2642,2026-09-11 21:30,2026-09-11 23:35,125,0,19878.0,INR,,Economy,,Airbus A320neo,28 in,SerpApi Google Flights,2026-09-10T07:03:18.233Z,6aa25634a973c4b3af955693,False
BLR,BOM,2026-09-10,2026-09-11,1,IndiGo,6E 5031,2026-09-11 16:00,2026-09-11 17:45,105,0,19999.0,INR,,Economy,,Airbus A321neo,28 in,SerpApi Google Flights,2026-09-10T07:03:18.233Z,6aa25634a973c4b3af955693,False
BLR,BOM,2026-09-10,2026-09-11,1,IndiGo,6E 6283,2026-09-11 19:05,2026-09-11 20:40,95,0,19999.0,INR,,Economy,,Airbus A321neo,28 in,SerpApi Google Flights,2026-09-10T07:03:18.233Z,6aa25634a973c4b3af955693,False
BLR,BOM,2026-09-10,2026-09-11,1,IndiGo,6E 5094,2026-09-11 22:20,2026-09-12 00:05,105,0,19999.0,INR,,Economy,,Airbus A321neo,28 in,SerpApi Google Flights,2026-09-10T07:03:18.233Z,6aa25634a973c4b3af955693,False
BLR,BOM,2026-09-10,2026-09-11,1,Air India,AI 2850,2026-09-11 20:30,2026-09-11 22:40,130,0,20235.0,INR,,Economy,,Airbus A320neo,28 in,SerpApi Google Flights,2026-09-10T07:03:18.233Z,6aa25634a973c4b3af955693,False
BLR,BOM,2026-09-10,2026-09-11,1,Air India,AI 2854,2026-09-11 18:05,2026-09-11 20:05,120,0,20414.0,INR,,Economy,,Airbus A320neo,28 in,SerpApi Google Flights,2026-09-10T07:03:18.233Z,6aa25634a973c4b3af955693,False
BLR,BOM,2026-09-10,2026-09-17,7,Akasa Air,QP 1134,2026-09-17 22:55,2026-09-18 00:45,110,0,6337.0,INR,,Economy,,Boeing 737MAX 8 Passenger,28 in,SerpApi Google Flights,2026-09-10T07:03:22.036Z,6aa256376561a6064a0ca640,False
BLR,BOM,2026-09-10,2026-09-17,7,Air India,AI 2811,2026-09-17 23:40,2026-09-18 01:45,125,0,6491.0,INR,,Economy,,Airbus A320neo,28 in,SerpApi Google Flights,2026-09-10T07:03:22.036Z,6aa256376561a6064a0ca640,False
BLR,BOM,2026-09-10,2026-09-17,7,IndiGo,6E 5293,2026-09-17 01:00,2026-09-17 02:50,110,0,6684.0,INR,,Economy,,Airbus A321neo,28 in,SerpApi Google Flights,2026-09-10T07:03:22.036Z,6aa256376561a6064a0ca640,False
BLR,BOM,2026-09-10,2026-09-17,7,IndiGo,6E 5089,2026-09-17 05:30,2026-09-17 07:15,105,0,6684.0,INR,,Economy,,Airbus A321neo,28 in,SerpApi Google Flights,2026-09-10T07:03:22.036Z,6aa256376561a6064a0ca640,False
BLR,BOM,2026-09-10,2026-09-17,7,Air India,AI 2858,2026-09-17 02:20,2026-09-17 04:10,110,0,6727.0,INR,,Economy,,Airbus A320neo,28 in,SerpApi Google Flights,2026-09-10T07:03:22.036Z,6aa256376561a6064a0ca640,False
BLR,BOM,2026-09-10,2026-09-17,7,Akasa Air,QP 1986,2026-09-17 17:45,2026-09-17 19:40,115,0,6823.0,INR,,Economy,,Boeing 737MAX 8 Passenger,28 in,SerpApi Google Flights,2026-09-10T07:03:22.036Z,6aa256376561a6064a0ca640,False
BLR,BOM,2026-09-10,2026-09-17,7,IndiGo,6E 5255,2026-09-17 17:25,2026-09-17 19:05,100,0,6877.0,INR,,Economy,,Airbus A321neo,28 in,SerpApi Google Flights,2026-09-10T07:03:22.036Z,6aa256376561a6064a0ca640,False
BLR,BOM,2026-09-10,2026-09-17,7,IndiGo,6E 5351,2026-09-17 14:20,2026-09-17 16:05,105,0,6877.0,INR,,Economy,,Airbus A321neo,28 in,SerpApi Google Flights,2026-09-10T07:03:22.036Z,6aa256376561a6064a0ca640,False
BLR,BOM,2026-09-10,2026-09-17,7,IndiGo,6E 5031,2026-09-17 16:00,2026-09-17 17:45,105,0,6877.0,INR,,Economy,,Airbus A321neo,28 in,SerpApi Google Flights,2026-09-10T07:03:22.036Z,6aa256376561a6064a0ca640,False
BLR,BOM,2026-09-10,2026-09-17,7,Akasa Air,QP 1150,2026-09-17 16:05,2026-09-17 18:05,120,0,7082.0,INR,,Economy,,Boeing 737MAX 8 Passenger,28 in,SerpApi Google Flights,2026-09-10T07:03:22.036Z,6aa256376561a6064a0ca640,False
BLR,BOM,2026-09-10,2026-09-17,7,IndiGo,6E 6283,2026-09-17 19:05,2026-09-17 20:40,95,0,7192.0,INR,,Economy,,Airbus A321neo,28 in,SerpApi Google Flights,2026-09-10T07:03:22.036Z,6aa256376561a6064a0ca640,False
BLR,BOM,2026-09-10,2026-09-17,7,IndiGo,6E 5094,2026-09-17 22:20,2026-09-18 00:05,105,0,7192.0,INR,,Economy,,Airbus A321neo,28 in,SerpApi Google Flights,2026-09-10T07:03:22.036Z,6aa256376561a6064a0ca640,False
BLR,BOM,2026-09-10,2026-09-17,7,Air India,AI 2854,2026-09-17 18:05,2026-09-17 20:05,120,0,7262.0,INR,,Economy,,Airbus A320neo,28 in,SerpApi Google Flights,2026-09-10T07:03:22.036Z,6aa256376561a6064a0ca640,False
BLR,BOM,2026-09-10,2026-09-17,7,IndiGo,6E 5205,2026-09-17 03:45,2026-09-17 05:30,105,0,7314.0,INR,,Economy,,Airbus A321neo,28 in,SerpApi Google Flights,2026-09-10T07:03:22.036Z,6aa256376561a6064a0ca640,False
BLR,BOM,2026-09-10,2026-09-17,7,Air India,AI 2840,2026-09-17 22:30,2026-09-18 00:35,125,0,7331.0,INR,,Economy,,Airbus A320neo,28 in,SerpApi Google Flights,2026-09-10T07:03:22.036Z,6aa256376561a6064a0ca640,False
BLR,BOM,2026-09-10,2026-09-17,7,Akasa Air,QP 1383,2026-09-17 05:25,2026-09-17 07:10,105,0,7352.0,INR,,Economy,,Boeing 737MAX 8 Passenger,,SerpApi Google Flights,2026-09-10T07:03:22.036Z,6aa256376561a6064a0ca640,False
BLR,BOM,2026-09-10,2026-09-17,7,Air India,AI 2852,2026-09-17 10:30,2026-09-17 12:35,125,0,7352.0,INR,,Economy,,Airbus A320neo,28 in,SerpApi Google Flights,2026-09-10T07:03:22.036Z,6aa256376561a6064a0ca640,False
BLR,BOM,2026-09-10,2026-09-17,7,Air India,AI 2610,2026-09-17 19:00,2026-09-17 21:05,125,0,7378.0,INR,,Economy,,Airbus A320neo,28 in,SerpApi Google Flights,2026-09-10T07:03:22.036Z,6aa256376561a6064a0ca640,False
BLR,BOM,2026-09-10,2026-09-17,7,Air India,AI 2630,2026-09-17 12:05,2026-09-17 14:05,120,0,7472.0,INR,,Economy,,Airbus A320neo,28 in,SerpApi Google Flights,2026-09-10T07:03:22.036Z,6aa256376561a6064a0ca640,False
BLR,BOM,2026-09-10,2026-09-17,7,IndiGo,6E 5237,2026-09-17 10:15,2026-09-17 12:05,110,0,7507.0,INR,,Economy,,Airbus A321neo,28 in,SerpApi Google Flights,2026-09-10T07:03:22.036Z,6aa256376561a6064a0ca640,False
BLR,BOM,2026-09-10,2026-09-17,7,IndiGo,6E 5218,2026-09-17 13:00,2026-09-17 14:50,110,0,7507.0,INR,,Economy,,Airbus A321neo,28 in,SerpApi Google Flights,2026-09-10T07:03:22.036Z,6aa256376561a6064a0ca640,False
BLR,BOM,2026-09-10,2026-09-17,7,IndiGo,6E 5376,2026-09-17 20:15,2026-09-17 22:00,105,0,7507.0,INR,,Economy,,Airbus A321neo,28 in,SerpApi Google Flights,2026-09-10T07:03:22.036Z,6aa256376561a6064a0ca640,False
BLR,BOM,2026-09-10,2026-09-17,7,Akasa Air,QP 1381,2026-09-17 04:50,2026-09-17 06:45,115,0,7637.0,INR,,Economy,,Boeing 737MAX 8 Passenger,28 in,SerpApi Google Flights,2026-09-10T07:03:22.036Z,6aa256376561a6064a0ca640,False
BLR,BOM,2026-09-10,2026-09-17,7,Akasa Air,QP 1515,2026-09-17 06:20,2026-09-17 08:00,100,0,7637.0,INR,,Economy,,Boeing 737MAX 8 Passenger,28 in,SerpApi Google Flights,2026-09-10T07:03:22.036Z,6aa256376561a6064a0ca640,False
BLR,BOM,2026-09-10,2026-09-17,7,IndiGo,6E 5069,2026-09-17 11:30,2026-09-17 13:20,110,0,7927.0,INR,,Economy,,Airbus A321neo,28 in,SerpApi Google Flights,2026-09-10T07:03:22.036Z,6aa256376561a6064a0ca640,False
BLR,BOM,2026-09-10,2026-09-17,7,Akasa Air,QP 1528,2026-09-17 10:20,2026-09-17 12:10,110,0,7933.0,INR,,Economy,,Boeing 737MAX 8 Passenger,28 in,SerpApi Google Flights,2026-09-10T07:03:22.036Z,6aa256376561a6064a0ca640,False
BLR,BOM,2026-09-10,2026-09-17,7,Air India,AI 2850,2026-09-17 20:30,2026-09-17 22:40,130,0,8050.0,INR,,Economy,,Airbus A320neo,28 in,SerpApi Google Flights,2026-09-10T07:03:22.036Z,6aa256376561a6064a0ca640,False
BLR,BOM,2026-09-10,2026-09-17,7,Air India,AI 2604,2026-09-17 09:15,2026-09-17 11:15,120,0,8223.0,INR,,Economy,,Airbus A320neo,28 in,SerpApi Google Flights,2026-09-10T07:03:22.036Z,6aa256376561a6064a0ca640,False
BLR,BOM,2026-09-10,2026-09-17,7,IndiGo,6E 5216,2026-09-17 07:25,2026-09-17 09:10,105,0,8347.0,INR,,Economy,,Airbus A321neo,28 in,SerpApi Google Flights,2026-09-10T07:03:22.036Z,6aa256376561a6064a0ca640,False
BLR,BOM,2026-09-10,2026-09-17,7,Air India,AI 2642,2026-09-17 21:30,2026-09-17 23:35,125,0,8648.0,INR,,Economy,,Airbus A320neo,28 in,SerpApi Google Flights,2026-09-10T07:03:22.036Z,6aa256376561a6064a0ca640,False
BLR,BOM,2026-09-10,2026-09-17,7,IndiGo,6E 5051,2026-09-17 08:30,2026-09-17 10:15,105,0,8872.0,INR,,Economy,,Airbus A321neo,28 in,SerpApi Google Flights,2026-09-10T07:03:22.036Z,6aa256376561a6064a0ca640,False
BLR,BOM,2026-09-10,2026-09-17,7,Akasa Air,QP 1517,2026-09-17 07:40,2026-09-17 09:20,100,0,10429.0,INR,,Economy,,Boeing 737MAX 8 Passenger,28 in,SerpApi Google Flights,2026-09-10T07:03:22.036Z,6aa256376561a6064a0ca640,True
BLR,BOM,2026-09-10,2026-09-17,7,Air India,AI 2402,2026-09-17 06:35,2026-09-17 08:35,120,0,10517.0,INR,,Economy,,Airbus A320neo,28 in,SerpApi Google Flights,2026-09-10T07:03:22.036Z,6aa256376561a6064a0ca640,True
BLR,BOM,2026-09-10,2026-09-25,15,IndiGo,6E 5089,2026-09-25 05:30,2026-09-25 07:15,105,0,4584.0,INR,,Economy,,Airbus A321neo,28 in,SerpApi Google Flights,2026-09-10T07:03:26.440Z,6aa2563b28b27b66980b9d2a,False
BLR,BOM,2026-09-10,2026-09-25,15,IndiGo,6E 5205,2026-09-25 03:45,2026-09-25 05:30,105,0,4584.0,INR,,Economy,,Airbus A321neo,28 in,SerpApi Google Flights,2026-09-10T07:03:26.440Z,6aa2563b28b27b66980b9d2a,False
BLR,BOM,2026-09-10,2026-09-25,15,Air India,AI 2858,2026-09-25 02:20,2026-09-25 04:10,110,0,4585.0,INR,,Economy,,Airbus A320neo,28 in,SerpApi Google Flights,2026-09-10T07:03:26.440Z,6aa2563b28b27b66980b9d2a,False
BLR,BOM,2026-09-10,2026-09-25,15,Akasa Air,QP 1515,2026-09-25 06:20,2026-09-25 08:00,100,0,4944.0,INR,,Economy,,Boeing 737MAX 8 Passenger,28 in,SerpApi Google Flights,2026-09-10T07:03:26.440Z,6aa2563b28b27b66980b9d2a,False
BLR,BOM,2026-09-10,2026-09-25,15,Akasa Air,QP 1381,2026-09-25 04:50,2026-09-25 06:45,115,0,4944.0,INR,,Economy,,Boeing 737MAX 8 Passenger,28 in,SerpApi Google Flights,2026-09-10T07:03:26.440Z,6aa2563b28b27b66980b9d2a,False
BLR,BOM,2026-09-10,2026-09-25,15,IndiGo,6E 5293,2026-09-25 01:00,2026-09-25 02:50,110,0,5004.0,INR,,Economy,,Airbus A321neo,28 in,SerpApi Google Flights,2026-09-10T07:03:26.440Z,6aa2563b28b27b66980b9d2a,False
BLR,BOM,2026-09-10,2026-09-25,15,Air India,AI 2811,2026-09-25 23:40,2026-09-26 01:45,125,0,5997.0,INR,,Economy,,Airbus A320neo,28 in,SerpApi Google Flights,2026-09-10T07:03:26.440Z,6aa2563b28b27b66980b9d2a,False
BLR,BOM,2026-09-10,2026-09-25,15,Akasa Air,QP 1517,2026-09-25 07:40,2026-09-25 09:25,105,0,6575.0,INR,,Economy,,Boeing 737MAX 8 Passenger,28 in,SerpApi Google Flights,2026-09-10T07:03:26.440Z,6aa2563b28b27b66980b9d2a,False
BLR,BOM,2026-09-10,2026-09-25,15,Akasa Air,QP 1528,2026-09-25 10:20,2026-09-25 12:10,110,0,6575.0,INR,,Economy,,Boeing 737MAX 8 Passenger,28 in,SerpApi Google Flights,2026-09-10T07:03:26.440Z,6aa2563b28b27b66980b9d2a,False
BLR,BOM,2026-09-10,2026-09-25,15,Akasa Air,QP 1134,2026-09-25 22:55,2026-09-26 00:45,110,0,6575.0,INR,,Economy,,Boeing 737MAX 8 Passenger,28 in,SerpApi Google Flights,2026-09-10T07:03:26.440Z,6aa2563b28b27b66980b9d2a,False
BLR,BOM,2026-09-10,2026-09-25,15,IndiGo,6E 5216,2026-09-25 07:25,2026-09-25 09:10,105,0,6877.0,INR,,Economy,,Airbus A321neo,28 in,SerpApi Google Flights,2026-09-10T07:03:26.440Z,6aa2563b28b27b66980b9d2a,False
BLR,BOM,2026-09-10,2026-09-25,15,IndiGo,6E 5051,2026-09-25 08:30,2026-09-25 10:15,105,0,6877.0,INR,,Economy,,Airbus A321neo,28 in,SerpApi Google Flights,2026-09-10T07:03:26.440Z,6aa2563b28b27b66980b9d2a,False
BLR,BOM,2026-09-10,2026-09-25,15,IndiGo,6E 5094,2026-09-25 22:20,2026-09-26 00:05,105,0,6877.0,INR,,Economy,,Airbus A321neo,28 in,SerpApi Google Flights,2026-09-10T07:03:26.440Z,6aa2563b28b27b66980b9d2a,False
BLR,BOM,2026-09-10,2026-09-25,15,Air India,AI 2402,2026-09-25 06:35,2026-09-25 08:35,120,0,7037.0,INR,,Economy,,Airbus A320neo,28 in,SerpApi Google Flights,2026-09-10T07:03:26.440Z,6aa2563b28b27b66980b9d2a,False
BLR,BOM,2026-09-10,2026-09-25,15,Air India,AI 2840,2026-09-25 22:30,2026-09-26 00:35,125,0,7331.0,INR,,Economy,,Airbus A320neo,28 in,SerpApi Google Flights,2026-09-10T07:03:26.440Z,6aa2563b28b27b66980b9d2a,False
BLR,BOM,2026-09-10,2026-09-25,15,IndiGo,6E 5237,2026-09-25 10:15,2026-09-25 12:05,110,0,7507.0,INR,,Economy,,Airbus A321neo,28 in,SerpApi Google Flights,2026-09-10T07:03:26.440Z,6aa2563b28b27b66980b9d2a,False
BLR,BOM,2026-09-10,2026-09-25,15,Air India,AI 2604,2026-09-25 09:15,2026-09-25 11:15,120,0,7793.0,INR,,Economy,,Airbus A320neo,28 in,SerpApi Google Flights,2026-09-10T07:03:26.440Z,6aa2563b28b27b66980b9d2a,False
BLR,BOM,2026-09-10,2026-09-25,15,Air India,AI 2852,2026-09-25 10:30,2026-09-25 12:35,125,0,8223.0,INR,,Economy,,Airbus A320neo,28 in,SerpApi Google Flights,2026-09-10T07:03:26.440Z,6aa2563b28b27b66980b9d2a,False
BLR,BOM,2026-09-10,2026-09-25,15,IndiGo,6E 5069,2026-09-25 11:30,2026-09-25 13:20,110,0,8347.0,INR,,Economy,,Airbus A321neo,28 in,SerpApi Google Flights,2026-09-10T07:03:26.440Z,6aa2563b28b27b66980b9d2a,False
BLR,BOM,2026-09-10,2026-09-25,15,IndiGo,6E 5218,2026-09-25 13:00,2026-09-25 14:50,110,0,8347.0,INR,,Economy,,Airbus A321neo,28 in,SerpApi Google Flights,2026-09-10T07:03:26.440Z,6aa2563b28b27b66980b9d2a,False
BLR,BOM,2026-09-10,2026-09-25,15,IndiGo,6E 5351,2026-09-25 14:20,2026-09-25 16:05,105,0,8347.0,INR,,Economy,,Airbus A321neo,28 in,SerpApi Google Flights,2026-09-10T07:03:26.440Z,6aa2563b28b27b66980b9d2a,False
BLR,BOM,2026-09-10,2026-09-25,15,IndiGo,6E 5031,2026-09-25 16:00,2026-09-25 17:45,105,0,8347.0,INR,,Economy,,Airbus A321neo,28 in,SerpApi Google Flights,2026-09-10T07:03:26.440Z,6aa2563b28b27b66980b9d2a,False
BLR,BOM,2026-09-10,2026-09-25,15,IndiGo,6E 6283,2026-09-25 19:05,2026-09-25 20:40,95,0,8347.0,INR,,Economy,,Airbus A321neo,28 in,SerpApi Google Flights,2026-09-10T07:03:26.440Z,6aa2563b28b27b66980b9d2a,False
BLR,BOM,2026-09-10,2026-09-25,15,IndiGo,6E 5376,2026-09-25 20:15,2026-09-25 22:00,105,0,8347.0,INR,,Economy,,Airbus A321neo,28 in,SerpApi Google Flights,2026-09-10T07:03:26.440Z,6aa2563b28b27b66980b9d2a,False
BLR,BOM,2026-09-10,2026-09-25,15,Air India,AI 2642,2026-09-25 21:30,2026-09-25 23:35,125,0,8354.0,INR,,Economy,,Airbus A320neo,28 in,SerpApi Google Flights,2026-09-10T07:03:26.440Z,6aa2563b28b27b66980b9d2a,False
BLR,BOM,2026-09-10,2026-09-25,15,Air India,AI 2610,2026-09-25 19:00,2026-09-25 21:05,125,0,8491.0,INR,,Economy,,Airbus A320neo,28 in,SerpApi Google Flights,2026-09-10T07:03:26.440Z,6aa2563b28b27b66980b9d2a,False
BLR,BOM,2026-09-10,2026-09-25,15,Air India,AI 2854,2026-09-25 18:05,2026-09-25 20:05,120,0,8559.0,INR,,Economy,,Airbus A320neo,28 in,SerpApi Google Flights,2026-09-10T07:03:26.440Z,6aa2563b28b27b66980b9d2a,False
BLR,BOM,2026-09-10,2026-09-25,15,Air India,AI 2630,2026-09-25 12:05,2026-09-25 14:05,120,0,8648.0,INR,,Economy,,Airbus A320neo,28 in,SerpApi Google Flights,2026-09-10T07:03:26.440Z,6aa2563b28b27b66980b9d2a,False
BLR,BOM,2026-09-10,2026-09-25,15,IndiGo,6E 5255,2026-09-25 17:25,2026-09-25 19:05,100,0,8872.0,INR,,Economy,,Airbus A321neo,28 in,SerpApi Google Flights,2026-09-10T07:03:26.440Z,6aa2563b28b27b66980b9d2a,False
BLR,BOM,2026-09-10,2026-09-25,15,Air India,AI 2850,2026-09-25 20:30,2026-09-25 22:40,130,0,8937.0,INR,,Economy,,Airbus A320neo,28 in,SerpApi Google Flights,2026-09-10T07:03:26.440Z,6aa2563b28b27b66980b9d2a,False
BLR,BOM,2026-09-10,2026-10-10,30,Air India,AI 2858,2026-10-10 02:20,2026-10-10 04:10,110,0,4585.0,INR,,Economy,,Airbus A320neo,28 in,SerpApi Google Flights,2026-09-10T07:03:32.847Z,6aa2564071a41d58049d19ed,True
BLR,BOM,2026-09-10,2026-10-10,30,Air India,AI 2811,2026-10-10 23:40,2026-10-11 01:45,125,0,4742.0,INR,,Economy,,Airbus A320neo,28 in,SerpApi Google Flights,2026-09-10T07:03:32.847Z,6aa2564071a41d58049d19ed,True
BLR,BOM,2026-09-10,2026-10-10,30,IndiGo,6E 5293,2026-10-10 01:00,2026-10-10 02:50,110,0,5004.0,INR,,Economy,,Airbus A321neo,28 in,SerpApi Google Flights,2026-09-10T07:03:32.847Z,6aa2564071a41d58049d19ed,True
BLR,BOM,2026-09-10,2026-10-10,30,IndiGo,6E 5205,2026-10-10 03:45,2026-10-10 05:30,105,0,6054.0,INR,,Economy,,Airbus A321neo,28 in,SerpApi Google Flights,2026-09-10T07:03:32.847Z,6aa2564071a41d58049d19ed,False
BLR,BOM,2026-09-10,2026-10-10,30,IndiGo,6E 5089,2026-10-10 05:30,2026-10-10 07:15,105,0,6684.0,INR,,Economy,,Airbus A321neo,28 in,SerpApi Google Flights,2026-09-10T07:03:32.847Z,6aa2564071a41d58049d19ed,False
BLR,BOM,2026-09-10,2026-10-10,30,IndiGo,6E 5094,2026-10-10 22:20,2026-10-11 00:05,105,0,6877.0,INR,,Economy,,Airbus A321neo,28 in,SerpApi Google Flights,2026-09-10T07:03:32.847Z,6aa2564071a41d58049d19ed,False
BLR,BOM,2026-09-10,2026-10-10,30,Air India,AI 2642,2026-10-10 21:30,2026-10-10 23:35,125,0,7037.0,INR,,Economy,,Airbus A320neo,28 in,SerpApi Google Flights,2026-09-10T07:03:32.847Z,6aa2564071a41d58049d19ed,False
BLR,BOM,2026-09-10,2026-10-10,30,Akasa Air,QP 1134,2026-10-10 22:55,2026-10-11 00:45,110,0,7082.0,INR,,Economy,,Boeing 737MAX 8 Passenger,28 in,SerpApi Google Flights,2026-09-10T07:03:32.847Z,6aa2564071a41d58049d19ed,False
BLR,BOM,2026-09-10,2026-10-10,30,IndiGo,6E 5255,2026-10-10 17:25,2026-10-10 19:05,100,0,7192.0,INR,,Economy,,Airbus A321neo,28 in,SerpApi Google Flights,2026-09-10T07:03:32.847Z,6aa2564071a41d58049d19ed,False
BLR,BOM,2026-09-10,2026-10-10,30,IndiGo,6E 5376,2026-10-10 20:15,2026-10-10 22:00,105,0,7192.0,INR,,Economy,,Airbus A321neo,28 in,SerpApi Google Flights,2026-09-10T07:03:32.847Z,6aa2564071a41d58049d19ed,False
BLR,BOM,2026-09-10,2026-10-10,30,Air India,AI 2840,2026-10-10 22:30,2026-10-11 00:35,125,0,7331.0,INR,,Economy,,Airbus A320neo,28 in,SerpApi Google Flights,2026-09-10T07:03:32.847Z,6aa2564071a41d58049d19ed,False
BLR,BOM,2026-09-10,2026-10-10,30,Air India,AI 2850,2026-10-10 20:30,2026-10-10 22:40,130,0,7472.0,INR,,Economy,,Airbus A320neo,28 in,SerpApi Google Flights,2026-09-10T07:03:32.847Z,6aa2564071a41d58049d19ed,False
BLR,BOM,2026-09-10,2026-10-10,30,IndiGo,6E 5216,2026-10-10 07:25,2026-10-10 09:10,105,0,7507.0,INR,,Economy,,Airbus A321neo,28 in,SerpApi Google Flights,2026-09-10T07:03:32.847Z,6aa2564071a41d58049d19ed,False
BLR,BOM,2026-09-10,2026-10-10,30,IndiGo,6E 5051,2026-10-10 08:30,2026-10-10 10:15,105,0,7507.0,INR,,Economy,,Airbus A321neo,28 in,SerpApi Google Flights,2026-09-10T07:03:32.847Z,6aa2564071a41d58049d19ed,False
BLR,BOM,2026-09-10,2026-10-10,30,IndiGo,6E 5069,2026-10-10 11:30,2026-10-10 13:20,110,0,7507.0,INR,,Economy,,Airbus A321neo,28 in,SerpApi Google Flights,2026-09-10T07:03:32.847Z,6aa2564071a41d58049d19ed,False
BLR,BOM,2026-09-10,2026-10-10,30,IndiGo,6E 5218,2026-10-10 13:00,2026-10-10 14:50,110,0,7507.0,INR,,Economy,,Airbus A321neo,28 in,SerpApi Google Flights,2026-09-10T07:03:32.847Z,6aa2564071a41d58049d19ed,False
BLR,BOM,2026-09-10,2026-10-10,30,IndiGo,6E 5031,2026-10-10 16:00,2026-10-10 17:45,105,0,7507.0,INR,,Economy,,Airbus A321neo,28 in,SerpApi Google Flights,2026-09-10T07:03:32.847Z,6aa2564071a41d58049d19ed,False
BLR,BOM,2026-09-10,2026-10-10,30,IndiGo,6E 6283,2026-10-10 19:05,2026-10-10 20:40,95,0,7507.0,INR,,Economy,,Airbus A321neo,28 in,SerpApi Google Flights,2026-09-10T07:03:32.847Z,6aa2564071a41d58049d19ed,False
BLR,BOM,2026-09-10,2026-10-10,30,Air India,AI 2610,2026-10-10 19:00,2026-10-10 21:05,125,0,7593.0,INR,,Economy,,Airbus A320neo,28 in,SerpApi Google Flights,2026-09-10T07:03:32.847Z,6aa2564071a41d58049d19ed,False
BLR,BOM,2026-09-10,2026-10-10,30,Air India,AI 2402,2026-10-10 06:35,2026-10-10 08:35,120,0,7667.0,INR,,Economy,,Airbus A320neo,28 in,SerpApi Google Flights,2026-09-10T07:03:32.847Z,6aa2564071a41d58049d19ed,False
BLR,BOM,2026-09-10,2026-10-10,30,Air India,AI 2630,2026-10-10 12:05,2026-10-10 14:05,120,0,7793.0,INR,,Economy,,Airbus A320neo,28 in,SerpApi Google Flights,2026-09-10T07:03:32.847Z,6aa2564071a41d58049d19ed,False
BLR,BOM,2026-09-10,2026-10-10,30,Air India,AI 2852,2026-10-10 10:30,2026-10-10 12:35,125,0,7856.0,INR,,Economy,,Airbus A320neo,28 in,SerpApi Google Flights,2026-09-10T07:03:32.847Z,6aa2564071a41d58049d19ed,False
BLR,BOM,2026-09-10,2026-10-10,30,Air India,AI 2854,2026-10-10 18:05,2026-10-10 20:05,120,0,7919.0,INR,,Economy,,Airbus A320neo,28 in,SerpApi Google Flights,2026-09-10T07:03:32.847Z,6aa2564071a41d58049d19ed,False
BLR,BOM,2026-09-10,2026-10-10,30,Akasa Air,QP 1517,2026-10-10 05:00,2026-10-10 06:50,110,0,7933.0,INR,,Economy,,Boeing 737MAX 8 Passenger,28 in,SerpApi Google Flights,2026-09-10T07:03:32.847Z,6aa2564071a41d58049d19ed,False
BLR,BOM,2026-09-10,2026-10-10,30,Akasa Air,QP 1515,2026-10-10 06:00,2026-10-10 07:35,95,0,7933.0,INR,,Economy,,Boeing 737MAX 8 Passenger,28 in,SerpApi Google Flights,2026-09-10T07:03:32.847Z,6aa2564071a41d58049d19ed,False
BLR,BOM,2026-09-10,2026-10-10,30,IndiGo,6E 5237,2026-10-10 10:15,2026-10-10 12:05,110,0,8347.0,INR,,Economy,,Airbus A321neo,28 in,SerpApi Google Flights,2026-09-10T07:03:32.847Z,6aa2564071a41d58049d19ed,False
BLR,BOM,2026-09-10,2026-10-10,30,IndiGo,6E 5351,2026-10-10 14:20,2026-10-10 16:05,105,0,8347.0,INR,,Economy,,Airbus A321neo,28 in,SerpApi Google Flights,2026-09-10T07:03:32.847Z,6aa2564071a41d58049d19ed,False
BLR,BOM,2026-09-10,2026-10-10,30,Air India,AI 2604,2026-10-10 09:15,2026-10-10 11:15,120,0,8648.0,INR,,Economy,,Airbus A320neo,28 in,SerpApi Google Flights,2026-09-10T07:03:32.847Z,6aa2564071a41d58049d19ed,False
BLR,BOM,2026-09-10,2026-10-25,45,IndiGo,6E 5051,2026-10-25 08:30,2026-10-25 10:20,110,0,6877.0,INR,,Economy,,Airbus A321neo,28 in,SerpApi Google Flights,2026-09-10T07:03:36.783Z,6aa25646998aad2acb6ec2d2,False
BLR,BOM,2026-09-10,2026-10-25,45,IndiGo,6E 5205,2026-10-25 03:20,2026-10-25 05:15,115,0,6877.0,INR,,Economy,,Airbus A321neo,28 in,SerpApi Google Flights,2026-09-10T07:03:36.783Z,6aa25646998aad2acb6ec2d2,False
BLR,BOM,2026-09-10,2026-10-25,45,IndiGo,6E 5089,2026-10-25 04:45,2026-10-25 06:40,115,0,6877.0,INR,,Economy,,Airbus A321neo,28 in,SerpApi Google Flights,2026-09-10T07:03:36.783Z,6aa25646998aad2acb6ec2d2,False
BLR,BOM,2026-09-10,2026-10-25,45,IndiGo,6E 5216,2026-10-25 07:00,2026-10-25 08:55,115,0,6877.0,INR,,Economy,,Airbus A321neo,28 in,SerpApi Google Flights,2026-09-10T07:03:36.783Z,6aa25646998aad2acb6ec2d2,False
BLR,BOM,2026-09-10,2026-10-25,45,SpiceJet,SG 269,2026-10-25 21:05,2026-10-25 23:00,115,0,6998.0,INR,,Economy,,Boeing 737,29 in,SerpApi Google Flights,2026-09-10T07:03:36.783Z,6aa25646998aad2acb6ec2d2,False
BLR,BOM,2026-09-10,2026-10-25,45,SpiceJet,SG 115,2026-10-25 07:30,2026-10-25 09:30,120,0,6998.0,INR,,Economy,,Boeing 737,29 in,SerpApi Google Flights,2026-09-10T07:03:36.783Z,6aa25646998aad2acb6ec2d2,False
BLR,BOM,2026-09-10,2026-10-25,45,SpiceJet,SG 640,2026-10-25 08:30,2026-10-25 10:30,120,0,6998.0,INR,,Economy,,Boeing 737,29 in,SerpApi Google Flights,2026-09-10T07:03:36.783Z,6aa25646998aad2acb6ec2d2,False
BLR,BOM,2026-09-10,2026-10-25,45,IndiGo,6E 6189,2026-10-25 23:30,2026-10-26 01:30,120,0,7192.0,INR,,Economy,,Airbus A321neo,28 in,SerpApi Google Flights,2026-09-10T07:03:36.783Z,6aa25646998aad2acb6ec2d2,False
BLR,BOM,2026-09-10,2026-10-25,45,Air India,AI 2846,2026-10-25 08:30,2026-10-25 10:20,110,0,7262.0,INR,,Economy,,Airbus A321,29 in,SerpApi Google Flights,2026-09-10T07:03:36.783Z,6aa25646998aad2acb6ec2d2,False
BLR,BOM,2026-09-10,2026-10-25,45,Air India Express,IX 1548,2026-10-25 17:00,2026-10-25 18:45,105,0,7297.0,INR,,Economy,,Airbus A320,28 in,SerpApi Google Flights,2026-09-10T07:03:36.783Z,6aa25646998aad2acb6ec2d2,False
BLR,BOM,2026-09-10,2026-10-25,45,Akasa Air,QP 1335,2026-10-25 05:10,2026-10-25 07:00,110,0,7352.0,INR,,Economy,,Boeing 737MAX 8 Passenger,,SerpApi Google Flights,2026-09-10T07:03:36.783Z,6aa25646998aad2acb6ec2d2,False
BLR,BOM,2026-09-10,2026-10-25,45,Akasa Air,QP 1331,2026-10-25 06:00,2026-10-25 07:55,115,0,7352.0,INR,,Economy,,Boeing 737MAX 8 Passenger,,SerpApi Google Flights,2026-09-10T07:03:36.783Z,6aa25646998aad2acb6ec2d2,False
BLR,BOM,2026-09-10,2026-10-25,45,IndiGo,6E 5256,2026-10-25 09:55,2026-10-25 11:45,110,0,7507.0,INR,,Economy,,Airbus A321neo,28 in,SerpApi Google Flights,2026-09-10T07:03:36.783Z,6aa25646998aad2acb6ec2d2,False
BLR,BOM,2026-09-10,2026-10-25,45,IndiGo,6E 5069,2026-10-25 12:15,2026-10-25 14:15,120,0,7507.0,INR,,Economy,,Airbus A321neo,28 in,SerpApi Google Flights,2026-09-10T07:03:36.783Z,6aa25646998aad2acb6ec2d2,False
BLR,BOM,2026-09-10,2026-10-25,45,Air India,AI 2402,2026-10-25 07:15,2026-10-25 09:15,120,0,7714.0,INR,,Economy,,Airbus A320neo,28 in,SerpApi Google Flights,2026-09-10T07:03:36.783Z,6aa25646998aad2acb6ec2d2,False
BLR,BOM,2026-09-10,2026-10-25,45,IndiGo,6E 5218,2026-10-25 13:40,2026-10-25 15:35,115,0,7927.0,INR,,Economy,,Airbus A321neo,28 in,SerpApi Google Flights,2026-09-10T07:03:36.783Z,6aa25646998aad2acb6ec2d2,False
BLR,BOM,2026-09-10,2026-10-25,45,IndiGo,6E 5031,2026-10-25 16:15,2026-10-25 18:10,115,0,7927.0,INR,,Economy,,Airbus A321neo,28 in,SerpApi Google Flights,2026-09-10T07:03:36.783Z,6aa25646998aad2acb6ec2d2,False
BLR,BOM,2026-09-10,2026-10-25,45,IndiGo,6E 5255,2026-10-25 17:35,2026-10-25 19:30,115,0,7927.0,INR,,Economy,,Airbus A321neo,28 in,SerpApi Google Flights,2026-09-10T07:03:36.783Z,6aa25646998aad2acb6ec2d2,False
BLR,BOM,2026-09-10,2026-10-25,45,IndiGo,6E 5082,2026-10-25 19:00,2026-10-25 20:55,115,0,7927.0,INR,,Economy,,Airbus A321neo,28 in,SerpApi Google Flights,2026-09-10T07:03:36.783Z,6aa25646998aad2acb6ec2d2,False
BLR,BOM,2026-09-10,2026-10-25,45,IndiGo,6E 5376,2026-10-25 20:15,2026-10-25 22:10,115,0,7927.0,INR,,Economy,,Airbus A321neo,28 in,SerpApi Google Flights,2026-09-10T07:03:36.783Z,6aa25646998aad2acb6ec2d2,False
BLR,BOM,2026-09-10,2026-10-25,45,IndiGo,6E 5094,2026-10-25 22:00,2026-10-25 23:55,115,0,7927.0,INR,,Economy,,Airbus A321neo,28 in,SerpApi Google Flights,2026-09-10T07:03:36.783Z,6aa25646998aad2acb6ec2d2,False
BLR,BOM,2026-09-10,2026-10-25,45,Akasa Air,QP 1134,2026-10-25 21:45,2026-10-25 23:40,115,0,7933.0,INR,,Economy,,Boeing 737MAX 8 Passenger,,SerpApi Google Flights,2026-09-10T07:03:36.783Z,6aa25646998aad2acb6ec2d2,False
BLR,BOM,2026-09-10,2026-10-25,45,Air India,AI 2624,2026-10-25 13:30,2026-10-25 15:35,125,0,8160.0,INR,,Economy,,Airbus A321,31 in,SerpApi Google Flights,2026-09-10T07:03:36.783Z,6aa25646998aad2acb6ec2d2,False
BLR,BOM,2026-09-10,2026-10-25,45,Air India,AI 2622,2026-10-25 16:30,2026-10-25 18:35,125,0,8160.0,INR,,Economy,,Airbus A321,31 in,SerpApi Google Flights,2026-09-10T07:03:36.783Z,6aa25646998aad2acb6ec2d2,False
BLR,BOM,2026-09-10,2026-10-25,45,Air India,AI 2642,2026-10-25 21:45,2026-10-25 23:50,125,0,8160.0,INR,,Economy,,Airbus A320neo,28 in,SerpApi Google Flights,2026-09-10T07:03:36.783Z,6aa25646998aad2acb6ec2d2,False
BLR,BOM,2026-09-10,2026-10-25,45,Air India,AI 2604,2026-10-25 09:00,2026-10-25 11:00,120,0,8302.0,INR,,Economy,,Airbus A320neo,28 in,SerpApi Google Flights,2026-09-10T07:03:36.783Z,6aa25646998aad2acb6ec2d2,False
BLR,BOM,2026-09-10,2026-10-25,45,IndiGo,6E 5351,2026-10-25 15:00,2026-10-25 16:55,115,0,8347.0,INR,,Economy,,Airbus A321neo,28 in,SerpApi Google Flights,2026-09-10T07:03:36.783Z,6aa25646998aad2acb6ec2d2,False
BLR,BOM,2026-09-10,2026-10-25,45,Air India,AI 2610,2026-10-25 19:00,2026-10-25 21:00,120,0,8507.0,INR,,Economy,,Airbus A320neo,28 in,SerpApi Google Flights,2026-09-10T07:03:36.783Z,6aa25646998aad2acb6ec2d2,False
BLR,BOM,2026-09-10,2026-10-25,45,Air India,AI 2483,2026-10-25 14:45,2026-10-25 16:50,125,0,8643.0,INR,,Economy,,Airbus A320neo,28 in,SerpApi Google Flights,2026-09-10T07:03:36.783Z,6aa25646998aad2acb6ec2d2,False
BLR,BOM,2026-09-10,2026-10-25,45,Air India,AI 2850,2026-10-25 20:15,2026-10-25 22:15,120,0,8790.0,INR,,Economy,,Airbus A320neo,28 in,SerpApi Google Flights,2026-09-10T07:03:36.783Z,6aa25646998aad2acb6ec2d2,False
BLR,BOM,2026-09-10,2026-10-25,45,Air India,AI 2854,2026-10-25 15:30,2026-10-25 17:30,120,0,9158.0,INR,,Economy,,Airbus A320neo,28 in,SerpApi Google Flights,2026-09-10T07:03:36.783Z,6aa25646998aad2acb6ec2d2,False
BLR,BOM,2026-09-10,2026-10-25,45,Air India,AI 2852,2026-10-25 10:20,2026-10-25 12:20,120,0,9310.0,INR,,Economy,,Airbus A320neo,28 in,SerpApi Google Flights,2026-09-10T07:03:36.783Z,6aa25646998aad2acb6ec2d2,False
BLR,BOM,2026-09-10,2026-10-25,45,IndiGo,6E 6334,2026-10-25 01:00,2026-10-25 02:55,115,0,16642.0,INR,,Economy,,Airbus A321neo,28 in,SerpApi Google Flights,2026-09-10T07:03:36.783Z,6aa25646998aad2acb6ec2d2,True
BLR,DEL,2026-09-10,2026-09-11,1,IndiGo,6E 840,2026-09-11 13:55,2026-09-11 16:45,170,0,10273.0,INR,,Economy,,Airbus A321neo,28 in,SerpApi Google Flights,2026-09-10T07:02:34.312Z,6aa256086539a228734e9cdb,False
BLR,DEL,2026-09-10,2026-09-11,1,Air India,AI 2804,2026-09-11 10:00,2026-09-11 13:00,180,0,10431.0,INR,,Economy,,Airbus A320neo,28 in,SerpApi Google Flights,2026-09-10T07:02:34.312Z,6aa256086539a228734e9cdb,False
BLR,DEL,2026-09-10,2026-09-11,1,Air India Express,IX 1040,2026-09-11 14:40,2026-09-11 17:30,170,0,10470.0,INR,,Economy,,Boeing 737MAX 8 Passenger,30 in,SerpApi Google Flights,2026-09-10T07:02:34.312Z,6aa256086539a228734e9cdb,False
BLR,DEL,2026-09-10,2026-09-11,1,Akasa Air,QP 1811,2026-09-11 04:10,2026-09-11 07:00,170,0,10512.0,INR,,Economy,,Boeing 737MAX 8 Passenger,28 in,SerpApi Google Flights,2026-09-10T07:02:34.312Z,6aa256086539a228734e9cdb,False
BLR,DEL,2026-09-10,2026-09-11,1,Air India,AI 2406,2026-09-11 11:00,2026-09-11 14:00,180,0,10520.0,INR,,Economy,,Airbus A321,29 in,SerpApi Google Flights,2026-09-10T07:02:34.312Z,6aa256086539a228734e9cdb,False
BLR,DEL,2026-09-10,2026-09-11,1,IndiGo,6E 809,2026-09-11 12:00,2026-09-11 14:50,170,0,10864.0,INR,,Economy,,Airbus A321neo,28 in,SerpApi Google Flights,2026-09-10T07:02:34.312Z,6aa256086539a228734e9cdb,False
BLR,DEL,2026-09-10,2026-09-11,1,Air India,AI 2511,2026-09-11 15:00,2026-09-11 18:00,180,0,10872.0,INR,,Economy,,Airbus A320neo,28 in,SerpApi Google Flights,2026-09-10T07:02:34.312Z,6aa256086539a228734e9cdb,False
BLR,DEL,2026-09-10,2026-09-11,1,Air India,AI 2486,2026-09-11 14:00,2026-09-11 16:45,165,0,11024.0,INR,,Economy,,Airbus A320neo,28 in,SerpApi Google Flights,2026-09-10T07:02:34.312Z,6aa256086539a228734e9cdb,False
BLR,DEL,2026-09-10,2026-09-11,1,Air India,AI 428,2026-09-11 15:30,2026-09-11 18:15,165,0,11024.0,INR,,Economy,,Boeing 787,33 in,SerpApi Google Flights,2026-09-10T07:02:34.312Z,6aa256086539a228734e9cdb,False
BLR,DEL,2026-09-10,2026-09-11,1,Akasa Air,QP 1359,2026-09-11 05:00,2026-09-11 07:50,170,0,11087.0,INR,,Economy,,Boeing 737MAX 8 Passenger,28 in,SerpApi Google Flights,2026-09-10T07:02:34.312Z,6aa256086539a228734e9cdb,False
BLR,DEL,2026-09-10,2026-09-11,1,Air India,AI 2868,2026-09-11 09:00,2026-09-11 12:00,180,0,11397.0,INR,,Economy,,Airbus A320neo,28 in,SerpApi Google Flights,2026-09-10T07:02:34.312Z,6aa256086539a228734e9cdb,False
BLR,DEL,2026-09-10,2026-09-11,1,IndiGo,6E 830,2026-09-11 09:30,2026-09-11 12:30,180,0,11494.0,INR,,Economy,,Airbus A321neo,28 in,SerpApi Google Flights,2026-09-10T07:02:34.312Z,6aa256086539a228734e9cdb,False
BLR,DEL,2026-09-10,2026-09-11,1,IndiGo,6E 869,2026-09-11 13:10,2026-09-11 16:05,175,0,11494.0,INR,,Economy,,Airbus A321neo,28 in,SerpApi Google Flights,2026-09-10T07:02:34.312Z,6aa256086539a228734e9cdb,False
BLR,DEL,2026-09-10,2026-09-11,1,Akasa Air,QP 1821,2026-09-11 13:10,2026-09-11 16:00,170,0,11695.0,INR,,Economy,,Boeing 737MAX 8 Passenger,28 in,SerpApi Google Flights,2026-09-10T07:02:34.312Z,6aa256086539a228734e9cdb,False
BLR,DEL,2026-09-10,2026-09-11,1,IndiGo,6E 844,2026-09-11 07:00,2026-09-11 09:50,170,0,12168.0,INR,,Economy,,Airbus A321neo,28 in,SerpApi Google Flights,2026-09-10T07:02:34.312Z,6aa256086539a228734e9cdb,False
BLR,DEL,2026-09-10,2026-09-11,1,IndiGo,6E 849,2026-09-11 08:15,2026-09-11 11:05,170,0,12168.0,INR,,Economy,,Airbus A321neo,28 in,SerpApi Google Flights,2026-09-10T07:02:34.312Z,6aa256086539a228734e9cdb,False
BLR,DEL,2026-09-10,2026-09-11,1,IndiGo,6E 175,2026-09-11 10:45,2026-09-11 13:35,170,0,12168.0,INR,,Economy,,Airbus A321neo,28 in,SerpApi Google Flights,2026-09-10T07:02:34.312Z,6aa256086539a228734e9cdb,False
BLR,DEL,2026-09-10,2026-09-11,1,Air India,AI 2810,2026-09-11 06:00,2026-09-11 08:45,165,0,12326.0,INR,,Economy,,Airbus A320neo,28 in,SerpApi Google Flights,2026-09-10T07:02:34.312Z,6aa256086539a228734e9cdb,False
BLR,DEL,2026-09-10,2026-09-11,1,IndiGo,6E 804,2026-09-11 03:00,2026-09-11 05:50,170,0,12886.0,INR,,Economy,,Airbus A321neo,28 in,SerpApi Google Flights,2026-09-10T07:02:34.312Z,6aa256086539a228734e9cdb,False
BLR,DEL,2026-09-10,2026-09-11,1,Air India,AI 2414,2026-09-11 05:30,2026-09-11 08:25,175,0,13271.0,INR,,Economy,,Airbus A320neo,28 in,SerpApi Google Flights,2026-09-10T07:02:34.312Z,6aa256086539a228734e9cdb,False
BLR,DEL,2026-09-10,2026-09-11,1,Air India,AI 2654,2026-09-11 07:00,2026-09-11 10:00,180,0,13612.0,INR,,Economy,,Airbus A320neo,28 in,SerpApi Google Flights,2026-09-10T07:02:34.312Z,6aa256086539a228734e9cdb,False
BLR,DEL,2026-09-10,2026-09-11,1,IndiGo,6E 860,2026-09-11 15:45,2026-09-11 18:35,170,0,14472.0,INR,,Economy,,Airbus A321neo,28 in,SerpApi Google Flights,2026-09-10T07:02:34.312Z,6aa256086539a228734e9cdb,False
BLR,DEL,2026-09-10,2026-09-11,1,Akasa Air,QP 1823,2026-09-11 06:05,2026-09-11 08:50,165,0,14528.0,INR,,Economy,,Boeing 737MAX 8 Passenger,28 in,SerpApi Google Flights,2026-09-10T07:02:34.312Z,6aa256086539a228734e9cdb,False
BLR,DEL,2026-09-10,2026-09-11,1,Air India,AI 2758,2026-09-11 00:15,2026-09-11 03:10,175,0,17902.0,INR,,Economy,,Airbus A320neo,28 in,SerpApi Google Flights,2026-09-10T07:02:34.312Z,6aa256086539a228734e9cdb,False
BLR,DEL,2026-09-10,2026-09-11,1,Air India,AI 2418,2026-09-11 16:30,2026-09-11 19:25,175,0,17902.0,INR,,Economy,,Airbus A320neo,28 in,SerpApi Google Flights,2026-09-10T07:02:34.312Z,6aa256086539a228734e9cdb,False
BLR,DEL,2026-09-10,2026-09-11,1,IndiGo,6E 6039,2026-09-11 17:00,2026-09-11 19:50,170,0,19469.0,INR,,Economy,,Airbus A321neo,28 in,SerpApi Google Flights,2026-09-10T07:02:34.312Z,6aa256086539a228734e9cdb,False
BLR,DEL,2026-09-10,2026-09-11,1,IndiGo,6E 2313,2026-09-11 23:30,2026-09-12 02:20,170,0,19469.0,INR,,Economy,,Airbus A321neo,28 in,SerpApi Google Flights,2026-09-10T07:02:34.312Z,6aa256086539a228734e9cdb,False
BLR,DEL,2026-09-10,2026-09-11,1,Akasa Air,QP 1307,2026-09-11 17:20,2026-09-11 20:15,175,0,19778.0,INR,,Economy,,Boeing 737MAX 8 Passenger,28 in,SerpApi Google Flights,2026-09-10T07:02:34.312Z,6aa256086539a228734e9cdb,False
BLR,DEL,2026-09-10,2026-09-11,1,Air India,AI 2820,2026-09-11 17:25,2026-09-11 20:30,185,0,20810.0,INR,,Economy,,Airbus A320neo,28 in,SerpApi Google Flights,2026-09-10T07:02:34.312Z,6aa256086539a228734e9cdb,False
BLR,DEL,2026-09-10,2026-09-11,1,IndiGo,6E 870,2026-09-11 19:30,2026-09-11 22:15,165,0,21971.0,INR,,Economy,,Airbus A321neo,28 in,SerpApi Google Flights,2026-09-10T07:02:34.312Z,6aa256086539a228734e9cdb,False
BLR,DEL,2026-09-10,2026-09-11,1,IndiGo,6E 6406,2026-09-11 22:00,2026-09-12 00:50,170,0,21971.0,INR,,Economy,,Airbus A321neo,28 in,SerpApi Google Flights,2026-09-10T07:02:34.312Z,6aa256086539a228734e9cdb,False
BLR,DEL,2026-09-10,2026-09-11,1,Air India Express,IX 5976,2026-09-11 01:15,2026-09-11 04:10,175,0,22167.0,INR,,Economy,,Airbus A320neo,28 in,SerpApi Google Flights,2026-09-10T07:02:34.312Z,6aa256086539a228734e9cdb,False
BLR,DEL,2026-09-10,2026-09-11,1,Air India,AI 2802,2026-09-11 18:20,2026-09-11 21:10,170,0,24679.0,INR,,Economy,,Airbus A320neo,28 in,SerpApi Google Flights,2026-09-10T07:02:34.312Z,6aa256086539a228734e9cdb,False
BLR,DEL,2026-09-10,2026-09-11,1,Air India,AI 2665,2026-09-11 19:40,2026-09-11 22:40,180,0,24679.0,INR,,Economy,,Airbus A321,29 in,SerpApi Google Flights,2026-09-10T07:02:34.312Z,6aa256086539a228734e9cdb,False
BLR,DEL,2026-09-10,2026-09-11,1,Air India,AI 2488,2026-09-11 22:30,2026-09-12 01:25,175,0,24679.0,INR,,Economy,,Airbus A320neo,28 in,SerpApi Google Flights,2026-09-10T07:02:34.312Z,6aa256086539a228734e9cdb,False
BLR,DEL,2026-09-10,2026-09-17,7,IndiGo,6E 840,2026-09-17 13:55,2026-09-17 16:45,170,0,8259.0,INR,,Economy,,Airbus A321neo,28 in,SerpApi Google Flights,2026-09-10T07:02:38.023Z,6aa2560cd868dd9c9fc70945,False
BLR,DEL,2026-09-10,2026-09-17,7,IndiGo,6E 836,2026-09-17 05:05,2026-09-17 07:55,170,0,8259.0,INR,,Economy,,Airbus A321neo,28 in,SerpApi Google Flights,2026-09-10T07:02:38.023Z,6aa2560cd868dd9c9fc70945,False
BLR,DEL,2026-09-10,2026-09-17,7,IndiGo,6E 809,2026-09-17 12:00,2026-09-17 14:50,170,0,8259.0,INR,,Economy,,Airbus A321neo,28 in,SerpApi Google Flights,2026-09-10T07:02:38.023Z,6aa2560cd868dd9c9fc70945,False
BLR,DEL,2026-09-10,2026-09-17,7,IndiGo,6E 860,2026-09-17 15:45,2026-09-17 18:35,170,0,8259.0,INR,,Economy,,Airbus A321neo,28 in,SerpApi Google Flights,2026-09-10T07:02:38.023Z,6aa2560cd868dd9c9fc70945,False
BLR,DEL,2026-09-10,2026-09-17,7,Air India Express,IX 5976,2026-09-17 01:15,2026-09-17 04:10,175,0,8656.0,INR,,Economy,,Airbus A320neo,28 in,SerpApi Google Flights,2026-09-10T07:02:38.023Z,6aa2560cd868dd9c9fc70945,False
BLR,DEL,2026-09-10,2026-09-17,7,Akasa Air,QP 1811,2026-09-17 04:10,2026-09-17 07:00,170,0,8714.0,INR,,Economy,,Boeing 737MAX 8 Passenger,28 in,SerpApi Google Flights,2026-09-10T07:02:38.023Z,6aa2560cd868dd9c9fc70945,False
BLR,DEL,2026-09-10,2026-09-17,7,IndiGo,6E 804,2026-09-17 03:00,2026-09-17 05:50,170,0,8715.0,INR,,Economy,,Airbus A321neo,28 in,SerpApi Google Flights,2026-09-10T07:02:38.023Z,6aa2560cd868dd9c9fc70945,False
BLR,DEL,2026-09-10,2026-09-17,7,IndiGo,6E 844,2026-09-17 07:00,2026-09-17 09:50,170,0,8715.0,INR,,Economy,,Airbus A321neo,28 in,SerpApi Google Flights,2026-09-10T07:02:38.023Z,6aa2560cd868dd9c9fc70945,False
BLR,DEL,2026-09-10,2026-09-17,7,IndiGo,6E 849,2026-09-17 08:15,2026-09-17 11:05,170,0,8715.0,INR,,Economy,,Airbus A321neo,28 in,SerpApi Google Flights,2026-09-10T07:02:38.023Z,6aa2560cd868dd9c9fc70945,False
BLR,DEL,2026-09-10,2026-09-17,7,IndiGo,6E 830,2026-09-17 09:30,2026-09-17 12:30,180,0,8715.0,INR,,Economy,,Airbus A321neo,28 in,SerpApi Google Flights,2026-09-10T07:02:38.023Z,6aa2560cd868dd9c9fc70945,False
BLR,DEL,2026-09-10,2026-09-17,7,IndiGo,6E 175,2026-09-17 10:45,2026-09-17 13:35,170,0,8715.0,INR,,Economy,,Airbus A321neo,28 in,SerpApi Google Flights,2026-09-10T07:02:38.024Z,6aa2560cd868dd9c9fc70945,False
BLR,DEL,2026-09-10,2026-09-17,7,IndiGo,6E 869,2026-09-17 13:10,2026-09-17 16:05,175,0,8715.0,INR,,Economy,,Airbus A321neo,28 in,SerpApi Google Flights,2026-09-10T07:02:38.024Z,6aa2560cd868dd9c9fc70945,False
BLR,DEL,2026-09-10,2026-09-17,7,IndiGo,6E 6039,2026-09-17 17:00,2026-09-17 19:50,170,0,8715.0,INR,,Economy,,Airbus A321neo,28 in,SerpApi Google Flights,2026-09-10T07:02:38.024Z,6aa2560cd868dd9c9fc70945,False
BLR,DEL,2026-09-10,2026-09-17,7,IndiGo,6E 6034,2026-09-17 18:15,2026-09-17 21:05,170,0,8715.0,INR,,Economy,,Airbus A321neo,28 in,SerpApi Google Flights,2026-09-10T07:02:38.024Z,6aa2560cd868dd9c9fc70945,False
BLR,DEL,2026-09-10,2026-09-17,7,Air India,AI 2414,2026-09-17 05:30,2026-09-17 08:25,175,0,8725.0,INR,,Economy,,Airbus A320neo,28 in,SerpApi Google Flights,2026-09-10T07:02:38.023Z,6aa2560cd868dd9c9fc70945,False
BLR,DEL,2026-09-10,2026-09-17,7,Akasa Air,QP 1359,2026-09-17 05:00,2026-09-17 07:50,170,0,8855.0,INR,,Economy,,Boeing 737MAX 8 Passenger,28 in,SerpApi Google Flights,2026-09-10T07:02:38.024Z,6aa2560cd868dd9c9fc70945,False
BLR,DEL,2026-09-10,2026-09-17,7,Air India,AI 2810,2026-09-17 06:00,2026-09-17 08:45,165,0,8872.0,INR,,Economy,,Airbus A320neo,28 in,SerpApi Google Flights,2026-09-10T07:02:38.024Z,6aa2560cd868dd9c9fc70945,False
BLR,DEL,2026-09-10,2026-09-17,7,Air India Express,IX 1040,2026-09-17 14:40,2026-09-17 17:30,170,0,8912.0,INR,,Economy,,Boeing 737MAX 8 Passenger,30 in,SerpApi Google Flights,2026-09-10T07:02:38.024Z,6aa2560cd868dd9c9fc70945,False
BLR,DEL,2026-09-10,2026-09-17,7,Akasa Air,QP 1823,2026-09-17 06:05,2026-09-17 08:50,165,0,9141.0,INR,,Economy,,Boeing 737MAX 8 Passenger,28 in,SerpApi Google Flights,2026-09-10T07:02:38.024Z,6aa2560cd868dd9c9fc70945,False
BLR,DEL,2026-09-10,2026-09-17,7,Air India,AI 2511,2026-09-17 15:00,2026-09-17 18:00,180,0,9360.0,INR,,Economy,,Airbus A320neo,28 in,SerpApi Google Flights,2026-09-10T07:02:38.024Z,6aa2560cd868dd9c9fc70945,False
BLR,DEL,2026-09-10,2026-09-17,7,Air India,AI 428,2026-09-17 15:30,2026-09-17 18:15,165,0,9360.0,INR,,Economy,,Boeing 787,33 in,SerpApi Google Flights,2026-09-10T07:02:38.024Z,6aa2560cd868dd9c9fc70945,False
BLR,DEL,2026-09-10,2026-09-17,7,Air India,AI 2418,2026-09-17 16:30,2026-09-17 19:25,175,0,9591.0,INR,,Economy,,Airbus A320neo,28 in,SerpApi Google Flights,2026-09-10T07:02:38.024Z,6aa2560cd868dd9c9fc70945,False
BLR,DEL,2026-09-10,2026-09-17,7,IndiGo,6E 2313,2026-09-17 23:30,2026-09-18 02:20,170,0,9720.0,INR,,Economy,,Airbus A321neo,28 in,SerpApi Google Flights,2026-09-10T07:02:38.024Z,6aa2560cd868dd9c9fc70945,False
BLR,DEL,2026-09-10,2026-09-17,7,Air India,AI 2758,2026-09-17 00:15,2026-09-17 03:10,175,0,9727.0,INR,,Economy,,Airbus A320neo,28 in,SerpApi Google Flights,2026-09-10T07:02:38.024Z,6aa2560cd868dd9c9fc70945,False
BLR,DEL,2026-09-10,2026-09-17,7,Akasa Air,QP 1307,2026-09-17 17:20,2026-09-17 20:15,175,0,9798.0,INR,,Economy,,Boeing 737MAX 8 Passenger,28 in,SerpApi Google Flights,2026-09-10T07:02:38.024Z,6aa2560cd868dd9c9fc70945,False
BLR,DEL,2026-09-10,2026-09-17,7,Air India,AI 2804,2026-09-17 10:00,2026-09-17 13:00,180,0,9880.0,INR,,Economy,,Airbus A320neo,28 in,SerpApi Google Flights,2026-09-10T07:02:38.024Z,6aa2560cd868dd9c9fc70945,False
BLR,DEL,2026-09-10,2026-09-17,7,Air India,AI 2406,2026-09-17 11:00,2026-09-17 14:00,180,0,9880.0,INR,,Economy,,Airbus A321,29 in,SerpApi Google Flights,2026-09-10T07:02:38.024Z,6aa2560cd868dd9c9fc70945,False
BLR,DEL,2026-09-10,2026-09-17,7,Air India,AI 2486,2026-09-17 14:00,2026-09-17 16:45,165,0,9880.0,INR,,Economy,,Airbus A320neo,28 in,SerpApi Google Flights,2026-09-10T07:02:38.024Z,6aa2560cd868dd9c9fc70945,False
BLR,DEL,2026-09-10,2026-09-17,7,IndiGo,6E 6406,2026-09-17 22:00,2026-09-18 00:50,170,0,10273.0,INR,,Economy,,Airbus A321neo,28 in,SerpApi Google Flights,2026-09-10T07:02:38.024Z,6aa2560cd868dd9c9fc70945,False
BLR,DEL,2026-09-10,2026-09-17,7,Air India,AI 2868,2026-09-17 09:00,2026-09-17 12:00,180,0,10609.0,INR,,Economy,,Airbus A320neo,28 in,SerpApi Google Flights,2026-09-10T07:02:38.024Z,6aa2560cd868dd9c9fc70945,False
BLR,DEL,2026-09-10,2026-09-17,7,IndiGo,6E 870,2026-09-17 19:30,2026-09-17 22:15,165,0,10864.0,INR,,Economy,,Airbus A321neo,28 in,SerpApi Google Flights,2026-09-10T07:02:38.024Z,6aa2560cd868dd9c9fc70945,False
BLR,DEL,2026-09-10,2026-09-17,7,IndiGo,6E 817,2026-09-17 20:40,2026-09-17 23:30,170,0,10864.0,INR,,Economy,,Airbus A321neo,28 in,SerpApi Google Flights,2026-09-10T07:02:38.024Z,6aa2560cd868dd9c9fc70945,False
BLR,DEL,2026-09-10,2026-09-17,7,Air India,AI 2820,2026-09-17 17:25,2026-09-17 20:30,185,0,11024.0,INR,,Economy,,Airbus A320neo,28 in,SerpApi Google Flights,2026-09-10T07:02:38.024Z,6aa2560cd868dd9c9fc70945,False
BLR,DEL,2026-09-10,2026-09-17,7,Air India,AI 2488,2026-09-17 22:30,2026-09-18 01:25,175,0,11854.0,INR,,Economy,,Airbus A320neo,28 in,SerpApi Google Flights,2026-09-10T07:02:38.024Z,6aa2560cd868dd9c9fc70945,False
BLR,DEL,2026-09-10,2026-09-17,7,Air India,AI 2654,2026-09-17 07:00,2026-09-17 10:00,180,0,12326.0,INR,,Economy,,Airbus A320neo,28 in,SerpApi Google Flights,2026-09-10T07:02:38.024Z,6aa2560cd868dd9c9fc70945,False
BLR,DEL,2026-09-10,2026-09-17,7,Air India,AI 2665,2026-09-17 19:40,2026-09-17 22:40,180,0,12541.0,INR,,Economy,,Airbus A321,29 in,SerpApi Google Flights,2026-09-10T07:02:38.024Z,6aa2560cd868dd9c9fc70945,True
BLR,DEL,2026-09-10,2026-09-17,7,Air India,AI 2802,2026-09-17 18:20,2026-09-17 21:10,170,0,13271.0,INR,,Economy,,Airbus A320neo,28 in,SerpApi Google Flights,2026-09-10T07:02:38.024Z,6aa2560cd868dd9c9fc70945,True
BLR,DEL,2026-09-10,2026-09-17,7,Air India,AI 2818,2026-09-17 20:00,2026-09-17 22:45,165,0,13843.0,INR,,Economy,,Airbus A320neo,28 in,SerpApi Google Flights,2026-09-10T07:02:38.024Z,6aa2560cd868dd9c9fc70945,True
BLR,DEL,2026-09-10,2026-09-25,15,IndiGo,6E 836,2026-09-25 05:05,2026-09-25 07:55,170,0,9201.0,INR,,Economy,,Airbus A321neo,28 in,SerpApi Google Flights,2026-09-10T07:02:46.107Z,6aa2560f7af899e16a13ada8,False
BLR,DEL,2026-09-10,2026-09-25,15,IndiGo,6E 869,2026-09-25 13:10,2026-09-25 16:05,175,0,9201.0,INR,,Economy,,Airbus A321neo,28 in,SerpApi Google Flights,2026-09-10T07:02:46.107Z,6aa2560f7af899e16a13ada8,False
BLR,DEL,2026-09-10,2026-09-25,15,Air India Express,IX 1040,2026-09-25 14:40,2026-09-25 17:30,170,0,9211.0,INR,,Economy,,Boeing 737MAX 8 Passenger,30 in,SerpApi Google Flights,2026-09-10T07:02:46.107Z,6aa2560f7af899e16a13ada8,False
BLR,DEL,2026-09-10,2026-09-25,15,Air India Express,IX 5976,2026-09-25 01:15,2026-09-25 04:10,175,0,9211.0,INR,,Economy,,Airbus A320neo,28 in,SerpApi Google Flights,2026-09-10T07:02:46.107Z,6aa2560f7af899e16a13ada8,False
BLR,DEL,2026-09-10,2026-09-25,15,Akasa Air,QP 1811,2026-09-25 04:10,2026-09-25 07:00,170,0,9299.0,INR,,Economy,,Boeing 737MAX 8 Passenger,28 in,SerpApi Google Flights,2026-09-10T07:02:46.107Z,6aa2560f7af899e16a13ada8,False
BLR,DEL,2026-09-10,2026-09-25,15,Air India,AI 2486,2026-09-25 14:00,2026-09-25 16:45,165,0,9360.0,INR,,Economy,,Airbus A320neo,28 in,SerpApi Google Flights,2026-09-10T07:02:46.107Z,6aa2560f7af899e16a13ada8,False
BLR,DEL,2026-09-10,2026-09-25,15,Air India,AI 428,2026-09-25 15:30,2026-09-25 18:15,165,0,9360.0,INR,,Economy,,Boeing 787,33 in,SerpApi Google Flights,2026-09-10T07:02:46.107Z,6aa2560f7af899e16a13ada8,False
BLR,DEL,2026-09-10,2026-09-25,15,Akasa Air,QP 1359,2026-09-25 05:00,2026-09-25 07:50,170,0,9462.0,INR,,Economy,,Boeing 737MAX 8 Passenger,28 in,SerpApi Google Flights,2026-09-10T07:02:46.107Z,6aa2560f7af899e16a13ada8,False
BLR,DEL,2026-09-10,2026-09-25,15,IndiGo,6E 804,2026-09-25 03:00,2026-09-25 05:50,170,0,9720.0,INR,,Economy,,Airbus A321neo,28 in,SerpApi Google Flights,2026-09-10T07:02:46.107Z,6aa2560f7af899e16a13ada8,False
BLR,DEL,2026-09-10,2026-09-25,15,IndiGo,6E 849,2026-09-25 08:15,2026-09-25 11:05,170,0,9720.0,INR,,Economy,,Airbus A321neo,28 in,SerpApi Google Flights,2026-09-10T07:02:46.107Z,6aa2560f7af899e16a13ada8,False
BLR,DEL,2026-09-10,2026-09-25,15,IndiGo,6E 840,2026-09-25 13:55,2026-09-25 16:45,170,0,9720.0,INR,,Economy,,Airbus A321neo,28 in,SerpApi Google Flights,2026-09-10T07:02:46.107Z,6aa2560f7af899e16a13ada8,False
BLR,DEL,2026-09-10,2026-09-25,15,IndiGo,6E 860,2026-09-25 15:45,2026-09-25 18:35,170,0,9720.0,INR,,Economy,,Airbus A321neo,28 in,SerpApi Google Flights,2026-09-10T07:02:46.107Z,6aa2560f7af899e16a13ada8,False
BLR,DEL,2026-09-10,2026-09-25,15,Air India,AI 2758,2026-09-25 00:15,2026-09-25 03:10,175,0,9727.0,INR,,Economy,,Airbus A320neo,28 in,SerpApi Google Flights,2026-09-10T07:02:46.107Z,6aa2560f7af899e16a13ada8,False
BLR,DEL,2026-09-10,2026-09-25,15,Air India,AI 2511,2026-09-25 15:00,2026-09-25 18:00,180,0,9743.0,INR,,Economy,,Airbus A320neo,28 in,SerpApi Google Flights,2026-09-10T07:02:46.107Z,6aa2560f7af899e16a13ada8,False
BLR,DEL,2026-09-10,2026-09-25,15,Akasa Air,QP 1823,2026-09-25 06:05,2026-09-25 08:50,165,0,9798.0,INR,,Economy,,Boeing 737MAX 8 Passenger,28 in,SerpApi Google Flights,2026-09-10T07:02:46.107Z,6aa2560f7af899e16a13ada8,False
BLR,DEL,2026-09-10,2026-09-25,15,Air India,AI 2810,2026-09-25 06:00,2026-09-25 08:45,165,0,9880.0,INR,,Economy,,Airbus A320neo,28 in,SerpApi Google Flights,2026-09-10T07:02:46.107Z,6aa2560f7af899e16a13ada8,False
BLR,DEL,2026-09-10,2026-09-25,15,Air India,AI 2804,2026-09-25 10:00,2026-09-25 13:00,180,0,9880.0,INR,,Economy,,Airbus A320neo,28 in,SerpApi Google Flights,2026-09-10T07:02:46.107Z,6aa2560f7af899e16a13ada8,False
BLR,DEL,2026-09-10,2026-09-25,15,Air India,AI 2414,2026-09-25 05:30,2026-09-25 08:25,175,0,9890.0,INR,,Economy,,Airbus A320neo,28 in,SerpApi Google Flights,2026-09-10T07:02:46.107Z,6aa2560f7af899e16a13ada8,False
BLR,DEL,2026-09-10,2026-09-25,15,Air India,AI 2406,2026-09-25 11:00,2026-09-25 14:00,180,0,9958.0,INR,,Economy,,Airbus A321,29 in,SerpApi Google Flights,2026-09-10T07:02:46.107Z,6aa2560f7af899e16a13ada8,False
BLR,DEL,2026-09-10,2026-09-25,15,Air India,AI 2868,2026-09-25 09:00,2026-09-25 12:00,180,0,10205.0,INR,,Economy,,Airbus A320neo,28 in,SerpApi Google Flights,2026-09-10T07:02:46.107Z,6aa2560f7af899e16a13ada8,False
BLR,DEL,2026-09-10,2026-09-25,15,IndiGo,6E 830,2026-09-25 09:30,2026-09-25 12:30,180,0,10273.0,INR,,Economy,,Airbus A321neo,28 in,SerpApi Google Flights,2026-09-10T07:02:46.107Z,6aa2560f7af899e16a13ada8,False
BLR,DEL,2026-09-10,2026-09-25,15,IndiGo,6E 175,2026-09-25 10:45,2026-09-25 13:35,170,0,10273.0,INR,,Economy,,Airbus A321neo,28 in,SerpApi Google Flights,2026-09-10T07:02:46.107Z,6aa2560f7af899e16a13ada8,False
BLR,DEL,2026-09-10,2026-09-25,15,IndiGo,6E 6039,2026-09-25 17:00,2026-09-25 19:50,170,0,10273.0,INR,,Economy,,Airbus A321neo,28 in,SerpApi Google Flights,2026-09-10T07:02:46.107Z,6aa2560f7af899e16a13ada8,False
BLR,DEL,2026-09-10,2026-09-25,15,Air India,AI 2654,2026-09-25 07:00,2026-09-25 10:00,180,0,10289.0,INR,,Economy,,Airbus A320neo,28 in,SerpApi Google Flights,2026-09-10T07:02:46.107Z,6aa2560f7af899e16a13ada8,False
BLR,DEL,2026-09-10,2026-09-25,15,Air India,AI 2418,2026-09-25 16:30,2026-09-25 19:25,175,0,10289.0,INR,,Economy,,Airbus A320neo,28 in,SerpApi Google Flights,2026-09-10T07:02:46.107Z,6aa2560f7af899e16a13ada8,False
BLR,DEL,2026-09-10,2026-09-25,15,Air India,AI 2820,2026-09-25 17:25,2026-09-25 20:30,185,0,10289.0,INR,,Economy,,Airbus A320neo,28 in,SerpApi Google Flights,2026-09-10T07:02:46.107Z,6aa2560f7af899e16a13ada8,False
BLR,DEL,2026-09-10,2026-09-25,15,Air India,AI 2802,2026-09-25 18:20,2026-09-25 21:10,170,0,10289.0,INR,,Economy,,Airbus A320neo,28 in,SerpApi Google Flights,2026-09-10T07:02:46.107Z,6aa2560f7af899e16a13ada8,False
BLR,DEL,2026-09-10,2026-09-25,15,Akasa Air,QP 1821,2026-09-25 13:10,2026-09-25 16:00,170,0,10329.0,INR,,Economy,,Boeing 737MAX 8 Passenger,28 in,SerpApi Google Flights,2026-09-10T07:02:46.107Z,6aa2560f7af899e16a13ada8,False
BLR,DEL,2026-09-10,2026-09-25,15,Akasa Air,QP 1307,2026-09-25 17:20,2026-09-25 20:15,175,0,10701.0,INR,,Economy,,Boeing 737MAX 8 Passenger,28 in,SerpApi Google Flights,2026-09-10T07:02:46.107Z,6aa2560f7af899e16a13ada8,False
BLR,DEL,2026-09-10,2026-09-25,15,IndiGo,6E 844,2026-09-25 07:00,2026-09-25 09:50,170,0,10864.0,INR,,Economy,,Airbus A321neo,28 in,SerpApi Google Flights,2026-09-10T07:02:46.107Z,6aa2560f7af899e16a13ada8,False
BLR,DEL,2026-09-10,2026-09-25,15,IndiGo,6E 809,2026-09-25 12:00,2026-09-25 14:50,170,0,10864.0,INR,,Economy,,Airbus A321neo,28 in,SerpApi Google Flights,2026-09-10T07:02:46.107Z,6aa2560f7af899e16a13ada8,False
BLR,DEL,2026-09-10,2026-09-25,15,IndiGo,6E 6034,2026-09-25 18:15,2026-09-25 21:05,170,0,10864.0,INR,,Economy,,Airbus A321neo,28 in,SerpApi Google Flights,2026-09-10T07:02:46.107Z,6aa2560f7af899e16a13ada8,False
BLR,DEL,2026-09-10,2026-09-25,15,Air India,AI 2665,2026-09-25 19:40,2026-09-25 22:40,180,0,11491.0,INR,,Economy,,Airbus A321,29 in,SerpApi Google Flights,2026-09-10T07:02:46.107Z,6aa2560f7af899e16a13ada8,False
BLR,DEL,2026-09-10,2026-09-25,15,IndiGo,6E 817,2026-09-25 20:40,2026-09-25 23:30,170,0,11494.0,INR,,Economy,,Airbus A321neo,28 in,SerpApi Google Flights,2026-09-10T07:02:46.107Z,6aa2560f7af899e16a13ada8,False
BLR,DEL,2026-09-10,2026-09-25,15,IndiGo,6E 2313,2026-09-25 23:30,2026-09-26 02:20,170,0,11494.0,INR,,Economy,,Airbus A321neo,28 in,SerpApi Google Flights,2026-09-10T07:02:46.107Z,6aa2560f7af899e16a13ada8,False
BLR,DEL,2026-09-10,2026-09-25,15,Air India,AI 2818,2026-09-25 20:00,2026-09-25 22:45,165,0,11680.0,INR,,Economy,,Airbus A320neo,28 in,SerpApi Google Flights,2026-09-10T07:02:46.107Z,6aa2560f7af899e16a13ada8,False
BLR,DEL,2026-09-10,2026-09-25,15,IndiGo,6E 870,2026-09-25 19:30,2026-09-25 22:15,165,0,12168.0,INR,,Economy,,Airbus A321neo,28 in,SerpApi Google Flights,2026-09-10T07:02:46.107Z,6aa2560f7af899e16a13ada8,False
BLR,DEL,2026-09-10,2026-09-25,15,IndiGo,6E 6406,2026-09-25 22:00,2026-09-26 00:50,170,0,12886.0,INR,,Economy,,Airbus A321neo,28 in,SerpApi Google Flights,2026-09-10T07:02:46.107Z,6aa2560f7af899e16a13ada8,True
BLR,DEL,2026-09-10,2026-09-25,15,Air India,AI 2488,2026-09-25 22:30,2026-09-26 01:25,175,0,13612.0,INR,,Economy,,Airbus A320neo,28 in,SerpApi Google Flights,2026-09-10T07:02:46.107Z,6aa2560f7af899e16a13ada8,True
BLR,DEL,2026-09-10,2026-10-10,30,Air India,AI 2814,2026-10-10 22:00,2026-10-11 00:55,175,0,11654.0,INR,,Economy,,Airbus A320neo,28 in,SerpApi Google Flights,2026-09-10T07:02:49.590Z,6aa2561728c7fb591323f3e6,False
BLR,DEL,2026-09-10,2026-10-10,30,Air India,AI 2488,2026-10-10 22:30,2026-10-11 01:25,175,0,11654.0,INR,,Economy,,Airbus A321,29 in,SerpApi Google Flights,2026-09-10T07:02:49.591Z,6aa2561728c7fb591323f3e6,False
BLR,DEL,2026-09-10,2026-10-10,30,Air India,AI 2665,2026-10-10 19:40,2026-10-10 22:40,180,0,11654.0,INR,,Economy,,Airbus A321,29 in,SerpApi Google Flights,2026-09-10T07:02:49.591Z,6aa2561728c7fb591323f3e6,False
BLR,DEL,2026-09-10,2026-10-10,30,Air India,AI 2818,2026-10-10 20:00,2026-10-10 22:45,165,0,11854.0,INR,,Economy,,Airbus A320neo,28 in,SerpApi Google Flights,2026-09-10T07:02:49.591Z,6aa2561728c7fb591323f3e6,False
BLR,DEL,2026-09-10,2026-10-10,30,Air India,AI 2486,2026-10-10 14:00,2026-10-10 16:45,165,0,11953.0,INR,,Economy,,Airbus A320neo,28 in,SerpApi Google Flights,2026-09-10T07:02:49.591Z,6aa2561728c7fb591323f3e6,False
BLR,DEL,2026-09-10,2026-10-10,30,Air India,AI 428,2026-10-10 15:30,2026-10-10 18:15,165,0,11953.0,INR,,Economy,,Boeing 787,33 in,SerpApi Google Flights,2026-09-10T07:02:49.591Z,6aa2561728c7fb591323f3e6,False
BLR,DEL,2026-09-10,2026-10-10,30,Air India,AI 2418,2026-10-10 16:30,2026-10-10 19:25,175,0,11953.0,INR,,Economy,,Airbus A320neo,28 in,SerpApi Google Flights,2026-09-10T07:02:49.591Z,6aa2561728c7fb591323f3e6,False
BLR,DEL,2026-09-10,2026-10-10,30,Air India,AI 2802,2026-10-10 18:20,2026-10-10 21:10,170,0,11953.0,INR,,Economy,,Airbus A320neo,28 in,SerpApi Google Flights,2026-09-10T07:02:49.591Z,6aa2561728c7fb591323f3e6,False
BLR,DEL,2026-09-10,2026-10-10,30,Air India,AI 2804,2026-10-10 10:00,2026-10-10 13:00,180,0,12153.0,INR,,Economy,,Airbus A320neo,28 in,SerpApi Google Flights,2026-09-10T07:02:49.591Z,6aa2561728c7fb591323f3e6,False
BLR,DEL,2026-09-10,2026-10-10,30,Air India,AI 2406,2026-10-10 11:00,2026-10-10 14:00,180,0,12153.0,INR,,Economy,,Airbus A321,29 in,SerpApi Google Flights,2026-09-10T07:02:49.591Z,6aa2561728c7fb591323f3e6,False
BLR,DEL,2026-09-10,2026-10-10,30,Air India,AI 2511,2026-10-10 15:00,2026-10-10 18:00,180,0,12153.0,INR,,Economy,,Airbus A320neo,28 in,SerpApi Google Flights,2026-09-10T07:02:49.591Z,6aa2561728c7fb591323f3e6,False
BLR,DEL,2026-09-10,2026-10-10,30,Air India,AI 2868,2026-10-10 09:00,2026-10-10 12:00,180,0,12352.0,INR,,Economy,,Airbus A320neo,28 in,SerpApi Google Flights,2026-09-10T07:02:49.591Z,6aa2561728c7fb591323f3e6,False
BLR,DEL,2026-09-10,2026-10-10,30,Air India,AI 2810,2026-10-10 06:00,2026-10-10 08:45,165,0,12431.0,INR,,Economy,,Airbus A320neo,28 in,SerpApi Google Flights,2026-09-10T07:02:49.591Z,6aa2561728c7fb591323f3e6,False
BLR,DEL,2026-09-10,2026-10-10,30,Air India Express,IX 5976,2026-10-10 01:15,2026-10-10 04:10,175,0,12571.0,INR,,Economy,,Airbus A320neo,28 in,SerpApi Google Flights,2026-09-10T07:02:49.591Z,6aa2561728c7fb591323f3e6,False
BLR,DEL,2026-09-10,2026-10-10,30,Air India Express,IX 1040,2026-10-10 17:35,2026-10-10 20:25,170,0,12571.0,INR,,Economy,,Boeing 737MAX 8 Passenger,30 in,SerpApi Google Flights,2026-09-10T07:02:49.591Z,6aa2561728c7fb591323f3e6,False
BLR,DEL,2026-09-10,2026-10-10,30,Akasa Air,QP 1359,2026-10-10 05:00,2026-10-10 07:50,170,0,12796.0,INR,,Economy,,Boeing 737MAX 8 Passenger,28 in,SerpApi Google Flights,2026-09-10T07:02:49.591Z,6aa2561728c7fb591323f3e6,False
BLR,DEL,2026-09-10,2026-10-10,30,Air India,AI 2758,2026-10-10 00:15,2026-10-10 03:10,175,0,12862.0,INR,,Economy,,Airbus A320neo,28 in,SerpApi Google Flights,2026-09-10T07:02:49.591Z,6aa2561728c7fb591323f3e6,False
BLR,DEL,2026-09-10,2026-10-10,30,Air India,AI 2414,2026-10-10 05:30,2026-10-10 08:25,175,0,12862.0,INR,,Economy,,Airbus A320neo,28 in,SerpApi Google Flights,2026-09-10T07:02:49.591Z,6aa2561728c7fb591323f3e6,False
BLR,DEL,2026-09-10,2026-10-10,30,IndiGo,6E 6406,2026-10-10 22:00,2026-10-11 00:50,170,0,12886.0,INR,,Economy,,Airbus A321neo,28 in,SerpApi Google Flights,2026-09-10T07:02:49.591Z,6aa2561728c7fb591323f3e6,False
BLR,DEL,2026-09-10,2026-10-10,30,IndiGo,6E 817,2026-10-10 20:40,2026-10-10 23:30,170,0,12886.0,INR,,Economy,,Airbus A321neo,28 in,SerpApi Google Flights,2026-09-10T07:02:49.591Z,6aa2561728c7fb591323f3e6,False
BLR,DEL,2026-09-10,2026-10-10,30,Akasa Air,QP 1811,2026-10-10 03:55,2026-10-10 07:00,185,0,13028.0,INR,,Economy,,Boeing 737MAX 8 Passenger,28 in,SerpApi Google Flights,2026-09-10T07:02:49.591Z,6aa2561728c7fb591323f3e6,False
BLR,DEL,2026-09-10,2026-10-10,30,Akasa Air,QP 1823,2026-10-10 06:05,2026-10-10 08:50,165,0,13028.0,INR,,Economy,,Boeing 737MAX 8 Passenger,28 in,SerpApi Google Flights,2026-09-10T07:02:49.591Z,6aa2561728c7fb591323f3e6,False
BLR,DEL,2026-09-10,2026-10-10,30,Air India,AI 2654,2026-10-10 07:00,2026-10-10 10:00,180,0,13045.0,INR,,Economy,,Airbus A320neo,28 in,SerpApi Google Flights,2026-09-10T07:02:49.591Z,6aa2561728c7fb591323f3e6,False
BLR,DEL,2026-09-10,2026-10-10,30,Air India,AI 2820,2026-10-10 17:25,2026-10-10 20:25,180,0,13045.0,INR,,Economy,,Airbus A320neo,28 in,SerpApi Google Flights,2026-09-10T07:02:49.591Z,6aa2561728c7fb591323f3e6,False
BLR,DEL,2026-09-10,2026-10-10,30,Air India Express,IX 2542,2026-10-10 06:40,2026-10-10 09:25,165,0,13571.0,INR,,Economy,,Boeing 737MAX 8 Passenger,30 in,SerpApi Google Flights,2026-09-10T07:02:49.591Z,6aa2561728c7fb591323f3e6,False
BLR,DEL,2026-09-10,2026-10-10,30,IndiGo,6E 804,2026-10-10 03:00,2026-10-10 05:50,170,0,13653.0,INR,,Economy,,Airbus A321neo,28 in,SerpApi Google Flights,2026-09-10T07:02:49.591Z,6aa2561728c7fb591323f3e6,False
BLR,DEL,2026-09-10,2026-10-10,30,IndiGo,6E 6034,2026-10-10 18:15,2026-10-10 21:05,170,0,13653.0,INR,,Economy,,Airbus A321neo,28 in,SerpApi Google Flights,2026-09-10T07:02:49.591Z,6aa2561728c7fb591323f3e6,False
BLR,DEL,2026-09-10,2026-10-10,30,Akasa Air,QP 1821,2026-10-10 13:05,2026-10-10 16:00,175,0,13755.0,INR,,Economy,,Boeing 737MAX 8 Passenger,28 in,SerpApi Google Flights,2026-09-10T07:02:49.591Z,6aa2561728c7fb591323f3e6,False
BLR,DEL,2026-09-10,2026-10-10,30,IndiGo,6E 840,2026-10-10 13:55,2026-10-10 16:45,170,0,14472.0,INR,,Economy,,Airbus A321neo,28 in,SerpApi Google Flights,2026-09-10T07:02:49.591Z,6aa2561728c7fb591323f3e6,False
BLR,DEL,2026-09-10,2026-10-10,30,IndiGo,6E 839,2026-10-10 01:00,2026-10-10 03:50,170,0,15346.0,INR,,Economy,,Airbus A321neo,28 in,SerpApi Google Flights,2026-09-10T07:02:49.591Z,6aa2561728c7fb591323f3e6,False
BLR,DEL,2026-09-10,2026-10-10,30,IndiGo,6E 860,2026-10-10 15:45,2026-10-10 18:35,170,0,15346.0,INR,,Economy,,Airbus A321neo,28 in,SerpApi Google Flights,2026-09-10T07:02:49.591Z,6aa2561728c7fb591323f3e6,False
BLR,DEL,2026-09-10,2026-10-10,30,IndiGo,6E 6039,2026-10-10 17:00,2026-10-10 19:50,170,0,15346.0,INR,,Economy,,Airbus A321neo,28 in,SerpApi Google Flights,2026-09-10T07:02:49.591Z,6aa2561728c7fb591323f3e6,False
BLR,DEL,2026-09-10,2026-10-10,30,IndiGo,6E 870,2026-10-10 19:30,2026-10-10 22:15,165,0,15346.0,INR,,Economy,,Airbus A321neo,28 in,SerpApi Google Flights,2026-09-10T07:02:49.591Z,6aa2561728c7fb591323f3e6,False
BLR,DEL,2026-09-10,2026-10-10,30,IndiGo,6E 809,2026-10-10 12:00,2026-10-10 14:50,170,0,16278.0,INR,,Economy,,Airbus A321neo,28 in,SerpApi Google Flights,2026-09-10T07:02:49.591Z,6aa2561728c7fb591323f3e6,False
BLR,DEL,2026-09-10,2026-10-10,30,IndiGo,6E 869,2026-10-10 13:10,2026-10-10 16:05,175,0,16278.0,INR,,Economy,,Airbus A321neo,28 in,SerpApi Google Flights,2026-09-10T07:02:49.591Z,6aa2561728c7fb591323f3e6,False
BLR,DEL,2026-09-10,2026-10-10,30,IndiGo,6E 836,2026-10-10 05:05,2026-10-10 07:55,170,0,18336.0,INR,,Economy,,Airbus A321neo,28 in,SerpApi Google Flights,2026-09-10T07:02:49.591Z,6aa2561728c7fb591323f3e6,False
BLR,DEL,2026-09-10,2026-10-10,30,IndiGo,6E 849,2026-10-10 08:15,2026-10-10 11:05,170,0,18336.0,INR,,Economy,,Airbus A321neo,28 in,SerpApi Google Flights,2026-09-10T07:02:49.591Z,6aa2561728c7fb591323f3e6,False
BLR,DEL,2026-09-10,2026-10-10,30,IndiGo,6E 830,2026-10-10 09:30,2026-10-10 12:30,180,0,18336.0,INR,,Economy,,Airbus A321neo,28 in,SerpApi Google Flights,2026-09-10T07:02:49.591Z,6aa2561728c7fb591323f3e6,False
BLR,DEL,2026-09-10,2026-10-10,30,IndiGo,6E 175,2026-10-10 10:45,2026-10-10 13:35,170,0,18336.0,INR,,Economy,,Airbus A321neo,28 in,SerpApi Google Flights,2026-09-10T07:02:49.591Z,6aa2561728c7fb591323f3e6,False
BLR,DEL,2026-09-10,2026-10-10,30,IndiGo,6E 2313,2026-10-10 23:30,2026-10-11 02:20,170,0,18336.0,INR,,Economy,,Airbus A321neo,28 in,SerpApi Google Flights,2026-09-10T07:02:49.591Z,6aa2561728c7fb591323f3e6,False
BLR,DEL,2026-09-10,2026-10-10,30,IndiGo,6E 844,2026-10-10 07:00,2026-10-10 09:50,170,0,21971.0,INR,,Economy,,Airbus A321neo,28 in,SerpApi Google Flights,2026-09-10T07:02:49.591Z,6aa2561728c7fb591323f3e6,True
BLR,DEL,2026-09-10,2026-10-25,45,Air India Express,IX 1260,2026-10-25 21:25,2026-10-26 00:25,180,0,8445.0,INR,,Economy,,Boeing 737MAX 8 Passenger,30 in,SerpApi Google Flights,2026-09-10T07:02:53.888Z,6aa2561bd99612e498b55ff3,False
BLR,DEL,2026-09-10,2026-10-25,45,IndiGo,6E 817,2026-10-25 20:45,2026-10-25 23:35,170,0,9500.0,INR,,Economy,,Airbus A321neo,28 in,SerpApi Google Flights,2026-09-10T07:02:53.888Z,6aa2561bd99612e498b55ff3,False
BLR,DEL,2026-09-10,2026-10-25,45,IndiGo,6E 2313,2026-10-25 00:30,2026-10-25 03:25,175,0,9500.0,INR,,Economy,,Airbus A321neo,28 in,SerpApi Google Flights,2026-09-10T07:02:53.888Z,6aa2561bd99612e498b55ff3,False
BLR,DEL,2026-09-10,2026-10-25,45,IndiGo,6E 804,2026-10-25 03:15,2026-10-25 06:05,170,0,9500.0,INR,,Economy,,Airbus A321neo,28 in,SerpApi Google Flights,2026-09-10T07:02:53.888Z,6aa2561bd99612e498b55ff3,False
BLR,DEL,2026-09-10,2026-10-25,45,IndiGo,6E 836,2026-10-25 05:45,2026-10-25 08:35,170,0,9500.0,INR,,Economy,,Airbus A321neo,28 in,SerpApi Google Flights,2026-09-10T07:02:53.888Z,6aa2561bd99612e498b55ff3,False
BLR,DEL,2026-09-10,2026-10-25,45,IndiGo,6E 844,2026-10-25 06:45,2026-10-25 09:35,170,0,9500.0,INR,,Economy,,Airbus A321neo,28 in,SerpApi Google Flights,2026-09-10T07:02:53.888Z,6aa2561bd99612e498b55ff3,False
BLR,DEL,2026-09-10,2026-10-25,45,IndiGo,6E 849,2026-10-25 08:00,2026-10-25 10:50,170,0,9500.0,INR,,Economy,,Airbus A321neo,28 in,SerpApi Google Flights,2026-09-10T07:02:53.888Z,6aa2561bd99612e498b55ff3,False
BLR,DEL,2026-09-10,2026-10-25,45,IndiGo,6E 870,2026-10-25 19:30,2026-10-25 22:20,170,0,9500.0,INR,,Economy,,Airbus A321neo,28 in,SerpApi Google Flights,2026-09-10T07:02:53.888Z,6aa2561bd99612e498b55ff3,False
BLR,DEL,2026-09-10,2026-10-25,45,IndiGo,6E 6406,2026-10-25 22:30,2026-10-26 01:20,170,0,9500.0,INR,,Economy,,Airbus A321neo,28 in,SerpApi Google Flights,2026-09-10T07:02:53.888Z,6aa2561bd99612e498b55ff3,False
BLR,DEL,2026-09-10,2026-10-25,45,SpiceJet,SG 619,2026-10-25 21:15,2026-10-26 00:10,175,0,9768.0,INR,,Economy,,Boeing 737,29 in,SerpApi Google Flights,2026-09-10T07:02:53.888Z,6aa2561bd99612e498b55ff3,False
BLR,DEL,2026-09-10,2026-10-25,45,Akasa Air,QP 1823,2026-10-25 06:10,2026-10-25 09:00,170,0,9798.0,INR,,Economy,,Boeing 737MAX 8 Passenger,28 in,SerpApi Google Flights,2026-09-10T07:02:53.888Z,6aa2561bd99612e498b55ff3,False
BLR,DEL,2026-09-10,2026-10-25,45,Akasa Air,QP 1811,2026-10-25 04:00,2026-10-25 07:00,180,0,9798.0,INR,,Economy,,Boeing 737MAX 8 Passenger,28 in,SerpApi Google Flights,2026-09-10T07:02:53.888Z,6aa2561bd99612e498b55ff3,False
BLR,DEL,2026-09-10,2026-10-25,45,Akasa Air,QP 1301,2026-10-25 05:00,2026-10-25 07:55,175,0,9798.0,INR,,Economy,,Boeing 737MAX 8 Passenger,,SerpApi Google Flights,2026-09-10T07:02:53.888Z,6aa2561bd99612e498b55ff3,False
BLR,DEL,2026-09-10,2026-10-25,45,IndiGo,6E 830,2026-10-25 09:30,2026-10-25 12:20,170,0,9802.0,INR,,Economy,,Airbus A321neo,28 in,SerpApi Google Flights,2026-09-10T07:02:53.888Z,6aa2561bd99612e498b55ff3,False
BLR,DEL,2026-09-10,2026-10-25,45,IndiGo,6E 2328,2026-10-25 10:45,2026-10-25 13:35,170,0,9802.0,INR,,Economy,,Airbus A321neo,28 in,SerpApi Google Flights,2026-09-10T07:02:53.888Z,6aa2561bd99612e498b55ff3,False
BLR,DEL,2026-09-10,2026-10-25,45,IndiGo,6E 860,2026-10-25 15:45,2026-10-25 18:35,170,0,9802.0,INR,,Economy,,Airbus A321neo,28 in,SerpApi Google Flights,2026-09-10T07:02:53.888Z,6aa2561bd99612e498b55ff3,False
BLR,DEL,2026-09-10,2026-10-25,45,Akasa Air,QP 1828,2026-10-25 19:05,2026-10-25 22:00,175,0,9971.0,INR,,Economy,,Boeing 737MAX 8 Passenger,,SerpApi Google Flights,2026-09-10T07:02:53.888Z,6aa2561bd99612e498b55ff3,False
BLR,DEL,2026-09-10,2026-10-25,45,Air India Express,IX 1524,2026-10-25 12:20,2026-10-25 15:20,180,0,9999.0,INR,,Economy,,Boeing 737MAX 8 Passenger,30 in,SerpApi Google Flights,2026-09-10T07:02:53.888Z,6aa2561bd99612e498b55ff3,False
BLR,DEL,2026-09-10,2026-10-25,45,IndiGo,6E 840,2026-10-25 14:30,2026-10-25 17:20,170,0,10139.0,INR,,Economy,,Airbus A321neo,28 in,SerpApi Google Flights,2026-09-10T07:02:53.888Z,6aa2561bd99612e498b55ff3,False
BLR,DEL,2026-09-10,2026-10-25,45,IndiGo,6E 6039,2026-10-25 17:00,2026-10-25 19:50,170,0,10139.0,INR,,Economy,,Airbus A321neo,28 in,SerpApi Google Flights,2026-09-10T07:02:53.888Z,6aa2561bd99612e498b55ff3,False
BLR,DEL,2026-09-10,2026-10-25,45,SpiceJet,SG 141,2026-10-25 06:05,2026-10-25 09:00,175,0,10278.0,INR,,Economy,,Boeing 737,29 in,SerpApi Google Flights,2026-09-10T07:02:53.888Z,6aa2561bd99612e498b55ff3,False
BLR,DEL,2026-09-10,2026-10-25,45,Air India,AI 2758,2026-10-25 00:15,2026-10-25 03:10,175,0,10305.0,INR,,Economy,,Airbus A320neo,28 in,SerpApi Google Flights,2026-09-10T07:02:53.888Z,6aa2561bd99612e498b55ff3,False
BLR,DEL,2026-09-10,2026-10-25,45,Air India,AI 2516,2026-10-25 05:00,2026-10-25 07:55,175,0,10305.0,INR,,Economy,,Airbus A320neo,28 in,SerpApi Google Flights,2026-09-10T07:02:53.888Z,6aa2561bd99612e498b55ff3,False
BLR,DEL,2026-09-10,2026-10-25,45,Air India,AI 2804,2026-10-25 10:00,2026-10-25 12:55,175,0,10305.0,INR,,Economy,,Airbus A321,29 in,SerpApi Google Flights,2026-09-10T07:02:53.888Z,6aa2561bd99612e498b55ff3,False
BLR,DEL,2026-09-10,2026-10-25,45,Air India,AI 2488,2026-10-25 22:00,2026-10-26 00:55,175,0,10305.0,INR,,Economy,,Airbus A320neo,28 in,SerpApi Google Flights,2026-09-10T07:02:53.888Z,6aa2561bd99612e498b55ff3,False
BLR,DEL,2026-09-10,2026-10-25,45,Air India,AI 2802,2026-10-25 21:00,2026-10-25 23:55,175,0,10567.0,INR,,Economy,,Airbus A320neo,28 in,SerpApi Google Flights,2026-09-10T07:02:53.889Z,6aa2561bd99612e498b55ff3,False
BLR,DEL,2026-09-10,2026-10-25,45,IndiGo,6E 6034,2026-10-25 18:15,2026-10-25 21:05,170,0,10650.0,INR,,Economy,,Airbus A321neo,28 in,SerpApi Google Flights,2026-09-10T07:02:53.889Z,6aa2561bd99612e498b55ff3,False
BLR,DEL,2026-09-10,2026-10-25,45,Air India,AI 2511,2026-10-25 16:00,2026-10-25 18:55,175,0,10735.0,INR,,Economy,,Airbus A320neo,28 in,SerpApi Google Flights,2026-09-10T07:02:53.889Z,6aa2561bd99612e498b55ff3,False
BLR,DEL,2026-09-10,2026-10-25,45,Air India,AI 2418,2026-10-25 17:00,2026-10-25 19:55,175,0,10735.0,INR,,Economy,,Airbus A320neo,28 in,SerpApi Google Flights,2026-09-10T07:02:53.889Z,6aa2561bd99612e498b55ff3,False
BLR,DEL,2026-09-10,2026-10-25,45,Air India,AI 2514,2026-10-25 18:00,2026-10-25 20:55,175,0,10788.0,INR,,Economy,,Airbus A320neo,28 in,SerpApi Google Flights,2026-09-10T07:02:53.889Z,6aa2561bd99612e498b55ff3,False
BLR,DEL,2026-09-10,2026-10-25,45,Air India,AI 2818,2026-10-25 20:00,2026-10-25 22:55,175,0,10966.0,INR,,Economy,,Airbus A320neo,28 in,SerpApi Google Flights,2026-09-10T07:02:53.889Z,6aa2561bd99612e498b55ff3,False
BLR,DEL,2026-09-10,2026-10-25,45,Air India,AI 2406,2026-10-25 11:00,2026-10-25 13:55,175,0,11056.0,INR,,Economy,,Airbus A320neo,28 in,SerpApi Google Flights,2026-09-10T07:02:53.889Z,6aa2561bd99612e498b55ff3,False
BLR,DEL,2026-09-10,2026-10-25,45,IndiGo,6E 809,2026-10-25 12:00,2026-10-25 14:50,170,0,11192.0,INR,,Economy,,Airbus A321neo,28 in,SerpApi Google Flights,2026-09-10T07:02:53.889Z,6aa2561bd99612e498b55ff3,False
BLR,DEL,2026-09-10,2026-10-25,45,IndiGo,6E 869,2026-10-25 13:15,2026-10-25 16:05,170,0,11766.0,INR,,Economy,,Airbus A321neo,28 in,SerpApi Google Flights,2026-09-10T07:02:53.889Z,6aa2561bd99612e498b55ff3,False
BLR,DEL,2026-09-10,2026-10-25,45,Air India,AI 2868,2026-10-25 08:05,2026-10-25 11:00,175,0,11995.0,INR,,Economy,,Airbus A320neo,28 in,SerpApi Google Flights,2026-09-10T07:02:53.889Z,6aa2561bd99612e498b55ff3,False
BLR,DEL,2026-09-10,2026-10-25,45,Air India,AI 2486,2026-10-25 13:00,2026-10-25 15:55,175,0,12095.0,INR,,Economy,,Airbus A320neo,28 in,SerpApi Google Flights,2026-09-10T07:02:53.889Z,6aa2561bd99612e498b55ff3,False
BLR,DEL,2026-09-10,2026-10-25,45,Air India Express,IX 1040,2026-10-25 05:30,2026-10-25 08:30,180,0,12571.0,INR,,Economy,,Airbus A320neo,28 in,SerpApi Google Flights,2026-09-10T07:02:53.889Z,6aa2561bd99612e498b55ff3,True
BLR,DEL,2026-09-10,2026-10-25,45,Air India,AI 2810,2026-10-25 06:00,2026-10-25 08:55,175,0,12914.0,INR,,Economy,,Airbus A320neo,28 in,SerpApi Google Flights,2026-09-10T07:02:53.889Z,6aa2561bd99612e498b55ff3,True
BLR,DEL,2026-09-10,2026-10-25,45,SpiceJet,SG 722,2026-10-25 12:50,2026-10-25 14:50,120,0,16611.0,INR,,Economy,,Boeing 737,29 in,SerpApi Google Flights,2026-09-10T07:02:53.889Z,6aa2561bd99612e498b55ff3,True
BOM,BLR,2026-09-10,2026-09-11,1,IndiGo,6E 5294,2026-09-11 04:30,2026-09-11 06:25,115,0,10915.0,INR,,Economy,,Airbus A321neo,28 in,SerpApi Google Flights,2026-09-10T07:02:57.049Z,6aa2561fae678c49fefce976,False
BOM,BLR,2026-09-10,2026-09-11,1,Akasa Air,QP 1516,2026-09-11 00:40,2026-09-11 02:35,115,0,12159.0,INR,,Economy,,Boeing 737MAX 8 Passenger,28 in,SerpApi Google Flights,2026-09-10T07:02:57.049Z,6aa2561fae678c49fefce976,False
BOM,BLR,2026-09-10,2026-09-11,1,IndiGo,6E 5323,2026-09-11 01:10,2026-09-11 03:05,115,0,12923.0,INR,,Economy,,Airbus A321neo,28 in,SerpApi Google Flights,2026-09-10T07:02:57.049Z,6aa2561fae678c49fefce976,False
BOM,BLR,2026-09-10,2026-09-11,1,Akasa Air,QP 1527,2026-09-11 07:35,2026-09-11 09:35,120,0,13753.0,INR,,Economy,,Boeing 737MAX 8 Passenger,28 in,SerpApi Google Flights,2026-09-10T07:02:57.049Z,6aa2561fae678c49fefce976,False
BOM,BLR,2026-09-10,2026-09-11,1,Air India,AI 2632,2026-09-11 12:00,2026-09-11 14:05,125,0,14209.0,INR,,Economy,,Airbus A320neo,28 in,SerpApi Google Flights,2026-09-10T07:02:57.049Z,6aa2561fae678c49fefce976,False
BOM,BLR,2026-09-10,2026-09-11,1,Air India,AI 2812,2026-09-11 02:05,2026-09-11 04:10,125,0,14209.0,INR,,Economy,,Airbus A320neo,28 in,SerpApi Google Flights,2026-09-10T07:02:57.049Z,6aa2561fae678c49fefce976,False
BOM,BLR,2026-09-10,2026-09-11,1,IndiGo,6E 5193,2026-09-11 08:05,2026-09-11 09:55,110,0,14412.0,INR,,Economy,,Airbus A321neo,28 in,SerpApi Google Flights,2026-09-10T07:02:57.049Z,6aa2561fae678c49fefce976,False
BOM,BLR,2026-09-10,2026-09-11,1,IndiGo,6E 5217,2026-09-11 11:00,2026-09-11 12:55,115,0,14412.0,INR,,Economy,,Airbus A321neo,28 in,SerpApi Google Flights,2026-09-10T07:02:57.049Z,6aa2561fae678c49fefce976,False
BOM,BLR,2026-09-10,2026-09-11,1,IndiGo,6E 5184,2026-09-11 12:30,2026-09-11 14:25,115,0,14412.0,INR,,Economy,,Airbus A321neo,28 in,SerpApi Google Flights,2026-09-10T07:02:57.049Z,6aa2561fae678c49fefce976,False
BOM,BLR,2026-09-10,2026-09-11,1,Air India,AI 2851,2026-09-11 07:55,2026-09-11 10:05,130,0,14992.0,INR,,Economy,,Airbus A320neo,28 in,SerpApi Google Flights,2026-09-10T07:02:57.049Z,6aa2561fae678c49fefce976,False
BOM,BLR,2026-09-10,2026-09-11,1,Air India,AI 2603,2026-09-11 06:35,2026-09-11 08:35,120,0,16672.0,INR,,Economy,,Airbus A320neo,28 in,SerpApi Google Flights,2026-09-10T07:02:57.049Z,6aa2561fae678c49fefce976,False
BOM,BLR,2026-09-10,2026-09-11,1,IndiGo,6E 5296,2026-09-11 06:30,2026-09-11 08:25,115,0,16722.0,INR,,Economy,,Airbus A321neo,28 in,SerpApi Google Flights,2026-09-10T07:02:57.049Z,6aa2561fae678c49fefce976,False
BOM,BLR,2026-09-10,2026-09-11,1,Air India,AI 2863,2026-09-11 10:00,2026-09-11 12:05,125,0,17291.0,INR,,Economy,,Airbus A320neo,28 in,SerpApi Google Flights,2026-09-10T07:02:57.049Z,6aa2561fae678c49fefce976,False
BOM,BLR,2026-09-10,2026-09-11,1,Air India,AI 2853,2026-09-11 15:25,2026-09-11 17:35,130,0,19076.0,INR,,Economy,,Airbus A320neo,28 in,SerpApi Google Flights,2026-09-10T07:02:57.049Z,6aa2561fae678c49fefce976,False
BOM,BLR,2026-09-10,2026-09-11,1,Air India,AI 2857,2026-09-11 23:30,2026-09-12 01:35,125,0,19433.0,INR,,Economy,,Airbus A320neo,28 in,SerpApi Google Flights,2026-09-10T07:02:57.049Z,6aa2561fae678c49fefce976,False
BOM,BLR,2026-09-10,2026-09-11,1,IndiGo,6E 5092,2026-09-11 09:50,2026-09-11 11:55,125,0,19911.0,INR,,Economy,,Airbus A321neo,28 in,SerpApi Google Flights,2026-09-10T07:02:57.050Z,6aa2561fae678c49fefce976,False
BOM,BLR,2026-09-10,2026-09-11,1,IndiGo,6E 5382,2026-09-11 14:30,2026-09-11 16:25,115,0,19911.0,INR,,Economy,,Airbus A321neo,28 in,SerpApi Google Flights,2026-09-10T07:02:57.050Z,6aa2561fae678c49fefce976,False
BOM,BLR,2026-09-10,2026-09-11,1,IndiGo,6E 5071,2026-09-11 15:35,2026-09-11 17:25,110,0,19911.0,INR,,Economy,,Airbus A321neo,28 in,SerpApi Google Flights,2026-09-10T07:02:57.050Z,6aa2561fae678c49fefce976,False
BOM,BLR,2026-09-10,2026-09-11,1,IndiGo,6E 5221,2026-09-11 17:00,2026-09-11 18:55,115,0,19911.0,INR,,Economy,,Airbus A321neo,28 in,SerpApi Google Flights,2026-09-10T07:02:57.050Z,6aa2561fae678c49fefce976,False
BOM,BLR,2026-09-10,2026-09-11,1,IndiGo,6E 5047,2026-09-11 18:30,2026-09-11 20:25,115,0,19911.0,INR,,Economy,,Airbus A321neo,28 in,SerpApi Google Flights,2026-09-10T07:02:57.050Z,6aa2561fae678c49fefce976,False
BOM,BLR,2026-09-10,2026-09-11,1,IndiGo,6E 5032,2026-09-11 19:55,2026-09-11 21:45,110,0,19911.0,INR,,Economy,,Airbus A321neo,28 in,SerpApi Google Flights,2026-09-10T07:02:57.050Z,6aa2561fae678c49fefce976,False
BOM,BLR,2026-09-10,2026-09-11,1,Akasa Air,QP 1384,2026-09-11 23:10,2026-09-12 01:05,115,0,20048.0,INR,,Economy,,Boeing 737MAX 8 Passenger,,SerpApi Google Flights,2026-09-10T07:02:57.050Z,6aa2561fae678c49fefce976,False
BOM,BLR,2026-09-10,2026-09-11,1,Akasa Air,QP 1382,2026-09-11 18:25,2026-09-11 20:20,115,0,26387.0,INR,,Economy,,Boeing 737MAX 8 Passenger,28 in,SerpApi Google Flights,2026-09-10T07:02:57.050Z,6aa2561fae678c49fefce976,False
BOM,BLR,2026-09-10,2026-09-11,1,Akasa Air,QP 1518,2026-09-11 21:45,2026-09-11 23:45,120,0,30310.0,INR,,Economy,,Boeing 737MAX 8 Passenger,28 in,SerpApi Google Flights,2026-09-10T07:02:57.050Z,6aa2561fae678c49fefce976,True
BOM,BLR,2026-09-10,2026-09-11,1,Akasa Air,QP 1133,2026-09-11 19:40,2026-09-11 21:45,125,0,32494.0,INR,,Economy,,Boeing 737MAX 8 Passenger,28 in,SerpApi Google Flights,2026-09-10T07:02:57.050Z,6aa2561fae678c49fefce976,True
BOM,BLR,2026-09-10,2026-09-17,7,Air India,AI 2812,2026-09-17 02:05,2026-09-17 04:10,125,0,4948.0,INR,,Economy,,Airbus A320neo,28 in,SerpApi Google Flights,2026-09-10T07:03:00.607Z,6aa256225922f47bfaa82cbd,True
BOM,BLR,2026-09-10,2026-09-17,7,IndiGo,6E 5323,2026-09-17 01:10,2026-09-17 03:05,115,0,5325.0,INR,,Economy,,Airbus A321neo,28 in,SerpApi Google Flights,2026-09-10T07:03:00.607Z,6aa256225922f47bfaa82cbd,True
BOM,BLR,2026-09-10,2026-09-17,7,Air India Express,IX 5985,2026-09-17 15:35,2026-09-17 17:30,115,0,5856.0,INR,,Economy,,Airbus A320,28 in,SerpApi Google Flights,2026-09-10T07:03:00.607Z,6aa256225922f47bfaa82cbd,True
BOM,BLR,2026-09-10,2026-09-17,7,Akasa Air,QP 1516,2026-09-17 00:35,2026-09-17 02:25,110,0,6023.0,INR,,Economy,,Boeing 737MAX 8 Passenger,28 in,SerpApi Google Flights,2026-09-10T07:03:00.607Z,6aa256225922f47bfaa82cbd,True
BOM,BLR,2026-09-10,2026-09-17,7,IndiGo,6E 5294,2026-09-17 04:30,2026-09-17 06:25,115,0,6201.0,INR,,Economy,,Airbus A321neo,28 in,SerpApi Google Flights,2026-09-10T07:03:00.607Z,6aa256225922f47bfaa82cbd,True
BOM,BLR,2026-09-10,2026-09-17,7,Air India,AI 2857,2026-09-17 23:30,2026-09-18 01:35,125,0,6623.0,INR,,Economy,,Airbus A320neo,28 in,SerpApi Google Flights,2026-09-10T07:03:00.607Z,6aa256225922f47bfaa82cbd,False
BOM,BLR,2026-09-10,2026-09-17,7,IndiGo,6E 5296,2026-09-17 06:30,2026-09-17 08:25,115,0,6957.0,INR,,Economy,,Airbus A321neo,28 in,SerpApi Google Flights,2026-09-10T07:03:00.607Z,6aa256225922f47bfaa82cbd,False
BOM,BLR,2026-09-10,2026-09-17,7,IndiGo,6E 5092,2026-09-17 09:50,2026-09-17 11:55,125,0,6957.0,INR,,Economy,,Airbus A321neo,28 in,SerpApi Google Flights,2026-09-10T07:03:00.607Z,6aa256225922f47bfaa82cbd,False
BOM,BLR,2026-09-10,2026-09-17,7,IndiGo,6E 5217,2026-09-17 11:00,2026-09-17 12:55,115,0,6957.0,INR,,Economy,,Airbus A321neo,28 in,SerpApi Google Flights,2026-09-10T07:03:00.607Z,6aa256225922f47bfaa82cbd,False
BOM,BLR,2026-09-10,2026-09-17,7,IndiGo,6E 5382,2026-09-17 14:30,2026-09-17 16:25,115,0,6957.0,INR,,Economy,,Airbus A321neo,28 in,SerpApi Google Flights,2026-09-10T07:03:00.607Z,6aa256225922f47bfaa82cbd,False
BOM,BLR,2026-09-10,2026-09-17,7,IndiGo,6E 5071,2026-09-17 15:35,2026-09-17 17:25,110,0,6957.0,INR,,Economy,,Airbus A321neo,28 in,SerpApi Google Flights,2026-09-10T07:03:00.607Z,6aa256225922f47bfaa82cbd,False
BOM,BLR,2026-09-10,2026-09-17,7,IndiGo,6E 5221,2026-09-17 17:00,2026-09-17 18:55,115,0,6957.0,INR,,Economy,,Airbus A321neo,28 in,SerpApi Google Flights,2026-09-10T07:03:00.607Z,6aa256225922f47bfaa82cbd,False
BOM,BLR,2026-09-10,2026-09-17,7,IndiGo,6E 5047,2026-09-17 18:30,2026-09-17 20:25,115,0,6957.0,INR,,Economy,,Airbus A321neo,28 in,SerpApi Google Flights,2026-09-10T07:03:00.607Z,6aa256225922f47bfaa82cbd,False
BOM,BLR,2026-09-10,2026-09-17,7,IndiGo,6E 6188,2026-09-17 21:30,2026-09-17 23:25,115,0,6957.0,INR,,Economy,,Airbus A321neo,28 in,SerpApi Google Flights,2026-09-10T07:03:00.607Z,6aa256225922f47bfaa82cbd,False
BOM,BLR,2026-09-10,2026-09-17,7,IndiGo,6E 5388,2026-09-17 22:20,2026-09-18 00:20,120,0,6957.0,INR,,Economy,,Airbus A321neo,28 in,SerpApi Google Flights,2026-09-10T07:03:00.607Z,6aa256225922f47bfaa82cbd,False
BOM,BLR,2026-09-10,2026-09-17,7,Air India,AI 2632,2026-09-17 12:00,2026-09-17 14:05,125,0,7117.0,INR,,Economy,,Airbus A320neo,28 in,SerpApi Google Flights,2026-09-10T07:03:00.607Z,6aa256225922f47bfaa82cbd,False
BOM,BLR,2026-09-10,2026-09-17,7,Air India,AI 2853,2026-09-17 15:25,2026-09-17 17:35,130,0,7117.0,INR,,Economy,,Airbus A320neo,28 in,SerpApi Google Flights,2026-09-10T07:03:00.607Z,6aa256225922f47bfaa82cbd,False
BOM,BLR,2026-09-10,2026-09-17,7,Air India,AI 2865,2026-09-17 19:45,2026-09-17 21:50,125,0,7117.0,INR,,Economy,,Airbus A320neo,28 in,SerpApi Google Flights,2026-09-10T07:03:00.607Z,6aa256225922f47bfaa82cbd,False
BOM,BLR,2026-09-10,2026-09-17,7,Akasa Air,QP 1382,2026-09-17 18:25,2026-09-17 20:20,115,0,7264.0,INR,,Economy,,Boeing 737MAX 8 Passenger,28 in,SerpApi Google Flights,2026-09-10T07:03:00.607Z,6aa256225922f47bfaa82cbd,False
BOM,BLR,2026-09-10,2026-09-17,7,Akasa Air,QP 1518,2026-09-17 21:45,2026-09-17 23:45,120,0,7264.0,INR,,Economy,,Boeing 737MAX 8 Passenger,28 in,SerpApi Google Flights,2026-09-10T07:03:00.607Z,6aa256225922f47bfaa82cbd,False
BOM,BLR,2026-09-10,2026-09-17,7,IndiGo,6E 5184,2026-09-17 12:30,2026-09-17 14:25,115,0,7272.0,INR,,Economy,,Airbus A321neo,28 in,SerpApi Google Flights,2026-09-10T07:03:00.607Z,6aa256225922f47bfaa82cbd,False
BOM,BLR,2026-09-10,2026-09-17,7,Air India,AI 2603,2026-09-17 06:35,2026-09-17 08:35,120,0,7353.0,INR,,Economy,,Airbus A320neo,28 in,SerpApi Google Flights,2026-09-10T07:03:00.607Z,6aa256225922f47bfaa82cbd,False
BOM,BLR,2026-09-10,2026-09-17,7,Air India,AI 2863,2026-09-17 10:00,2026-09-17 12:05,125,0,7353.0,INR,,Economy,,Airbus A320neo,28 in,SerpApi Google Flights,2026-09-10T07:03:00.607Z,6aa256225922f47bfaa82cbd,False
BOM,BLR,2026-09-10,2026-09-17,7,Air India,AI 2401,2026-09-17 20:45,2026-09-17 22:45,120,0,7411.0,INR,,Economy,,Airbus A320neo,28 in,SerpApi Google Flights,2026-09-10T07:03:00.607Z,6aa256225922f47bfaa82cbd,False
BOM,BLR,2026-09-10,2026-09-17,7,Air India,AI 2641,2026-09-17 18:30,2026-09-17 20:35,125,0,7468.0,INR,,Economy,,Airbus A320neo,28 in,SerpApi Google Flights,2026-09-10T07:03:00.607Z,6aa256225922f47bfaa82cbd,False
BOM,BLR,2026-09-10,2026-09-17,7,Akasa Air,QP 1149,2026-09-17 05:30,2026-09-17 07:25,115,0,7549.0,INR,,Economy,,Boeing 737MAX 8 Passenger,28 in,SerpApi Google Flights,2026-09-10T07:03:00.607Z,6aa256225922f47bfaa82cbd,False
BOM,BLR,2026-09-10,2026-09-17,7,IndiGo,6E 5193,2026-09-17 08:05,2026-09-17 09:55,110,0,7587.0,INR,,Economy,,Airbus A321neo,28 in,SerpApi Google Flights,2026-09-10T07:03:00.607Z,6aa256225922f47bfaa82cbd,False
BOM,BLR,2026-09-10,2026-09-17,7,Air India,AI 2849,2026-09-17 17:30,2026-09-17 19:35,125,0,7678.0,INR,,Economy,,Airbus A320neo,28 in,SerpApi Google Flights,2026-09-10T07:03:00.607Z,6aa256225922f47bfaa82cbd,False
BOM,BLR,2026-09-10,2026-09-17,7,Air India,AI 2851,2026-09-17 07:55,2026-09-17 10:05,130,0,8135.0,INR,,Economy,,Airbus A320neo,28 in,SerpApi Google Flights,2026-09-10T07:03:00.607Z,6aa256225922f47bfaa82cbd,True
BOM,BLR,2026-09-10,2026-09-17,7,IndiGo,6E 5032,2026-09-17 19:55,2026-09-17 21:45,110,0,8427.0,INR,,Economy,,Airbus A321neo,28 in,SerpApi Google Flights,2026-09-10T07:03:00.607Z,6aa256225922f47bfaa82cbd,True
BOM,BLR,2026-09-10,2026-09-17,7,Akasa Air,QP 1527,2026-09-17 07:35,2026-09-17 09:35,120,0,8480.0,INR,,Economy,,Boeing 737MAX 8 Passenger,28 in,SerpApi Google Flights,2026-09-10T07:03:00.607Z,6aa256225922f47bfaa82cbd,True
BOM,BLR,2026-09-10,2026-09-17,7,Akasa Air,QP 1133,2026-09-17 19:40,2026-09-17 21:45,125,0,10341.0,INR,,Economy,,Boeing 737MAX 8 Passenger,28 in,SerpApi Google Flights,2026-09-10T07:03:00.607Z,6aa256225922f47bfaa82cbd,True
BOM,BLR,2026-09-10,2026-09-25,15,IndiGo,6E 5323,2026-09-25 01:10,2026-09-25 03:05,115,0,4945.0,INR,,Economy,,Airbus A321neo,28 in,SerpApi Google Flights,2026-09-10T07:03:03.870Z,6aa25626ad9ecfd2fcac7341,True
BOM,BLR,2026-09-10,2026-09-25,15,IndiGo,6E 5294,2026-09-25 04:30,2026-09-25 06:25,115,0,4945.0,INR,,Economy,,Airbus A321neo,28 in,SerpApi Google Flights,2026-09-10T07:03:03.870Z,6aa25626ad9ecfd2fcac7341,True
BOM,BLR,2026-09-10,2026-09-25,15,Air India,AI 2812,2026-09-25 02:05,2026-09-25 04:10,125,0,4948.0,INR,,Economy,,Airbus A320neo,28 in,SerpApi Google Flights,2026-09-10T07:03:03.870Z,6aa25626ad9ecfd2fcac7341,True
BOM,BLR,2026-09-10,2026-09-25,15,Air India,AI 3305,2026-09-25 23:40,2026-09-26 01:40,120,0,4948.0,INR,,Economy,,Airbus A321,31 in,SerpApi Google Flights,2026-09-10T07:03:03.870Z,6aa25626ad9ecfd2fcac7341,True
BOM,BLR,2026-09-10,2026-09-25,15,Akasa Air,QP 1516,2026-09-25 00:35,2026-09-25 02:25,110,0,5400.0,INR,,Economy,,Boeing 737MAX 8 Passenger,28 in,SerpApi Google Flights,2026-09-10T07:03:03.870Z,6aa25626ad9ecfd2fcac7341,False
BOM,BLR,2026-09-10,2026-09-25,15,Akasa Air,QP 1384,2026-09-25 23:10,2026-09-26 01:05,115,0,6487.0,INR,,Economy,,Boeing 737MAX 8 Passenger,,SerpApi Google Flights,2026-09-10T07:03:03.870Z,6aa25626ad9ecfd2fcac7341,False
BOM,BLR,2026-09-10,2026-09-25,15,Air India,AI 2857,2026-09-25 23:30,2026-09-26 01:35,125,0,6728.0,INR,,Economy,,Airbus A320neo,28 in,SerpApi Google Flights,2026-09-10T07:03:03.870Z,6aa25626ad9ecfd2fcac7341,False
BOM,BLR,2026-09-10,2026-09-25,15,IndiGo,6E 5193,2026-09-25 08:05,2026-09-25 09:55,110,0,6957.0,INR,,Economy,,Airbus A321neo,28 in,SerpApi Google Flights,2026-09-10T07:03:03.870Z,6aa25626ad9ecfd2fcac7341,False
BOM,BLR,2026-09-10,2026-09-25,15,IndiGo,6E 5388,2026-09-25 22:20,2026-09-26 00:20,120,0,6957.0,INR,,Economy,,Airbus A321neo,28 in,SerpApi Google Flights,2026-09-10T07:03:03.870Z,6aa25626ad9ecfd2fcac7341,False
BOM,BLR,2026-09-10,2026-09-25,15,IndiGo,6E 5296,2026-09-25 06:30,2026-09-25 08:25,115,0,7272.0,INR,,Economy,,Airbus A321neo,28 in,SerpApi Google Flights,2026-09-10T07:03:03.870Z,6aa25626ad9ecfd2fcac7341,False
BOM,BLR,2026-09-10,2026-09-25,15,IndiGo,6E 5217,2026-09-25 11:00,2026-09-25 12:55,115,0,7272.0,INR,,Economy,,Airbus A321neo,28 in,SerpApi Google Flights,2026-09-10T07:03:03.870Z,6aa25626ad9ecfd2fcac7341,False
BOM,BLR,2026-09-10,2026-09-25,15,IndiGo,6E 5184,2026-09-25 12:30,2026-09-25 14:25,115,0,7272.0,INR,,Economy,,Airbus A321neo,28 in,SerpApi Google Flights,2026-09-10T07:03:03.870Z,6aa25626ad9ecfd2fcac7341,False
BOM,BLR,2026-09-10,2026-09-25,15,IndiGo,6E 5382,2026-09-25 14:30,2026-09-25 16:25,115,0,7272.0,INR,,Economy,,Airbus A321neo,28 in,SerpApi Google Flights,2026-09-10T07:03:03.870Z,6aa25626ad9ecfd2fcac7341,False
BOM,BLR,2026-09-10,2026-09-25,15,IndiGo,6E 5221,2026-09-25 17:00,2026-09-25 18:55,115,0,7272.0,INR,,Economy,,Airbus A321neo,28 in,SerpApi Google Flights,2026-09-10T07:03:03.870Z,6aa25626ad9ecfd2fcac7341,False
BOM,BLR,2026-09-10,2026-09-25,15,IndiGo,6E 6188,2026-09-25 21:30,2026-09-25 23:25,115,0,7272.0,INR,,Economy,,Airbus A321neo,28 in,SerpApi Google Flights,2026-09-10T07:03:03.870Z,6aa25626ad9ecfd2fcac7341,False
BOM,BLR,2026-09-10,2026-09-25,15,Air India,AI 2603,2026-09-25 06:35,2026-09-25 08:35,120,0,7432.0,INR,,Economy,,Airbus A320neo,28 in,SerpApi Google Flights,2026-09-10T07:03:03.870Z,6aa25626ad9ecfd2fcac7341,False
BOM,BLR,2026-09-10,2026-09-25,15,Air India,AI 2632,2026-09-25 12:00,2026-09-25 14:05,125,0,7432.0,INR,,Economy,,Airbus A320neo,28 in,SerpApi Google Flights,2026-09-10T07:03:03.870Z,6aa25626ad9ecfd2fcac7341,False
BOM,BLR,2026-09-10,2026-09-25,15,Air India,AI 2851,2026-09-25 07:55,2026-09-25 10:05,130,0,7468.0,INR,,Economy,,Airbus A320neo,28 in,SerpApi Google Flights,2026-09-10T07:03:03.870Z,6aa25626ad9ecfd2fcac7341,False
BOM,BLR,2026-09-10,2026-09-25,15,Akasa Air,QP 1527,2026-09-25 07:35,2026-09-25 09:35,120,0,7549.0,INR,,Economy,,Boeing 737MAX 8 Passenger,28 in,SerpApi Google Flights,2026-09-10T07:03:03.870Z,6aa25626ad9ecfd2fcac7341,False
BOM,BLR,2026-09-10,2026-09-25,15,IndiGo,6E 5092,2026-09-25 09:50,2026-09-25 11:55,125,0,7587.0,INR,,Economy,,Airbus A321neo,28 in,SerpApi Google Flights,2026-09-10T07:03:03.870Z,6aa25626ad9ecfd2fcac7341,False
BOM,BLR,2026-09-10,2026-09-25,15,Akasa Air,QP 1518,2026-09-25 21:45,2026-09-25 23:45,120,0,7845.0,INR,,Economy,,Boeing 737MAX 8 Passenger,28 in,SerpApi Google Flights,2026-09-10T07:03:03.870Z,6aa25626ad9ecfd2fcac7341,False
BOM,BLR,2026-09-10,2026-09-25,15,IndiGo,6E 5047,2026-09-25 18:30,2026-09-25 20:25,115,0,8007.0,INR,,Economy,,Airbus A321neo,28 in,SerpApi Google Flights,2026-09-10T07:03:03.870Z,6aa25626ad9ecfd2fcac7341,False
BOM,BLR,2026-09-10,2026-09-25,15,IndiGo,6E 5032,2026-09-25 19:55,2026-09-25 21:45,110,0,8007.0,INR,,Economy,,Airbus A321neo,28 in,SerpApi Google Flights,2026-09-10T07:03:03.870Z,6aa25626ad9ecfd2fcac7341,False
BOM,BLR,2026-09-10,2026-09-25,15,Air India,AI 2863,2026-09-25 10:00,2026-09-25 12:05,125,0,8009.0,INR,,Economy,,Airbus A320neo,28 in,SerpApi Google Flights,2026-09-10T07:03:03.870Z,6aa25626ad9ecfd2fcac7341,False
BOM,BLR,2026-09-10,2026-09-25,15,Air India,AI 2849,2026-09-25 17:30,2026-09-25 19:35,125,0,8009.0,INR,,Economy,,Airbus A320neo,28 in,SerpApi Google Flights,2026-09-10T07:03:03.870Z,6aa25626ad9ecfd2fcac7341,False
BOM,BLR,2026-09-10,2026-09-25,15,Air India,AI 2865,2026-09-25 19:45,2026-09-25 21:50,125,0,8072.0,INR,,Economy,,Airbus A320neo,28 in,SerpApi Google Flights,2026-09-10T07:03:03.870Z,6aa25626ad9ecfd2fcac7341,False
BOM,BLR,2026-09-10,2026-09-25,15,Air India,AI 2401,2026-09-25 20:45,2026-09-25 22:45,120,0,8072.0,INR,,Economy,,Airbus A320neo,28 in,SerpApi Google Flights,2026-09-10T07:03:03.870Z,6aa25626ad9ecfd2fcac7341,False
BOM,BLR,2026-09-10,2026-09-25,15,Akasa Air,QP 1382,2026-09-25 18:25,2026-09-25 20:20,115,0,8157.0,INR,,Economy,,Boeing 737MAX 8 Passenger,28 in,SerpApi Google Flights,2026-09-10T07:03:03.870Z,6aa25626ad9ecfd2fcac7341,False
BOM,BLR,2026-09-10,2026-09-25,15,IndiGo,6E 5071,2026-09-25 15:35,2026-09-25 17:25,110,0,8427.0,INR,,Economy,,Airbus A321neo,28 in,SerpApi Google Flights,2026-09-10T07:03:03.870Z,6aa25626ad9ecfd2fcac7341,False
BOM,BLR,2026-09-10,2026-09-25,15,Akasa Air,QP 1133,2026-09-25 19:40,2026-09-25 21:45,125,0,8480.0,INR,,Economy,,Boeing 737MAX 8 Passenger,28 in,SerpApi Google Flights,2026-09-10T07:03:03.870Z,6aa25626ad9ecfd2fcac7341,False
BOM,BLR,2026-09-10,2026-09-25,15,Air India,AI 2641,2026-09-25 18:30,2026-09-25 20:35,125,0,8581.0,INR,,Economy,,Airbus A320neo,28 in,SerpApi Google Flights,2026-09-10T07:03:03.870Z,6aa25626ad9ecfd2fcac7341,False
BOM,BLR,2026-09-10,2026-09-25,15,Air India,AI 2853,2026-09-25 15:25,2026-09-25 17:35,130,0,8587.0,INR,,Economy,,Airbus A320neo,28 in,SerpApi Google Flights,2026-09-10T07:03:03.870Z,6aa25626ad9ecfd2fcac7341,False
BOM,BLR,2026-09-10,2026-10-10,30,IndiGo,6E 5294,2026-10-10 04:30,2026-10-10 06:25,115,0,4945.0,INR,,Economy,,Airbus A321neo,28 in,SerpApi Google Flights,2026-09-10T07:03:11.093Z,6aa256293a9206e2bee1719f,True
BOM,BLR,2026-09-10,2026-10-10,30,IndiGo,6E 5323,2026-10-10 01:10,2026-10-10 03:05,115,0,4945.0,INR,,Economy,,Airbus A321neo,28 in,SerpApi Google Flights,2026-09-10T07:03:11.093Z,6aa256293a9206e2bee1719f,True
BOM,BLR,2026-09-10,2026-10-10,30,Air India,AI 2812,2026-10-10 02:05,2026-10-10 04:10,125,0,4948.0,INR,,Economy,,Airbus A320neo,28 in,SerpApi Google Flights,2026-09-10T07:03:11.093Z,6aa256293a9206e2bee1719f,True
BOM,BLR,2026-09-10,2026-10-10,30,Akasa Air,QP 1133,2026-10-10 20:05,2026-10-10 21:45,100,0,5400.0,INR,,Economy,,Boeing 737MAX 8 Passenger,28 in,SerpApi Google Flights,2026-09-10T07:03:11.093Z,6aa256293a9206e2bee1719f,True
BOM,BLR,2026-09-10,2026-10-10,30,Akasa Air,QP 1516,2026-10-10 00:40,2026-10-10 02:35,115,0,5400.0,INR,,Economy,,Boeing 737MAX 8 Passenger,28 in,SerpApi Google Flights,2026-09-10T07:03:11.093Z,6aa256293a9206e2bee1719f,True
BOM,BLR,2026-09-10,2026-10-10,30,Akasa Air,QP 1518,2026-10-10 21:45,2026-10-10 23:35,110,0,5400.0,INR,,Economy,,Boeing 737MAX 8 Passenger,28 in,SerpApi Google Flights,2026-09-10T07:03:11.093Z,6aa256293a9206e2bee1719f,True
BOM,BLR,2026-09-10,2026-10-10,30,Air India,AI 2857,2026-10-10 23:30,2026-10-11 01:35,125,0,6623.0,INR,,Economy,,Airbus A320neo,28 in,SerpApi Google Flights,2026-09-10T07:03:11.093Z,6aa256293a9206e2bee1719f,False
BOM,BLR,2026-09-10,2026-10-10,30,IndiGo,6E 5296,2026-10-10 06:15,2026-10-10 08:00,105,0,6957.0,INR,,Economy,,Airbus A321neo,28 in,SerpApi Google Flights,2026-09-10T07:03:11.093Z,6aa256293a9206e2bee1719f,False
BOM,BLR,2026-09-10,2026-10-10,30,IndiGo,6E 6188,2026-10-10 21:30,2026-10-10 23:25,115,0,6957.0,INR,,Economy,,Airbus A321neo,28 in,SerpApi Google Flights,2026-09-10T07:03:11.093Z,6aa256293a9206e2bee1719f,False
BOM,BLR,2026-09-10,2026-10-10,30,IndiGo,6E 5388,2026-10-10 22:20,2026-10-11 00:20,120,0,6957.0,INR,,Economy,,Airbus A321neo,28 in,SerpApi Google Flights,2026-09-10T07:03:11.093Z,6aa256293a9206e2bee1719f,False
BOM,BLR,2026-09-10,2026-10-10,30,Air India,AI 2603,2026-10-10 06:35,2026-10-10 08:35,120,0,7117.0,INR,,Economy,,Airbus A320neo,28 in,SerpApi Google Flights,2026-09-10T07:03:11.093Z,6aa256293a9206e2bee1719f,False
BOM,BLR,2026-09-10,2026-10-10,30,Air India,AI 2865,2026-10-10 19:45,2026-10-10 21:50,125,0,7117.0,INR,,Economy,,Airbus A320neo,28 in,SerpApi Google Flights,2026-09-10T07:03:11.093Z,6aa256293a9206e2bee1719f,False
BOM,BLR,2026-09-10,2026-10-10,30,Air India,AI 2401,2026-10-10 20:45,2026-10-10 22:45,120,0,7117.0,INR,,Economy,,Airbus A320neo,28 in,SerpApi Google Flights,2026-09-10T07:03:11.093Z,6aa256293a9206e2bee1719f,False
BOM,BLR,2026-09-10,2026-10-10,30,IndiGo,6E 5193,2026-10-10 07:45,2026-10-10 09:45,120,0,7272.0,INR,,Economy,,Airbus A321neo,28 in,SerpApi Google Flights,2026-09-10T07:03:11.093Z,6aa256293a9206e2bee1719f,False
BOM,BLR,2026-09-10,2026-10-10,30,IndiGo,6E 5032,2026-10-10 19:50,2026-10-10 21:45,115,0,7272.0,INR,,Economy,,Airbus A321neo,28 in,SerpApi Google Flights,2026-09-10T07:03:11.093Z,6aa256293a9206e2bee1719f,False
BOM,BLR,2026-09-10,2026-10-10,30,Air India Express,IX 5986,2026-10-10 08:40,2026-10-10 10:30,110,0,7348.0,INR,,Economy,,Airbus A320,28 in,SerpApi Google Flights,2026-09-10T07:03:11.093Z,6aa256293a9206e2bee1719f,False
BOM,BLR,2026-09-10,2026-10-10,30,IndiGo,6E 5217,2026-10-10 11:00,2026-10-10 12:55,115,0,7587.0,INR,,Economy,,Airbus A321neo,28 in,SerpApi Google Flights,2026-09-10T07:03:11.093Z,6aa256293a9206e2bee1719f,False
BOM,BLR,2026-09-10,2026-10-10,30,IndiGo,6E 5184,2026-10-10 12:30,2026-10-10 14:25,115,0,7587.0,INR,,Economy,,Airbus A321neo,28 in,SerpApi Google Flights,2026-09-10T07:03:11.093Z,6aa256293a9206e2bee1719f,False
BOM,BLR,2026-09-10,2026-10-10,30,IndiGo,6E 5382,2026-10-10 14:30,2026-10-10 16:25,115,0,7587.0,INR,,Economy,,Airbus A321neo,28 in,SerpApi Google Flights,2026-09-10T07:03:11.093Z,6aa256293a9206e2bee1719f,False
BOM,BLR,2026-09-10,2026-10-10,30,IndiGo,6E 5071,2026-10-10 15:35,2026-10-10 17:25,110,0,7587.0,INR,,Economy,,Airbus A321neo,28 in,SerpApi Google Flights,2026-09-10T07:03:11.093Z,6aa256293a9206e2bee1719f,False
BOM,BLR,2026-09-10,2026-10-10,30,IndiGo,6E 5221,2026-10-10 17:00,2026-10-10 18:55,115,0,7587.0,INR,,Economy,,Airbus A321neo,28 in,SerpApi Google Flights,2026-09-10T07:03:11.093Z,6aa256293a9206e2bee1719f,False
BOM,BLR,2026-09-10,2026-10-10,30,IndiGo,6E 5047,2026-10-10 18:30,2026-10-10 20:15,105,0,7587.0,INR,,Economy,,Airbus A321neo,28 in,SerpApi Google Flights,2026-09-10T07:03:11.093Z,6aa256293a9206e2bee1719f,False
BOM,BLR,2026-09-10,2026-10-10,30,Air India,AI 2851,2026-10-10 07:55,2026-10-10 10:05,130,0,7804.0,INR,,Economy,,Airbus A320neo,28 in,SerpApi Google Flights,2026-09-10T07:03:11.093Z,6aa256293a9206e2bee1719f,False
BOM,BLR,2026-09-10,2026-10-10,30,Air India,AI 2632,2026-10-10 12:00,2026-10-10 14:05,125,0,7878.0,INR,,Economy,,Airbus A320neo,28 in,SerpApi Google Flights,2026-09-10T07:03:11.093Z,6aa256293a9206e2bee1719f,False
BOM,BLR,2026-09-10,2026-10-10,30,Air India,AI 2853,2026-10-10 15:25,2026-10-10 17:35,130,0,7878.0,INR,,Economy,,Airbus A320neo,28 in,SerpApi Google Flights,2026-09-10T07:03:11.093Z,6aa256293a9206e2bee1719f,False
BOM,BLR,2026-09-10,2026-10-10,30,IndiGo,6E 5092,2026-10-10 09:50,2026-10-10 11:55,125,0,8007.0,INR,,Economy,,Airbus A321neo,28 in,SerpApi Google Flights,2026-09-10T07:03:11.093Z,6aa256293a9206e2bee1719f,False
BOM,BLR,2026-09-10,2026-10-10,30,Air India,AI 2863,2026-10-10 10:00,2026-10-10 12:05,125,0,8009.0,INR,,Economy,,Airbus A320neo,28 in,SerpApi Google Flights,2026-09-10T07:03:11.093Z,6aa256293a9206e2bee1719f,False
BOM,BLR,2026-09-10,2026-10-10,30,Air India,AI 2849,2026-10-10 17:30,2026-10-10 19:35,125,0,8009.0,INR,,Economy,,Airbus A320neo,28 in,SerpApi Google Flights,2026-09-10T07:03:11.093Z,6aa256293a9206e2bee1719f,False
BOM,BLR,2026-09-10,2026-10-10,30,Air India,AI 2641,2026-10-10 18:30,2026-10-10 20:35,125,0,8009.0,INR,,Economy,,Airbus A320neo,28 in,SerpApi Google Flights,2026-09-10T07:03:11.093Z,6aa256293a9206e2bee1719f,False
BOM,BLR,2026-09-10,2026-10-25,45,SpiceJet,SG 555,2026-10-25 23:15,2026-10-26 01:10,115,0,5971.0,INR,,Economy,,Boeing 737,29 in,SerpApi Google Flights,2026-09-10T07:03:14.059Z,6aa25630ab28c60ff7d26837,True
BOM,BLR,2026-09-10,2026-10-25,45,SpiceJet,SG 669,2026-10-25 05:45,2026-10-25 07:45,120,0,5971.0,INR,,Economy,,Boeing 737,29 in,SerpApi Google Flights,2026-09-10T07:03:14.059Z,6aa25630ab28c60ff7d26837,True
BOM,BLR,2026-09-10,2026-10-25,45,Akasa Air,QP 1336,2026-10-25 22:45,2026-10-26 00:35,110,0,6735.0,INR,,Economy,,Boeing 737MAX 8 Passenger,,SerpApi Google Flights,2026-09-10T07:03:14.059Z,6aa25630ab28c60ff7d26837,False
BOM,BLR,2026-09-10,2026-10-25,45,IndiGo,6E 5323,2026-10-25 00:45,2026-10-25 02:35,110,0,6957.0,INR,,Economy,,Airbus A321neo,28 in,SerpApi Google Flights,2026-09-10T07:03:14.059Z,6aa25630ab28c60ff7d26837,False
BOM,BLR,2026-09-10,2026-10-25,45,IndiGo,6E 6335,2026-10-25 04:30,2026-10-25 06:20,110,0,6957.0,INR,,Economy,,Airbus A321neo,28 in,SerpApi Google Flights,2026-09-10T07:03:14.059Z,6aa25630ab28c60ff7d26837,False
BOM,BLR,2026-09-10,2026-10-25,45,IndiGo,6E 5296,2026-10-25 06:00,2026-10-25 07:50,110,0,7272.0,INR,,Economy,,Airbus A321neo,28 in,SerpApi Google Flights,2026-09-10T07:03:14.059Z,6aa25630ab28c60ff7d26837,False
BOM,BLR,2026-09-10,2026-10-25,45,Air India,AI 2812,2026-10-25 02:05,2026-10-25 03:50,105,0,7526.0,INR,,Economy,,Airbus A320neo,28 in,SerpApi Google Flights,2026-09-10T07:03:14.059Z,6aa25630ab28c60ff7d26837,False
BOM,BLR,2026-09-10,2026-10-25,45,Air India,AI 2603,2026-10-25 06:35,2026-10-25 08:20,105,0,7526.0,INR,,Economy,,Airbus A320neo,28 in,SerpApi Google Flights,2026-09-10T07:03:14.059Z,6aa25630ab28c60ff7d26837,False
BOM,BLR,2026-09-10,2026-10-25,45,Air India Express,IX 1549,2026-10-25 14:25,2026-10-25 16:15,110,0,7539.0,INR,,Economy,,Airbus A320,28 in,SerpApi Google Flights,2026-09-10T07:03:14.059Z,6aa25630ab28c60ff7d26837,False
BOM,BLR,2026-09-10,2026-10-25,45,Akasa Air,QP 1332,2026-10-25 08:40,2026-10-25 10:30,110,0,7549.0,INR,,Economy,,Boeing 737MAX 8 Passenger,,SerpApi Google Flights,2026-09-10T07:03:14.059Z,6aa25630ab28c60ff7d26837,False
BOM,BLR,2026-09-10,2026-10-25,45,IndiGo,6E 6284,2026-10-25 02:15,2026-10-25 04:05,110,0,7587.0,INR,,Economy,,Airbus A321neo,28 in,SerpApi Google Flights,2026-09-10T07:03:14.059Z,6aa25630ab28c60ff7d26837,False
BOM,BLR,2026-09-10,2026-10-25,45,IndiGo,6E 5193,2026-10-25 07:25,2026-10-25 09:15,110,0,7587.0,INR,,Economy,,Airbus A321neo,28 in,SerpApi Google Flights,2026-09-10T07:03:14.059Z,6aa25630ab28c60ff7d26837,False
BOM,BLR,2026-09-10,2026-10-25,45,IndiGo,6E 5092,2026-10-25 09:40,2026-10-25 11:30,110,0,7587.0,INR,,Economy,,Airbus A321neo,28 in,SerpApi Google Flights,2026-09-10T07:03:14.059Z,6aa25630ab28c60ff7d26837,False
BOM,BLR,2026-09-10,2026-10-25,45,IndiGo,6E 5388,2026-10-25 22:55,2026-10-26 00:45,110,0,7587.0,INR,,Economy,,Airbus A321neo,28 in,SerpApi Google Flights,2026-09-10T07:03:14.059Z,6aa25630ab28c60ff7d26837,False
BOM,BLR,2026-09-10,2026-10-25,45,SpiceJet,SG 642,2026-10-25 18:20,2026-10-25 20:20,120,0,7767.0,INR,,Economy,,Boeing 737,29 in,SerpApi Google Flights,2026-09-10T07:03:14.059Z,6aa25630ab28c60ff7d26837,False
BOM,BLR,2026-09-10,2026-10-25,45,IndiGo,6E 5217,2026-10-25 11:05,2026-10-25 12:55,110,0,8007.0,INR,,Economy,,Airbus A321neo,28 in,SerpApi Google Flights,2026-09-10T07:03:14.059Z,6aa25630ab28c60ff7d26837,False
BOM,BLR,2026-09-10,2026-10-25,45,IndiGo,6E 5083,2026-10-25 21:45,2026-10-25 23:35,110,0,8007.0,INR,,Economy,,Airbus A321neo,28 in,SerpApi Google Flights,2026-09-10T07:03:14.059Z,6aa25630ab28c60ff7d26837,False
BOM,BLR,2026-09-10,2026-10-25,45,Air India,AI 2863,2026-10-25 10:00,2026-10-25 11:45,105,0,8219.0,INR,,Economy,,Airbus A320neo,28 in,SerpApi Google Flights,2026-09-10T07:03:14.059Z,6aa25630ab28c60ff7d26837,False
BOM,BLR,2026-09-10,2026-10-25,45,Air India,AI 2851,2026-10-25 07:55,2026-10-25 09:40,105,0,8356.0,INR,,Economy,,Airbus A320neo,28 in,SerpApi Google Flights,2026-09-10T07:03:14.059Z,6aa25630ab28c60ff7d26837,False
BOM,BLR,2026-09-10,2026-10-25,45,Air India,AI 2401,2026-10-25 20:45,2026-10-25 22:35,110,0,8398.0,INR,,Economy,,Airbus A320neo,28 in,SerpApi Google Flights,2026-09-10T07:03:14.059Z,6aa25630ab28c60ff7d26837,False
BOM,BLR,2026-09-10,2026-10-25,45,IndiGo,6E 5032,2026-10-25 20:15,2026-10-25 22:05,110,0,8427.0,INR,,Economy,,Airbus A321neo,28 in,SerpApi Google Flights,2026-09-10T07:03:14.059Z,6aa25630ab28c60ff7d26837,False
BOM,BLR,2026-09-10,2026-10-25,45,Akasa Air,QP 1133,2026-10-25 18:50,2026-10-25 20:45,115,0,8480.0,INR,,Economy,,Boeing 737MAX 8 Passenger,,SerpApi Google Flights,2026-09-10T07:03:14.059Z,6aa25630ab28c60ff7d26837,False
BOM,BLR,2026-09-10,2026-10-25,45,Air India,AI 2632,2026-10-25 12:00,2026-10-25 13:45,105,0,8539.0,INR,,Economy,,Airbus A320neo,28 in,SerpApi Google Flights,2026-09-10T07:03:14.059Z,6aa25630ab28c60ff7d26837,False
BOM,BLR,2026-09-10,2026-10-25,45,Air India,AI 2621,2026-10-25 13:45,2026-10-25 15:35,110,0,8555.0,INR,,Economy,,Airbus A321,31 in,SerpApi Google Flights,2026-09-10T07:03:14.059Z,6aa25630ab28c60ff7d26837,False
BOM,BLR,2026-09-10,2026-10-25,45,Air India,AI 2623,2026-10-25 11:00,2026-10-25 12:45,105,0,8555.0,INR,,Economy,,Airbus A321,31 in,SerpApi Google Flights,2026-09-10T07:03:14.059Z,6aa25630ab28c60ff7d26837,False
BOM,BLR,2026-09-10,2026-10-25,45,Air India,AI 2484,2026-10-25 18:00,2026-10-25 19:50,110,0,8555.0,INR,,Economy,,Airbus A320neo,28 in,SerpApi Google Flights,2026-09-10T07:03:14.059Z,6aa25630ab28c60ff7d26837,False
BOM,BLR,2026-09-10,2026-10-25,45,Air India,AI 2853,2026-10-25 15:35,2026-10-25 17:25,110,0,8681.0,INR,,Economy,,Airbus A320neo,28 in,SerpApi Google Flights,2026-09-10T07:03:14.059Z,6aa25630ab28c60ff7d26837,False
BOM,BLR,2026-09-10,2026-10-25,45,Air India,AI 2849,2026-10-25 17:30,2026-10-25 19:20,110,0,8681.0,INR,,Economy,,Airbus A320neo,28 in,SerpApi Google Flights,2026-09-10T07:03:14.059Z,6aa25630ab28c60ff7d26837,False
BOM,BLR,2026-09-10,2026-10-25,45,Air India,AI 2641,2026-10-25 19:15,2026-10-25 21:05,110,0,8681.0,INR,,Economy,,Airbus A320neo,28 in,SerpApi Google Flights,2026-09-10T07:03:14.059Z,6aa25630ab28c60ff7d26837,False
BOM,BLR,2026-09-10,2026-10-25,45,IndiGo,6E 5047,2026-10-25 19:00,2026-10-25 20:50,110,0,8952.0,INR,,Economy,,Airbus A321neo,28 in,SerpApi Google Flights,2026-09-10T07:03:14.059Z,6aa25630ab28c60ff7d26837,False
BOM,BLR,2026-09-10,2026-10-25,45,IndiGo,6E 5257,2026-10-25 12:30,2026-10-25 14:20,110,0,9477.0,INR,,Economy,,Airbus A321neo,28 in,SerpApi Google Flights,2026-09-10T07:03:14.059Z,6aa25630ab28c60ff7d26837,False
BOM,BLR,2026-09-10,2026-10-25,45,IndiGo,6E 5221,2026-10-25 17:45,2026-10-25 19:35,110,0,9477.0,INR,,Economy,,Airbus A321neo,28 in,SerpApi Google Flights,2026-09-10T07:03:14.059Z,6aa25630ab28c60ff7d26837,False
BOM,BLR,2026-09-10,2026-10-25,45,IndiGo,6E 5382,2026-10-25 15:00,2026-10-25 16:50,110,0,10632.0,INR,,Economy,,Airbus A321neo,28 in,SerpApi Google Flights,2026-09-10T07:03:14.059Z,6aa25630ab28c60ff7d26837,True
BOM,BLR,2026-09-10,2026-10-25,45,IndiGo,6E 5071,2026-10-25 16:20,2026-10-25 18:10,110,0,16722.0,INR,,Economy,,Airbus A321neo,28 in,SerpApi Google Flights,2026-09-10T07:03:14.059Z,6aa25630ab28c60ff7d26837,True
BOM,DEL,2026-09-10,2026-09-11,1,IndiGo,6E 6827,2026-09-11 11:30,2026-09-11 13:45,135,0,6457.0,INR,,Economy,,Airbus A321neo,28 in,SerpApi Google Flights,2026-09-10T07:01:52.123Z,6aa255deeeabd3f56de0e273,False
BOM,DEL,2026-09-10,2026-09-11,1,IndiGo,6E 310,2026-09-11 10:35,2026-09-11 13:00,145,0,6457.0,INR,,Economy,,Airbus A321neo,28 in,SerpApi Google Flights,2026-09-10T07:01:52.123Z,6aa255deeeabd3f56de0e273,False
BOM,DEL,2026-09-10,2026-09-11,1,Air India,AI 2687,2026-09-11 11:25,2026-09-11 14:00,155,0,6614.0,INR,,Economy,,Boeing 787,32 in,SerpApi Google Flights,2026-09-10T07:01:52.123Z,6aa255deeeabd3f56de0e273,False
BOM,DEL,2026-09-10,2026-09-11,1,Air India,AI 2952,2026-09-11 11:25,2026-09-11 13:45,140,0,6772.0,INR,,Economy,,Airbus A350,31 in,SerpApi Google Flights,2026-09-10T07:01:52.123Z,6aa255deeeabd3f56de0e273,False
BOM,DEL,2026-09-10,2026-09-11,1,Akasa Air,QP 1835,2026-09-11 11:50,2026-09-11 14:20,150,0,6873.0,INR,,Economy,,Boeing 737MAX 8 Passenger,28 in,SerpApi Google Flights,2026-09-10T07:01:52.123Z,6aa255deeeabd3f56de0e273,False
BOM,DEL,2026-09-10,2026-09-11,1,IndiGo,6E 6052,2026-09-11 10:00,2026-09-11 12:30,150,0,7717.0,INR,,Economy,,Airbus A321neo,28 in,SerpApi Google Flights,2026-09-10T07:01:52.123Z,6aa255deeeabd3f56de0e273,False
BOM,DEL,2026-09-10,2026-09-11,1,IndiGo,6E 6028,2026-09-11 12:15,2026-09-11 14:25,130,0,8085.0,INR,,Economy,,Airbus A321neo,28 in,SerpApi Google Flights,2026-09-10T07:01:52.123Z,6aa255deeeabd3f56de0e273,False
BOM,DEL,2026-09-10,2026-09-11,1,Air India Express,IX 1050,2026-09-11 08:55,2026-09-11 11:10,135,0,8281.0,INR,,Economy,,Boeing 737MAX 8 Passenger,29 in,SerpApi Google Flights,2026-09-10T07:01:52.123Z,6aa255deeeabd3f56de0e273,False
BOM,DEL,2026-09-10,2026-09-11,1,IndiGo,6E 762,2026-09-11 06:00,2026-09-11 08:10,130,0,8505.0,INR,,Economy,,Airbus A321neo,28 in,SerpApi Google Flights,2026-09-10T07:01:52.123Z,6aa255deeeabd3f56de0e273,False
BOM,DEL,2026-09-10,2026-09-11,1,Akasa Air,QP 1109,2026-09-11 07:00,2026-09-11 09:20,140,0,8909.0,INR,,Economy,,Boeing 737MAX 8 Passenger,28 in,SerpApi Google Flights,2026-09-10T07:01:52.123Z,6aa255deeeabd3f56de0e273,False
BOM,DEL,2026-09-10,2026-09-11,1,Air India,AI 2422,2026-09-11 01:00,2026-09-11 03:20,140,0,8924.0,INR,,Economy,,Airbus A320neo,28 in,SerpApi Google Flights,2026-09-10T07:01:52.123Z,6aa255deeeabd3f56de0e273,False
BOM,DEL,2026-09-10,2026-09-11,1,Air India,AI 2452,2026-09-11 03:05,2026-09-11 05:25,140,0,8924.0,INR,,Economy,,Airbus A320neo,28 in,SerpApi Google Flights,2026-09-10T07:01:52.123Z,6aa255deeeabd3f56de0e273,False
BOM,DEL,2026-09-10,2026-09-11,1,Air India,AI 2928,2026-09-11 06:30,2026-09-11 08:40,130,0,8924.0,INR,,Economy,,Airbus A320neo,28 in,SerpApi Google Flights,2026-09-10T07:01:52.123Z,6aa255deeeabd3f56de0e273,False
BOM,DEL,2026-09-10,2026-09-11,1,Air India,AI 2424,2026-09-11 07:00,2026-09-11 09:15,135,0,8924.0,INR,,Economy,,Airbus A320neo,28 in,SerpApi Google Flights,2026-09-10T07:01:52.123Z,6aa255deeeabd3f56de0e273,False
BOM,DEL,2026-09-10,2026-09-11,1,Air India,AI 2432,2026-09-11 09:30,2026-09-11 11:50,140,0,8924.0,INR,,Economy,,Airbus A320neo,28 in,SerpApi Google Flights,2026-09-10T07:01:52.123Z,6aa255deeeabd3f56de0e273,False
BOM,DEL,2026-09-10,2026-09-11,1,Air India,AI 2430,2026-09-11 10:00,2026-09-11 12:20,140,0,8924.0,INR,,Economy,,Airbus A320neo,28 in,SerpApi Google Flights,2026-09-10T07:01:52.123Z,6aa255deeeabd3f56de0e273,False
BOM,DEL,2026-09-10,2026-09-11,1,IndiGo,6E 301,2026-09-11 07:00,2026-09-11 09:10,130,0,9030.0,INR,,Economy,,Airbus A321neo,28 in,SerpApi Google Flights,2026-09-10T07:01:52.123Z,6aa255deeeabd3f56de0e273,False
BOM,DEL,2026-09-10,2026-09-11,1,IndiGo,6E 333,2026-09-11 08:00,2026-09-11 10:15,135,0,9660.0,INR,,Economy,,Airbus A321neo,28 in,SerpApi Google Flights,2026-09-10T07:01:52.123Z,6aa255deeeabd3f56de0e273,False
BOM,DEL,2026-09-10,2026-09-11,1,IndiGo,6E 355,2026-09-11 09:00,2026-09-11 11:15,135,0,9660.0,INR,,Economy,,Airbus A321neo,28 in,SerpApi Google Flights,2026-09-10T07:01:52.123Z,6aa255deeeabd3f56de0e273,False
BOM,DEL,2026-09-10,2026-09-11,1,Air India,AI 2428,2026-09-11 08:00,2026-09-11 10:20,140,0,12919.0,INR,,Economy,,Airbus A320neo,28 in,SerpApi Google Flights,2026-09-10T07:01:52.123Z,6aa255deeeabd3f56de0e273,False
BOM,DEL,2026-09-10,2026-09-11,1,Air India,AI 2970,2026-09-11 08:30,2026-09-11 10:50,140,0,12919.0,INR,,Economy,,Airbus A320neo,28 in,SerpApi Google Flights,2026-09-10T07:01:52.123Z,6aa255deeeabd3f56de0e273,False
BOM,DEL,2026-09-10,2026-09-11,1,Air India,AI 1882,2026-09-11 23:55,2026-09-12 02:15,140,0,13271.0,INR,,Economy,,Airbus A320neo,28 in,SerpApi Google Flights,2026-09-10T07:01:52.123Z,6aa255deeeabd3f56de0e273,False
BOM,DEL,2026-09-10,2026-09-11,1,Akasa Air,QP 1834,2026-09-11 10:20,2026-09-11 12:45,145,0,13576.0,INR,,Economy,,Boeing 737MAX 8 Passenger,28 in,SerpApi Google Flights,2026-09-10T07:01:52.123Z,6aa255deeeabd3f56de0e273,False
BOM,DEL,2026-09-10,2026-09-11,1,Akasa Air,QP 1819,2026-09-11 14:30,2026-09-11 16:50,140,0,13576.0,INR,,Economy,,Boeing 737MAX 8 Passenger,28 in,SerpApi Google Flights,2026-09-10T07:01:52.123Z,6aa255deeeabd3f56de0e273,False
BOM,DEL,2026-09-10,2026-09-11,1,Air India,AI 2677,2026-09-11 13:00,2026-09-11 15:15,135,0,16615.0,INR,,Economy,,Airbus A320neo,28 in,SerpApi Google Flights,2026-09-10T07:01:52.123Z,6aa255deeeabd3f56de0e273,False
BOM,DEL,2026-09-10,2026-09-11,1,Air India,AI 2960,2026-09-11 14:05,2026-09-11 16:25,140,0,16615.0,INR,,Economy,,Airbus A320neo,28 in,SerpApi Google Flights,2026-09-10T07:01:52.123Z,6aa255deeeabd3f56de0e273,False
BOM,DEL,2026-09-10,2026-09-11,1,Air India,AI 2944,2026-09-11 14:35,2026-09-11 16:55,140,0,16615.0,INR,,Economy,,Airbus A320neo,28 in,SerpApi Google Flights,2026-09-10T07:01:52.123Z,6aa255deeeabd3f56de0e273,False
BOM,DEL,2026-09-10,2026-09-11,1,Air India,AI 2442,2026-09-11 15:00,2026-09-11 17:20,140,0,16615.0,INR,,Economy,,Airbus A320neo,28 in,SerpApi Google Flights,2026-09-10T07:01:52.123Z,6aa255deeeabd3f56de0e273,False
BOM,DEL,2026-09-10,2026-09-11,1,Air India,AI 1851,2026-09-11 15:30,2026-09-11 17:50,140,0,16615.0,INR,,Economy,,Airbus A320neo,28 in,SerpApi Google Flights,2026-09-10T07:01:52.123Z,6aa255deeeabd3f56de0e273,False
BOM,DEL,2026-09-10,2026-09-11,1,IndiGo,6E 349,2026-09-11 15:00,2026-09-11 17:15,135,0,17115.0,INR,,Economy,,Airbus A321neo,28 in,SerpApi Google Flights,2026-09-10T07:01:52.123Z,6aa255deeeabd3f56de0e273,False
BOM,DEL,2026-09-10,2026-09-11,1,Akasa Air,QP 1127,2026-09-11 12:55,2026-09-11 15:20,145,0,17689.0,INR,,Economy,,Boeing 737MAX 8 Passenger,28 in,SerpApi Google Flights,2026-09-10T07:01:52.123Z,6aa255deeeabd3f56de0e273,False
BOM,DEL,2026-09-10,2026-09-11,1,Akasa Air,QP 1825,2026-09-11 16:50,2026-09-11 19:15,145,0,19338.0,INR,,Economy,,Boeing 737MAX 8 Passenger,28 in,SerpApi Google Flights,2026-09-10T07:01:52.123Z,6aa255deeeabd3f56de0e273,False
BOM,DEL,2026-09-10,2026-09-11,1,IndiGo,6E 656,2026-09-11 05:00,2026-09-11 07:10,130,0,19530.0,INR,,Economy,,Airbus A321neo,28 in,SerpApi Google Flights,2026-09-10T07:01:52.123Z,6aa255deeeabd3f56de0e273,False
BOM,DEL,2026-09-10,2026-09-11,1,Air India Express,IX 1671,2026-09-11 16:45,2026-09-11 19:05,140,0,19611.0,INR,,Economy,,Boeing 737MAX 8 Passenger,30 in,SerpApi Google Flights,2026-09-10T07:01:52.123Z,6aa255deeeabd3f56de0e273,False
BOM,DEL,2026-09-10,2026-09-11,1,IndiGo,6E 615,2026-09-11 13:00,2026-09-11 15:15,135,0,22680.0,INR,,Economy,,Airbus A321neo,28 in,SerpApi Google Flights,2026-09-10T07:01:52.123Z,6aa255deeeabd3f56de0e273,False
BOM,DEL,2026-09-10,2026-09-11,1,IndiGo,6E 6704,2026-09-11 14:00,2026-09-11 16:15,135,0,22680.0,INR,,Economy,,Airbus A321neo,28 in,SerpApi Google Flights,2026-09-10T07:01:52.123Z,6aa255deeeabd3f56de0e273,False
BOM,DEL,2026-09-10,2026-09-11,1,IndiGo,6E 313,2026-09-11 16:00,2026-09-11 18:15,135,0,22680.0,INR,,Economy,,Airbus A321neo,28 in,SerpApi Google Flights,2026-09-10T07:01:52.123Z,6aa255deeeabd3f56de0e273,False
BOM,DEL,2026-09-10,2026-09-11,1,IndiGo,6E 6082,2026-09-11 16:45,2026-09-11 18:55,130,0,22680.0,INR,,Economy,,Airbus A321neo,28 in,SerpApi Google Flights,2026-09-10T07:01:52.123Z,6aa255deeeabd3f56de0e273,False
BOM,DEL,2026-09-10,2026-09-11,1,IndiGo,6E 315,2026-09-11 17:20,2026-09-11 19:45,145,0,22680.0,INR,,Economy,,Airbus A321neo,28 in,SerpApi Google Flights,2026-09-10T07:01:52.124Z,6aa255deeeabd3f56de0e273,False
BOM,DEL,2026-09-10,2026-09-11,1,IndiGo,6E 6613,2026-09-11 18:15,2026-09-11 20:30,135,0,22680.0,INR,,Economy,,Airbus A321neo,28 in,SerpApi Google Flights,2026-09-10T07:01:52.124Z,6aa255deeeabd3f56de0e273,False
BOM,DEL,2026-09-10,2026-09-11,1,IndiGo,6E 330,2026-09-11 20:20,2026-09-11 22:45,145,0,22680.0,INR,,Economy,,Airbus A321neo,28 in,SerpApi Google Flights,2026-09-10T07:01:52.124Z,6aa255deeeabd3f56de0e273,False
BOM,DEL,2026-09-10,2026-09-11,1,IndiGo,6E 102,2026-09-11 21:15,2026-09-11 23:30,135,0,22680.0,INR,,Economy,,Airbus A321neo,28 in,SerpApi Google Flights,2026-09-10T07:01:52.124Z,6aa255deeeabd3f56de0e273,False
BOM,DEL,2026-09-10,2026-09-11,1,IndiGo,6E 651,2026-09-11 22:15,2026-09-12 00:30,135,0,22680.0,INR,,Economy,,Airbus A321neo,28 in,SerpApi Google Flights,2026-09-10T07:01:52.124Z,6aa255deeeabd3f56de0e273,False
BOM,DEL,2026-09-10,2026-09-11,1,IndiGo,6E 350,2026-09-11 23:45,2026-09-12 02:00,135,0,22680.0,INR,,Economy,,Airbus A321neo,28 in,SerpApi Google Flights,2026-09-10T07:01:52.124Z,6aa255deeeabd3f56de0e273,False
BOM,DEL,2026-09-10,2026-09-11,1,Air India,AI 1895,2026-09-11 21:30,2026-09-11 23:45,135,0,23876.0,INR,,Economy,,Airbus A320neo,28 in,SerpApi Google Flights,2026-09-10T07:01:52.124Z,6aa255deeeabd3f56de0e273,False
BOM,DEL,2026-09-10,2026-09-11,1,Air India,AI 2986,2026-09-11 22:35,2026-09-12 00:55,140,0,23876.0,INR,,Economy,,Airbus A320neo,28 in,SerpApi Google Flights,2026-09-10T07:01:52.124Z,6aa255deeeabd3f56de0e273,False
BOM,DEL,2026-09-10,2026-09-11,1,Air India,AI 2988,2026-09-11 20:30,2026-09-11 22:50,140,0,24553.0,INR,,Economy,,Airbus A320neo,28 in,SerpApi Google Flights,2026-09-10T07:01:52.124Z,6aa255deeeabd3f56de0e273,False
BOM,DEL,2026-09-10,2026-09-11,1,Air India,AI 816,2026-09-11 21:00,2026-09-11 23:15,135,0,24553.0,INR,,Economy,,Boeing 777,31 in,SerpApi Google Flights,2026-09-10T07:01:52.124Z,6aa255deeeabd3f56de0e273,False
BOM,DEL,2026-09-10,2026-09-11,1,Air India,AI 2408,2026-09-11 19:30,2026-09-11 21:45,135,0,24779.0,INR,,Economy,,Airbus A320neo,28 in,SerpApi Google Flights,2026-09-10T07:01:52.124Z,6aa255deeeabd3f56de0e273,False
BOM,DEL,2026-09-10,2026-09-11,1,Akasa Air,QP 1120,2026-09-11 18:55,2026-09-11 21:15,140,0,25334.0,INR,,Economy,,Boeing 737MAX 8 Passenger,28 in,SerpApi Google Flights,2026-09-10T07:01:52.124Z,6aa255deeeabd3f56de0e273,False
BOM,DEL,2026-09-10,2026-09-17,7,IndiGo,6E 656,2026-09-17 05:00,2026-09-17 07:10,130,0,6457.0,INR,,Economy,,Airbus A321neo,28 in,SerpApi Google Flights,2026-09-10T07:01:55.867Z,6aa255e1d02d2aaa742972e6,False
BOM,DEL,2026-09-10,2026-09-17,7,IndiGo,6E 6052,2026-09-17 10:00,2026-09-17 12:30,150,0,6457.0,INR,,Economy,,Airbus A321neo,28 in,SerpApi Google Flights,2026-09-10T07:01:55.868Z,6aa255e1d02d2aaa742972e6,False
BOM,DEL,2026-09-10,2026-09-17,7,IndiGo,6E 310,2026-09-17 10:35,2026-09-17 13:00,145,0,6457.0,INR,,Economy,,Airbus A321neo,28 in,SerpApi Google Flights,2026-09-10T07:01:55.868Z,6aa255e1d02d2aaa742972e6,False
BOM,DEL,2026-09-10,2026-09-17,7,IndiGo,6E 6827,2026-09-17 11:30,2026-09-17 13:45,135,0,6457.0,INR,,Economy,,Airbus A321neo,28 in,SerpApi Google Flights,2026-09-10T07:01:55.868Z,6aa255e1d02d2aaa742972e6,False
BOM,DEL,2026-09-10,2026-09-17,7,IndiGo,6E 6028,2026-09-17 12:15,2026-09-17 14:25,130,0,6457.0,INR,,Economy,,Airbus A321neo,28 in,SerpApi Google Flights,2026-09-10T07:01:55.868Z,6aa255e1d02d2aaa742972e6,False
BOM,DEL,2026-09-10,2026-09-17,7,IndiGo,6E 615,2026-09-17 13:00,2026-09-17 15:15,135,0,6457.0,INR,,Economy,,Airbus A321neo,28 in,SerpApi Google Flights,2026-09-10T07:01:55.868Z,6aa255e1d02d2aaa742972e6,False
BOM,DEL,2026-09-10,2026-09-17,7,IndiGo,6E 6704,2026-09-17 14:00,2026-09-17 16:15,135,0,6457.0,INR,,Economy,,Airbus A321neo,28 in,SerpApi Google Flights,2026-09-10T07:01:55.868Z,6aa255e1d02d2aaa742972e6,False
BOM,DEL,2026-09-10,2026-09-17,7,IndiGo,6E 349,2026-09-17 15:00,2026-09-17 17:15,135,0,6457.0,INR,,Economy,,Airbus A321neo,28 in,SerpApi Google Flights,2026-09-10T07:01:55.868Z,6aa255e1d02d2aaa742972e6,False
BOM,DEL,2026-09-10,2026-09-17,7,IndiGo,6E 313,2026-09-17 16:00,2026-09-17 18:15,135,0,6457.0,INR,,Economy,,Airbus A321neo,28 in,SerpApi Google Flights,2026-09-10T07:01:55.868Z,6aa255e1d02d2aaa742972e6,False
BOM,DEL,2026-09-10,2026-09-17,7,IndiGo,6E 6082,2026-09-17 16:45,2026-09-17 18:55,130,0,6457.0,INR,,Economy,,Airbus A321neo,28 in,SerpApi Google Flights,2026-09-10T07:01:55.868Z,6aa255e1d02d2aaa742972e6,False
BOM,DEL,2026-09-10,2026-09-17,7,IndiGo,6E 315,2026-09-17 17:20,2026-09-17 19:45,145,0,6457.0,INR,,Economy,,Airbus A321neo,28 in,SerpApi Google Flights,2026-09-10T07:01:55.868Z,6aa255e1d02d2aaa742972e6,False
BOM,DEL,2026-09-10,2026-09-17,7,IndiGo,6E 350,2026-09-17 23:45,2026-09-18 02:00,135,0,6457.0,INR,,Economy,,Airbus A321neo,28 in,SerpApi Google Flights,2026-09-10T07:01:55.868Z,6aa255e1d02d2aaa742972e6,False
BOM,DEL,2026-09-10,2026-09-17,7,IndiGo,6E 762,2026-09-17 06:00,2026-09-17 08:10,130,0,6615.0,INR,,Economy,,Airbus A321neo,28 in,SerpApi Google Flights,2026-09-10T07:01:55.868Z,6aa255e1d02d2aaa742972e6,False
BOM,DEL,2026-09-10,2026-09-17,7,IndiGo,6E 301,2026-09-17 07:00,2026-09-17 09:10,130,0,6615.0,INR,,Economy,,Airbus A321neo,28 in,SerpApi Google Flights,2026-09-10T07:01:55.868Z,6aa255e1d02d2aaa742972e6,False
BOM,DEL,2026-09-10,2026-09-17,7,IndiGo,6E 6613,2026-09-17 18:15,2026-09-17 20:30,135,0,6615.0,INR,,Economy,,Airbus A321neo,28 in,SerpApi Google Flights,2026-09-10T07:01:55.868Z,6aa255e1d02d2aaa742972e6,False
BOM,DEL,2026-09-10,2026-09-17,7,IndiGo,6E 651,2026-09-17 22:15,2026-09-18 00:30,135,0,6615.0,INR,,Economy,,Airbus A321neo,28 in,SerpApi Google Flights,2026-09-10T07:01:55.868Z,6aa255e1d02d2aaa742972e6,False
BOM,DEL,2026-09-10,2026-09-17,7,SpiceJet,SG 9401,2026-09-17 09:50,2026-09-17 12:10,140,0,6722.0,INR,,Economy,,Boeing 737,29 in,SerpApi Google Flights,2026-09-10T07:01:55.867Z,6aa255e1d02d2aaa742972e6,False
BOM,DEL,2026-09-10,2026-09-17,7,SpiceJet,SG 164,2026-09-17 23:25,2026-09-18 01:50,145,0,6722.0,INR,,Economy,,Boeing 737,29 in,SerpApi Google Flights,2026-09-10T07:01:55.868Z,6aa255e1d02d2aaa742972e6,False
BOM,DEL,2026-09-10,2026-09-17,7,IndiGo,6E 355,2026-09-17 09:00,2026-09-17 11:15,135,0,6825.0,INR,,Economy,,Airbus A321neo,28 in,SerpApi Google Flights,2026-09-10T07:01:55.868Z,6aa255e1d02d2aaa742972e6,False
BOM,DEL,2026-09-10,2026-09-17,7,IndiGo,6E 330,2026-09-17 20:20,2026-09-17 22:45,145,0,6825.0,INR,,Economy,,Airbus A321neo,28 in,SerpApi Google Flights,2026-09-10T07:01:55.868Z,6aa255e1d02d2aaa742972e6,False
BOM,DEL,2026-09-10,2026-09-17,7,Akasa Air,QP 1111,2026-09-17 05:25,2026-09-17 07:40,135,0,6873.0,INR,,Economy,,Boeing 737MAX 8 Passenger,28 in,SerpApi Google Flights,2026-09-10T07:01:55.868Z,6aa255e1d02d2aaa742972e6,False
BOM,DEL,2026-09-10,2026-09-17,7,Akasa Air,QP 1834,2026-09-17 10:20,2026-09-17 12:45,145,0,6873.0,INR,,Economy,,Boeing 737MAX 8 Passenger,28 in,SerpApi Google Flights,2026-09-10T07:01:55.868Z,6aa255e1d02d2aaa742972e6,False
BOM,DEL,2026-09-10,2026-09-17,7,Akasa Air,QP 1835,2026-09-17 11:50,2026-09-17 14:20,150,0,6873.0,INR,,Economy,,Boeing 737MAX 8 Passenger,28 in,SerpApi Google Flights,2026-09-10T07:01:55.868Z,6aa255e1d02d2aaa742972e6,False
BOM,DEL,2026-09-10,2026-09-17,7,Akasa Air,QP 1127,2026-09-17 13:00,2026-09-17 15:20,140,0,6873.0,INR,,Economy,,Boeing 737MAX 8 Passenger,28 in,SerpApi Google Flights,2026-09-10T07:01:55.868Z,6aa255e1d02d2aaa742972e6,False
BOM,DEL,2026-09-10,2026-09-17,7,Akasa Air,QP 1819,2026-09-17 14:30,2026-09-17 16:50,140,0,6873.0,INR,,Economy,,Boeing 737MAX 8 Passenger,28 in,SerpApi Google Flights,2026-09-10T07:01:55.868Z,6aa255e1d02d2aaa742972e6,False
BOM,DEL,2026-09-10,2026-09-17,7,Akasa Air,QP 1825,2026-09-17 16:50,2026-09-17 19:15,145,0,6873.0,INR,,Economy,,Boeing 737MAX 8 Passenger,28 in,SerpApi Google Flights,2026-09-10T07:01:55.868Z,6aa255e1d02d2aaa742972e6,False
BOM,DEL,2026-09-10,2026-09-17,7,Air India,AI 2687,2026-09-17 16:35,2026-09-17 19:00,145,0,6982.0,INR,,Economy,,Airbus A321,29 in,SerpApi Google Flights,2026-09-10T07:01:55.868Z,6aa255e1d02d2aaa742972e6,False
BOM,DEL,2026-09-10,2026-09-17,7,Air India,AI 816,2026-09-17 21:00,2026-09-17 23:15,135,0,6982.0,INR,,Economy,,Boeing 777,31 in,SerpApi Google Flights,2026-09-10T07:01:55.868Z,6aa255e1d02d2aaa742972e6,False
BOM,DEL,2026-09-10,2026-09-17,7,Air India,AI 1895,2026-09-17 21:30,2026-09-17 23:45,135,0,6982.0,INR,,Economy,,Airbus A320neo,28 in,SerpApi Google Flights,2026-09-10T07:01:55.868Z,6aa255e1d02d2aaa742972e6,False
BOM,DEL,2026-09-10,2026-09-17,7,Air India Express,IX 1050,2026-09-17 08:55,2026-09-17 11:10,135,0,7021.0,INR,,Economy,,Airbus A320neo,28 in,SerpApi Google Flights,2026-09-10T07:01:55.868Z,6aa255e1d02d2aaa742972e6,False
BOM,DEL,2026-09-10,2026-09-17,7,Air India Express,IX 1671,2026-09-17 16:45,2026-09-17 19:05,140,0,7021.0,INR,,Economy,,Boeing 737MAX 8 Passenger,30 in,SerpApi Google Flights,2026-09-10T07:01:55.868Z,6aa255e1d02d2aaa742972e6,False
BOM,DEL,2026-09-10,2026-09-17,7,IndiGo,6E 317,2026-09-17 19:00,2026-09-17 21:15,135,0,7087.0,INR,,Economy,,Airbus A321neo,28 in,SerpApi Google Flights,2026-09-10T07:01:55.868Z,6aa255e1d02d2aaa742972e6,False
BOM,DEL,2026-09-10,2026-09-17,7,IndiGo,6E 6049,2026-09-17 19:45,2026-09-17 21:55,130,0,7087.0,INR,,Economy,,Airbus A321neo,28 in,SerpApi Google Flights,2026-09-10T07:01:55.868Z,6aa255e1d02d2aaa742972e6,False
BOM,DEL,2026-09-10,2026-09-17,7,IndiGo,6E 102,2026-09-17 21:15,2026-09-17 23:30,135,0,7087.0,INR,,Economy,,Airbus A321neo,28 in,SerpApi Google Flights,2026-09-10T07:01:55.868Z,6aa255e1d02d2aaa742972e6,False
BOM,DEL,2026-09-10,2026-09-17,7,Akasa Air,QP 1109,2026-09-17 07:00,2026-09-17 09:20,140,0,7111.0,INR,,Economy,,Boeing 737MAX 8 Passenger,28 in,SerpApi Google Flights,2026-09-10T07:01:55.868Z,6aa255e1d02d2aaa742972e6,False
BOM,DEL,2026-09-10,2026-09-17,7,Akasa Air,QP 1120,2026-09-17 18:55,2026-09-17 21:15,140,0,7111.0,INR,,Economy,,Boeing 737MAX 8 Passenger,28 in,SerpApi Google Flights,2026-09-10T07:01:55.868Z,6aa255e1d02d2aaa742972e6,False
BOM,DEL,2026-09-10,2026-09-17,7,Air India,AI 2432,2026-09-17 09:30,2026-09-17 11:50,140,0,7155.0,INR,,Economy,,Airbus A320neo,28 in,SerpApi Google Flights,2026-09-10T07:01:55.868Z,6aa255e1d02d2aaa742972e6,False
BOM,DEL,2026-09-10,2026-09-17,7,Air India,AI 2970,2026-09-17 08:30,2026-09-17 10:50,140,0,7155.0,INR,,Economy,,Airbus A320neo,28 in,SerpApi Google Flights,2026-09-10T07:01:55.868Z,6aa255e1d02d2aaa742972e6,False
BOM,DEL,2026-09-10,2026-09-17,7,Air India,AI 2940,2026-09-17 20:00,2026-09-17 22:20,140,0,7155.0,INR,,Economy,,Airbus A321,29 in,SerpApi Google Flights,2026-09-10T07:01:55.868Z,6aa255e1d02d2aaa742972e6,False
BOM,DEL,2026-09-10,2026-09-17,7,Air India,AI 2428,2026-09-17 08:00,2026-09-17 10:20,140,0,7213.0,INR,,Economy,,Airbus A320neo,28 in,SerpApi Google Flights,2026-09-10T07:01:55.868Z,6aa255e1d02d2aaa742972e6,False
BOM,DEL,2026-09-10,2026-09-17,7,Air India,AI 2440,2026-09-17 18:00,2026-09-17 20:25,145,0,7213.0,INR,,Economy,,Boeing 787,33 in,SerpApi Google Flights,2026-09-10T07:01:55.868Z,6aa255e1d02d2aaa742972e6,False
BOM,DEL,2026-09-10,2026-09-17,7,Air India,AI 2430,2026-09-17 10:00,2026-09-17 12:20,140,0,7244.0,INR,,Economy,,Airbus A320neo,28 in,SerpApi Google Flights,2026-09-10T07:01:55.868Z,6aa255e1d02d2aaa742972e6,False
BOM,DEL,2026-09-10,2026-09-17,7,Air India,AI 2988,2026-09-17 20:30,2026-09-17 22:50,140,0,7244.0,INR,,Economy,,Airbus A320neo,28 in,SerpApi Google Flights,2026-09-10T07:01:55.868Z,6aa255e1d02d2aaa742972e6,False
BOM,DEL,2026-09-10,2026-09-17,7,Air India,AI 2986,2026-09-17 22:35,2026-09-18 00:55,140,0,7244.0,INR,,Economy,,Airbus A320neo,28 in,SerpApi Google Flights,2026-09-10T07:01:55.868Z,6aa255e1d02d2aaa742972e6,False
BOM,DEL,2026-09-10,2026-09-17,7,IndiGo,6E 333,2026-09-17 08:00,2026-09-17 10:05,125,0,7402.0,INR,,Economy,,Airbus A321neo,28 in,SerpApi Google Flights,2026-09-10T07:01:55.868Z,6aa255e1d02d2aaa742972e6,False
BOM,DEL,2026-09-10,2026-09-17,7,Air India,AI 2424,2026-09-17 07:00,2026-09-17 09:15,135,0,7486.0,INR,,Economy,,Airbus A320neo,28 in,SerpApi Google Flights,2026-09-10T07:01:55.868Z,6aa255e1d02d2aaa742972e6,False
BOM,DEL,2026-09-10,2026-09-17,7,Air India,AI 2928,2026-09-17 06:30,2026-09-17 08:40,130,0,8452.0,INR,,Economy,,Airbus A320neo,28 in,SerpApi Google Flights,2026-09-10T07:01:55.868Z,6aa255e1d02d2aaa742972e6,True
BOM,DEL,2026-09-10,2026-09-17,7,Air India,AI 2930,2026-09-17 07:30,2026-09-17 09:45,135,0,10000.0,INR,,Economy,,Airbus A320neo,28 in,SerpApi Google Flights,2026-09-10T07:01:55.868Z,6aa255e1d02d2aaa742972e6,True
BOM,DEL,2026-09-10,2026-09-17,7,Air India,AI 2408,2026-09-17 19:30,2026-09-17 21:45,135,0,12919.0,INR,,Economy,,Airbus A320neo,28 in,SerpApi Google Flights,2026-09-10T07:01:55.868Z,6aa255e1d02d2aaa742972e6,True
BOM,DEL,2026-09-10,2026-09-17,7,SpiceJet,SG 2803,2026-09-17 01:55,2026-09-17 04:35,160,0,18007.0,INR,,Economy,,De Havilland-Bombardier Dash-8,28 in,SerpApi Google Flights,2026-09-10T07:01:55.868Z,6aa255e1d02d2aaa742972e6,True
BOM,DEL,2026-09-10,2026-09-25,15,Air India,AI 2422,2026-09-25 01:00,2026-09-25 03:20,140,0,6346.0,INR,,Economy,,Airbus A320neo,28 in,SerpApi Google Flights,2026-09-10T07:02:01.658Z,6aa255e5f357f685a6c78e2c,False
BOM,DEL,2026-09-10,2026-09-25,15,Air India,AI 2452,2026-09-25 03:05,2026-09-25 05:25,140,0,6346.0,INR,,Economy,,Airbus A320neo,28 in,SerpApi Google Flights,2026-09-10T07:02:01.658Z,6aa255e5f357f685a6c78e2c,False
BOM,DEL,2026-09-10,2026-09-25,15,IndiGo,6E 656,2026-09-25 05:00,2026-09-25 07:10,130,0,6457.0,INR,,Economy,,Airbus A321neo,28 in,SerpApi Google Flights,2026-09-10T07:02:01.658Z,6aa255e5f357f685a6c78e2c,False
BOM,DEL,2026-09-10,2026-09-25,15,IndiGo,6E 310,2026-09-25 10:35,2026-09-25 13:00,145,0,6457.0,INR,,Economy,,Airbus A321neo,28 in,SerpApi Google Flights,2026-09-10T07:02:01.658Z,6aa255e5f357f685a6c78e2c,False
BOM,DEL,2026-09-10,2026-09-25,15,IndiGo,6E 6028,2026-09-25 12:15,2026-09-25 14:25,130,0,6457.0,INR,,Economy,,Airbus A321neo,28 in,SerpApi Google Flights,2026-09-10T07:02:01.658Z,6aa255e5f357f685a6c78e2c,False
BOM,DEL,2026-09-10,2026-09-25,15,IndiGo,6E 615,2026-09-25 13:00,2026-09-25 15:15,135,0,6457.0,INR,,Economy,,Airbus A321neo,28 in,SerpApi Google Flights,2026-09-10T07:02:01.658Z,6aa255e5f357f685a6c78e2c,False
BOM,DEL,2026-09-10,2026-09-25,15,IndiGo,6E 6704,2026-09-25 14:00,2026-09-25 16:15,135,0,6457.0,INR,,Economy,,Airbus A321neo,28 in,SerpApi Google Flights,2026-09-10T07:02:01.658Z,6aa255e5f357f685a6c78e2c,False
BOM,DEL,2026-09-10,2026-09-25,15,IndiGo,6E 349,2026-09-25 15:00,2026-09-25 17:15,135,0,6457.0,INR,,Economy,,Airbus A321neo,28 in,SerpApi Google Flights,2026-09-10T07:02:01.658Z,6aa255e5f357f685a6c78e2c,False
BOM,DEL,2026-09-10,2026-09-25,15,IndiGo,6E 313,2026-09-25 16:00,2026-09-25 18:15,135,0,6457.0,INR,,Economy,,Airbus A321neo,28 in,SerpApi Google Flights,2026-09-10T07:02:01.658Z,6aa255e5f357f685a6c78e2c,False
BOM,DEL,2026-09-10,2026-09-25,15,Air India,AI 2960,2026-09-25 14:05,2026-09-25 16:25,140,0,6614.0,INR,,Economy,,Airbus A320neo,28 in,SerpApi Google Flights,2026-09-10T07:02:01.658Z,6aa255e5f357f685a6c78e2c,False
BOM,DEL,2026-09-10,2026-09-25,15,Air India,AI 2944,2026-09-25 14:35,2026-09-25 16:55,140,0,6614.0,INR,,Economy,,Airbus A320neo,28 in,SerpApi Google Flights,2026-09-10T07:02:01.658Z,6aa255e5f357f685a6c78e2c,False
BOM,DEL,2026-09-10,2026-09-25,15,Air India,AI 1882,2026-09-25 23:55,2026-09-26 02:15,140,0,6614.0,INR,,Economy,,Airbus A320neo,28 in,SerpApi Google Flights,2026-09-10T07:02:01.658Z,6aa255e5f357f685a6c78e2c,False
BOM,DEL,2026-09-10,2026-09-25,15,IndiGo,6E 762,2026-09-25 06:00,2026-09-25 08:10,130,0,6615.0,INR,,Economy,,Airbus A321neo,28 in,SerpApi Google Flights,2026-09-10T07:02:01.658Z,6aa255e5f357f685a6c78e2c,False
BOM,DEL,2026-09-10,2026-09-25,15,Air India,AI 2928,2026-09-25 06:30,2026-09-25 08:40,130,0,6772.0,INR,,Economy,,Airbus A320neo,28 in,SerpApi Google Flights,2026-09-10T07:02:01.658Z,6aa255e5f357f685a6c78e2c,False
BOM,DEL,2026-09-10,2026-09-25,15,IndiGo,6E 301,2026-09-25 07:00,2026-09-25 09:10,130,0,6825.0,INR,,Economy,,Airbus A321neo,28 in,SerpApi Google Flights,2026-09-10T07:02:01.658Z,6aa255e5f357f685a6c78e2c,False
BOM,DEL,2026-09-10,2026-09-25,15,IndiGo,6E 6052,2026-09-25 10:00,2026-09-25 12:30,150,0,6825.0,INR,,Economy,,Airbus A321neo,28 in,SerpApi Google Flights,2026-09-10T07:02:01.658Z,6aa255e5f357f685a6c78e2c,False
BOM,DEL,2026-09-10,2026-09-25,15,IndiGo,6E 6827,2026-09-25 11:30,2026-09-25 13:45,135,0,6825.0,INR,,Economy,,Airbus A321neo,28 in,SerpApi Google Flights,2026-09-10T07:02:01.658Z,6aa255e5f357f685a6c78e2c,False
BOM,DEL,2026-09-10,2026-09-25,15,IndiGo,6E 315,2026-09-25 17:20,2026-09-25 19:45,145,0,6825.0,INR,,Economy,,Airbus A321neo,28 in,SerpApi Google Flights,2026-09-10T07:02:01.658Z,6aa255e5f357f685a6c78e2c,False
BOM,DEL,2026-09-10,2026-09-25,15,IndiGo,6E 102,2026-09-25 21:15,2026-09-25 23:30,135,0,6825.0,INR,,Economy,,Airbus A321neo,28 in,SerpApi Google Flights,2026-09-10T07:02:01.658Z,6aa255e5f357f685a6c78e2c,False
BOM,DEL,2026-09-10,2026-09-25,15,IndiGo,6E 651,2026-09-25 22:15,2026-09-26 00:30,135,0,6825.0,INR,,Economy,,Airbus A321neo,28 in,SerpApi Google Flights,2026-09-10T07:02:01.658Z,6aa255e5f357f685a6c78e2c,False
BOM,DEL,2026-09-10,2026-09-25,15,Akasa Air,QP 1111,2026-09-25 05:25,2026-09-25 07:40,135,0,6873.0,INR,,Economy,,Boeing 737MAX 8 Passenger,28 in,SerpApi Google Flights,2026-09-10T07:02:01.658Z,6aa255e5f357f685a6c78e2c,False
BOM,DEL,2026-09-10,2026-09-25,15,Akasa Air,QP 1835,2026-09-25 11:50,2026-09-25 14:20,150,0,6873.0,INR,,Economy,,Boeing 737MAX 8 Passenger,28 in,SerpApi Google Flights,2026-09-10T07:02:01.658Z,6aa255e5f357f685a6c78e2c,False
BOM,DEL,2026-09-10,2026-09-25,15,Akasa Air,QP 1127,2026-09-25 12:55,2026-09-25 15:20,145,0,6873.0,INR,,Economy,,Boeing 737MAX 8 Passenger,28 in,SerpApi Google Flights,2026-09-10T07:02:01.658Z,6aa255e5f357f685a6c78e2c,False
BOM,DEL,2026-09-10,2026-09-25,15,Akasa Air,QP 1819,2026-09-25 14:30,2026-09-25 16:50,140,0,6873.0,INR,,Economy,,Boeing 737MAX 8 Passenger,28 in,SerpApi Google Flights,2026-09-10T07:02:01.658Z,6aa255e5f357f685a6c78e2c,False
BOM,DEL,2026-09-10,2026-09-25,15,Akasa Air,QP 1825,2026-09-25 16:50,2026-09-25 19:15,145,0,6873.0,INR,,Economy,,Boeing 737MAX 8 Passenger,28 in,SerpApi Google Flights,2026-09-10T07:02:01.658Z,6aa255e5f357f685a6c78e2c,False
BOM,DEL,2026-09-10,2026-09-25,15,Air India,AI 2424,2026-09-25 07:00,2026-09-25 09:15,135,0,6982.0,INR,,Economy,,Airbus A320neo,28 in,SerpApi Google Flights,2026-09-10T07:02:01.658Z,6aa255e5f357f685a6c78e2c,False
BOM,DEL,2026-09-10,2026-09-25,15,Air India,AI 2930,2026-09-25 07:30,2026-09-25 09:45,135,0,6982.0,INR,,Economy,,Airbus A320neo,28 in,SerpApi Google Flights,2026-09-10T07:02:01.658Z,6aa255e5f357f685a6c78e2c,False
BOM,DEL,2026-09-10,2026-09-25,15,Air India,AI 2428,2026-09-25 08:00,2026-09-25 10:20,140,0,6982.0,INR,,Economy,,Airbus A320neo,28 in,SerpApi Google Flights,2026-09-10T07:02:01.658Z,6aa255e5f357f685a6c78e2c,False
BOM,DEL,2026-09-10,2026-09-25,15,Air India,AI 2970,2026-09-25 08:30,2026-09-25 10:50,140,0,6982.0,INR,,Economy,,Airbus A320neo,28 in,SerpApi Google Flights,2026-09-10T07:02:01.658Z,6aa255e5f357f685a6c78e2c,False
BOM,DEL,2026-09-10,2026-09-25,15,Air India,AI 2430,2026-09-25 10:00,2026-09-25 12:20,140,0,6982.0,INR,,Economy,,Airbus A320neo,28 in,SerpApi Google Flights,2026-09-10T07:02:01.658Z,6aa255e5f357f685a6c78e2c,False
BOM,DEL,2026-09-10,2026-09-25,15,Air India,AI 2952,2026-09-25 11:25,2026-09-25 13:45,140,0,6982.0,INR,,Economy,,Airbus A350,31 in,SerpApi Google Flights,2026-09-10T07:02:01.658Z,6aa255e5f357f685a6c78e2c,False
BOM,DEL,2026-09-10,2026-09-25,15,Air India,AI 2677,2026-09-25 13:00,2026-09-25 15:15,135,0,6982.0,INR,,Economy,,Airbus A320neo,28 in,SerpApi Google Flights,2026-09-10T07:02:01.658Z,6aa255e5f357f685a6c78e2c,False
BOM,DEL,2026-09-10,2026-09-25,15,Air India,AI 2442,2026-09-25 15:00,2026-09-25 17:20,140,0,6982.0,INR,,Economy,,Airbus A320neo,28 in,SerpApi Google Flights,2026-09-10T07:02:01.658Z,6aa255e5f357f685a6c78e2c,False
BOM,DEL,2026-09-10,2026-09-25,15,Air India Express,IX 1050,2026-09-25 08:55,2026-09-25 11:10,135,0,7021.0,INR,,Economy,,Boeing 737MAX 8 Passenger,29 in,SerpApi Google Flights,2026-09-10T07:02:01.658Z,6aa255e5f357f685a6c78e2c,False
BOM,DEL,2026-09-10,2026-09-25,15,Air India Express,IX 1671,2026-09-25 16:45,2026-09-25 19:05,140,0,7021.0,INR,,Economy,,Boeing 737MAX 8 Passenger,30 in,SerpApi Google Flights,2026-09-10T07:02:01.658Z,6aa255e5f357f685a6c78e2c,False
BOM,DEL,2026-09-10,2026-09-25,15,IndiGo,6E 333,2026-09-25 08:00,2026-09-25 10:05,125,0,7087.0,INR,,Economy,,Airbus A321neo,28 in,SerpApi Google Flights,2026-09-10T07:02:01.658Z,6aa255e5f357f685a6c78e2c,False
BOM,DEL,2026-09-10,2026-09-25,15,IndiGo,6E 355,2026-09-25 09:00,2026-09-25 11:15,135,0,7087.0,INR,,Economy,,Airbus A321neo,28 in,SerpApi Google Flights,2026-09-10T07:02:01.658Z,6aa255e5f357f685a6c78e2c,False
BOM,DEL,2026-09-10,2026-09-25,15,IndiGo,6E 6082,2026-09-25 16:45,2026-09-25 18:55,130,0,7087.0,INR,,Economy,,Airbus A321neo,28 in,SerpApi Google Flights,2026-09-10T07:02:01.658Z,6aa255e5f357f685a6c78e2c,False
BOM,DEL,2026-09-10,2026-09-25,15,IndiGo,6E 330,2026-09-25 20:20,2026-09-25 22:45,145,0,7087.0,INR,,Economy,,Airbus A321neo,28 in,SerpApi Google Flights,2026-09-10T07:02:01.658Z,6aa255e5f357f685a6c78e2c,False
BOM,DEL,2026-09-10,2026-09-25,15,IndiGo,6E 350,2026-09-25 23:45,2026-09-26 02:00,135,0,7087.0,INR,,Economy,,Airbus A321neo,28 in,SerpApi Google Flights,2026-09-10T07:02:01.658Z,6aa255e5f357f685a6c78e2c,False
BOM,DEL,2026-09-10,2026-09-25,15,Akasa Air,QP 1109,2026-09-25 07:00,2026-09-25 09:20,140,0,7111.0,INR,,Economy,,Boeing 737MAX 8 Passenger,28 in,SerpApi Google Flights,2026-09-10T07:02:01.658Z,6aa255e5f357f685a6c78e2c,False
BOM,DEL,2026-09-10,2026-09-25,15,Akasa Air,QP 1834,2026-09-25 10:20,2026-09-25 12:45,145,0,7111.0,INR,,Economy,,Boeing 737MAX 8 Passenger,28 in,SerpApi Google Flights,2026-09-10T07:02:01.658Z,6aa255e5f357f685a6c78e2c,False
BOM,DEL,2026-09-10,2026-09-25,15,Air India,AI 2687,2026-09-25 11:25,2026-09-25 14:00,155,0,7155.0,INR,,Economy,,Boeing 787,32 in,SerpApi Google Flights,2026-09-10T07:02:01.658Z,6aa255e5f357f685a6c78e2c,False
BOM,DEL,2026-09-10,2026-09-25,15,Air India,AI 2988,2026-09-25 20:30,2026-09-25 22:50,140,0,7155.0,INR,,Economy,,Airbus A320neo,28 in,SerpApi Google Flights,2026-09-10T07:02:01.658Z,6aa255e5f357f685a6c78e2c,False
BOM,DEL,2026-09-10,2026-09-25,15,Air India,AI 816,2026-09-25 21:00,2026-09-25 23:15,135,0,7155.0,INR,,Economy,,Boeing 777,31 in,SerpApi Google Flights,2026-09-10T07:02:01.658Z,6aa255e5f357f685a6c78e2c,False
BOM,DEL,2026-09-10,2026-09-25,15,Akasa Air,QP 1120,2026-09-25 18:55,2026-09-25 21:15,140,0,7359.0,INR,,Economy,,Boeing 737MAX 8 Passenger,28 in,SerpApi Google Flights,2026-09-10T07:02:01.658Z,6aa255e5f357f685a6c78e2c,False
BOM,DEL,2026-09-10,2026-09-25,15,IndiGo,6E 6613,2026-09-25 18:15,2026-09-25 20:30,135,0,7402.0,INR,,Economy,,Airbus A321neo,28 in,SerpApi Google Flights,2026-09-10T07:02:01.658Z,6aa255e5f357f685a6c78e2c,False
BOM,DEL,2026-09-10,2026-09-25,15,IndiGo,6E 317,2026-09-25 19:00,2026-09-25 21:15,135,0,7402.0,INR,,Economy,,Airbus A321neo,28 in,SerpApi Google Flights,2026-09-10T07:02:01.658Z,6aa255e5f357f685a6c78e2c,False
BOM,DEL,2026-09-10,2026-09-25,15,Air India,AI 2432,2026-09-25 09:30,2026-09-25 11:50,140,0,7559.0,INR,,Economy,,Airbus A320neo,28 in,SerpApi Google Flights,2026-09-10T07:02:01.658Z,6aa255e5f357f685a6c78e2c,False
BOM,DEL,2026-09-10,2026-09-25,15,Air India,AI 1895,2026-09-25 21:30,2026-09-25 23:45,135,0,7559.0,INR,,Economy,,Airbus A320neo,28 in,SerpApi Google Flights,2026-09-10T07:02:01.658Z,6aa255e5f357f685a6c78e2c,False
BOM,DEL,2026-09-10,2026-09-25,15,Air India,AI 2940,2026-09-25 20:00,2026-09-25 22:20,140,0,8074.0,INR,,Economy,,Airbus A320neo,28 in,SerpApi Google Flights,2026-09-10T07:02:01.658Z,6aa255e5f357f685a6c78e2c,True
BOM,DEL,2026-09-10,2026-09-25,15,IndiGo,6E 6049,2026-09-25 19:45,2026-09-25 21:55,130,0,8085.0,INR,,Economy,,Airbus A321neo,28 in,SerpApi Google Flights,2026-09-10T07:02:01.658Z,6aa255e5f357f685a6c78e2c,True
BOM,DEL,2026-09-10,2026-09-25,15,Air India,AI 1851,2026-09-25 15:30,2026-09-25 17:50,140,0,8242.0,INR,,Economy,,Airbus A320neo,28 in,SerpApi Google Flights,2026-09-10T07:02:01.658Z,6aa255e5f357f685a6c78e2c,True
BOM,DEL,2026-09-10,2026-09-25,15,Air India,AI 2986,2026-09-25 22:35,2026-09-26 00:55,140,0,8924.0,INR,,Economy,,Airbus A320neo,28 in,SerpApi Google Flights,2026-09-10T07:02:01.658Z,6aa255e5f357f685a6c78e2c,True
BOM,DEL,2026-09-10,2026-09-25,15,Air India,AI 2440,2026-09-25 18:00,2026-09-25 20:20,140,0,9229.0,INR,,Economy,,Airbus A320neo,28 in,SerpApi Google Flights,2026-09-10T07:02:01.658Z,6aa255e5f357f685a6c78e2c,True
BOM,DEL,2026-09-10,2026-09-25,15,Air India,AI 2408,2026-09-25 19:30,2026-09-25 21:45,135,0,10352.0,INR,,Economy,,Airbus A320neo,28 in,SerpApi Google Flights,2026-09-10T07:02:01.658Z,6aa255e5f357f685a6c78e2c,True
BOM,DEL,2026-09-10,2026-09-25,15,SpiceJet,SG 164,2026-09-25 23:25,2026-09-26 01:50,145,0,22576.0,INR,,Economy,,Boeing 737,29 in,SerpApi Google Flights,2026-09-10T07:02:01.658Z,6aa255e5f357f685a6c78e2c,True
BOM,DEL,2026-09-10,2026-10-10,30,Air India,AI 1882,2026-10-10 23:55,2026-10-11 02:15,140,0,6346.0,INR,,Economy,,Airbus A320neo,28 in,SerpApi Google Flights,2026-09-10T07:02:04.721Z,6aa255eb0558c03c4cb274c0,False
BOM,DEL,2026-09-10,2026-10-10,30,IndiGo,6E 333,2026-10-10 08:00,2026-10-10 10:15,135,0,6457.0,INR,,Economy,,Airbus A321neo,28 in,SerpApi Google Flights,2026-09-10T07:02:04.721Z,6aa255eb0558c03c4cb274c0,False
BOM,DEL,2026-09-10,2026-10-10,30,IndiGo,6E 6052,2026-10-10 10:00,2026-10-10 12:30,150,0,6457.0,INR,,Economy,,Airbus A321neo,28 in,SerpApi Google Flights,2026-09-10T07:02:04.721Z,6aa255eb0558c03c4cb274c0,False
BOM,DEL,2026-09-10,2026-10-10,30,IndiGo,6E 310,2026-10-10 10:35,2026-10-10 13:00,145,0,6457.0,INR,,Economy,,Airbus A321neo,28 in,SerpApi Google Flights,2026-09-10T07:02:04.721Z,6aa255eb0558c03c4cb274c0,False
BOM,DEL,2026-09-10,2026-10-10,30,IndiGo,6E 6028,2026-10-10 12:15,2026-10-10 14:25,130,0,6457.0,INR,,Economy,,Airbus A321neo,28 in,SerpApi Google Flights,2026-09-10T07:02:04.721Z,6aa255eb0558c03c4cb274c0,False
BOM,DEL,2026-09-10,2026-10-10,30,IndiGo,6E 615,2026-10-10 13:00,2026-10-10 15:15,135,0,6457.0,INR,,Economy,,Airbus A321neo,28 in,SerpApi Google Flights,2026-09-10T07:02:04.721Z,6aa255eb0558c03c4cb274c0,False
BOM,DEL,2026-09-10,2026-10-10,30,IndiGo,6E 6704,2026-10-10 14:00,2026-10-10 16:15,135,0,6457.0,INR,,Economy,,Airbus A321neo,28 in,SerpApi Google Flights,2026-09-10T07:02:04.721Z,6aa255eb0558c03c4cb274c0,False
BOM,DEL,2026-09-10,2026-10-10,30,IndiGo,6E 349,2026-10-10 15:00,2026-10-10 17:15,135,0,6457.0,INR,,Economy,,Airbus A321neo,28 in,SerpApi Google Flights,2026-09-10T07:02:04.721Z,6aa255eb0558c03c4cb274c0,False
BOM,DEL,2026-09-10,2026-10-10,30,IndiGo,6E 313,2026-10-10 16:00,2026-10-10 18:15,135,0,6457.0,INR,,Economy,,Airbus A321neo,28 in,SerpApi Google Flights,2026-09-10T07:02:04.721Z,6aa255eb0558c03c4cb274c0,False
BOM,DEL,2026-09-10,2026-10-10,30,IndiGo,6E 6082,2026-10-10 16:45,2026-10-10 18:55,130,0,6457.0,INR,,Economy,,Airbus A321neo,28 in,SerpApi Google Flights,2026-09-10T07:02:04.721Z,6aa255eb0558c03c4cb274c0,False
BOM,DEL,2026-09-10,2026-10-10,30,IndiGo,6E 315,2026-10-10 17:20,2026-10-10 19:45,145,0,6457.0,INR,,Economy,,Airbus A321neo,28 in,SerpApi Google Flights,2026-09-10T07:02:04.721Z,6aa255eb0558c03c4cb274c0,False
BOM,DEL,2026-09-10,2026-10-10,30,IndiGo,6E 6613,2026-10-10 18:15,2026-10-10 20:30,135,0,6457.0,INR,,Economy,,Airbus A321neo,28 in,SerpApi Google Flights,2026-09-10T07:02:04.721Z,6aa255eb0558c03c4cb274c0,False
BOM,DEL,2026-09-10,2026-10-10,30,IndiGo,6E 350,2026-10-10 23:45,2026-10-11 02:00,135,0,6457.0,INR,,Economy,,Airbus A321neo,28 in,SerpApi Google Flights,2026-09-10T07:02:04.721Z,6aa255eb0558c03c4cb274c0,False
BOM,DEL,2026-09-10,2026-10-10,30,Air India Express,IX 1050,2026-10-10 14:45,2026-10-10 17:00,135,0,6603.0,INR,,Economy,,Airbus A320,28 in,SerpApi Google Flights,2026-09-10T07:02:04.721Z,6aa255eb0558c03c4cb274c0,False
BOM,DEL,2026-09-10,2026-10-10,30,IndiGo,6E 656,2026-10-10 05:00,2026-10-10 07:10,130,0,6615.0,INR,,Economy,,Airbus A321neo,28 in,SerpApi Google Flights,2026-09-10T07:02:04.721Z,6aa255eb0558c03c4cb274c0,False
BOM,DEL,2026-09-10,2026-10-10,30,IndiGo,6E 762,2026-10-10 06:00,2026-10-10 08:10,130,0,6615.0,INR,,Economy,,Airbus A321neo,28 in,SerpApi Google Flights,2026-09-10T07:02:04.721Z,6aa255eb0558c03c4cb274c0,False
BOM,DEL,2026-09-10,2026-10-10,30,IndiGo,6E 301,2026-10-10 07:00,2026-10-10 09:10,130,0,6615.0,INR,,Economy,,Airbus A321neo,28 in,SerpApi Google Flights,2026-09-10T07:02:04.721Z,6aa255eb0558c03c4cb274c0,False
BOM,DEL,2026-09-10,2026-10-10,30,IndiGo,6E 355,2026-10-10 09:00,2026-10-10 11:15,135,0,6615.0,INR,,Economy,,Airbus A321neo,28 in,SerpApi Google Flights,2026-09-10T07:02:04.721Z,6aa255eb0558c03c4cb274c0,False
BOM,DEL,2026-09-10,2026-10-10,30,IndiGo,6E 6049,2026-10-10 19:45,2026-10-10 21:55,130,0,6615.0,INR,,Economy,,Airbus A321neo,28 in,SerpApi Google Flights,2026-09-10T07:02:04.721Z,6aa255eb0558c03c4cb274c0,False
BOM,DEL,2026-09-10,2026-10-10,30,IndiGo,6E 330,2026-10-10 20:20,2026-10-10 22:45,145,0,6615.0,INR,,Economy,,Airbus A321neo,28 in,SerpApi Google Flights,2026-09-10T07:02:04.721Z,6aa255eb0558c03c4cb274c0,False
BOM,DEL,2026-09-10,2026-10-10,30,IndiGo,6E 102,2026-10-10 21:15,2026-10-10 23:30,135,0,6615.0,INR,,Economy,,Airbus A321neo,28 in,SerpApi Google Flights,2026-09-10T07:02:04.721Z,6aa255eb0558c03c4cb274c0,False
BOM,DEL,2026-09-10,2026-10-10,30,IndiGo,6E 651,2026-10-10 22:15,2026-10-11 00:30,135,0,6615.0,INR,,Economy,,Airbus A321neo,28 in,SerpApi Google Flights,2026-09-10T07:02:04.721Z,6aa255eb0558c03c4cb274c0,False
BOM,DEL,2026-09-10,2026-10-10,30,SpiceJet,SG 803,2026-10-10 01:50,2026-10-10 04:10,140,0,6810.0,INR,,Economy,,Boeing 737,29 in,SerpApi Google Flights,2026-09-10T07:02:04.721Z,6aa255eb0558c03c4cb274c0,False
BOM,DEL,2026-09-10,2026-10-10,30,SpiceJet,SG 252,2026-10-10 06:25,2026-10-10 08:55,150,0,6810.0,INR,,Economy,,Boeing 737,29 in,SerpApi Google Flights,2026-09-10T07:02:04.721Z,6aa255eb0558c03c4cb274c0,False
BOM,DEL,2026-09-10,2026-10-10,30,IndiGo,6E 6045,2026-10-10 03:00,2026-10-10 05:10,130,0,6825.0,INR,,Economy,,Airbus A321neo,28 in,SerpApi Google Flights,2026-09-10T07:02:04.721Z,6aa255eb0558c03c4cb274c0,False
BOM,DEL,2026-09-10,2026-10-10,30,IndiGo,6E 317,2026-10-10 19:00,2026-10-10 21:15,135,0,6825.0,INR,,Economy,,Airbus A321neo,28 in,SerpApi Google Flights,2026-09-10T07:02:04.721Z,6aa255eb0558c03c4cb274c0,False
BOM,DEL,2026-09-10,2026-10-10,30,Akasa Air,QP 1109,2026-10-10 07:00,2026-10-10 09:20,140,0,6873.0,INR,,Economy,,Boeing 737MAX 8 Passenger,28 in,SerpApi Google Flights,2026-09-10T07:02:04.721Z,6aa255eb0558c03c4cb274c0,False
BOM,DEL,2026-09-10,2026-10-10,30,Akasa Air,QP 1834,2026-10-10 10:25,2026-10-10 12:45,140,0,6873.0,INR,,Economy,,Boeing 737MAX 8 Passenger,,SerpApi Google Flights,2026-09-10T07:02:04.721Z,6aa255eb0558c03c4cb274c0,False
BOM,DEL,2026-09-10,2026-10-10,30,Akasa Air,QP 1127,2026-10-10 13:00,2026-10-10 15:20,140,0,6873.0,INR,,Economy,,Boeing 737MAX 8 Passenger,28 in,SerpApi Google Flights,2026-09-10T07:02:04.721Z,6aa255eb0558c03c4cb274c0,False
BOM,DEL,2026-09-10,2026-10-10,30,Akasa Air,QP 1819,2026-10-10 14:30,2026-10-10 16:50,140,0,6873.0,INR,,Economy,,Boeing 737MAX 8 Passenger,28 in,SerpApi Google Flights,2026-09-10T07:02:04.721Z,6aa255eb0558c03c4cb274c0,False
BOM,DEL,2026-09-10,2026-10-10,30,Akasa Air,QP 1825,2026-10-10 17:00,2026-10-10 19:15,135,0,6873.0,INR,,Economy,,Boeing 737MAX 8 Passenger,28 in,SerpApi Google Flights,2026-09-10T07:02:04.721Z,6aa255eb0558c03c4cb274c0,False
BOM,DEL,2026-09-10,2026-10-10,30,Air India,AI 2952,2026-10-10 11:25,2026-10-10 13:45,140,0,6982.0,INR,,Economy,,Airbus A350,31 in,SerpApi Google Flights,2026-09-10T07:02:04.721Z,6aa255eb0558c03c4cb274c0,False
BOM,DEL,2026-09-10,2026-10-10,30,Air India,AI 2940,2026-10-10 20:00,2026-10-10 22:20,140,0,6982.0,INR,,Economy,,Airbus A320neo,28 in,SerpApi Google Flights,2026-09-10T07:02:04.721Z,6aa255eb0558c03c4cb274c0,False
BOM,DEL,2026-09-10,2026-10-10,30,Akasa Air,QP 1120,2026-10-10 19:00,2026-10-10 21:15,135,0,6991.0,INR,,Economy,,Boeing 737MAX 8 Passenger,28 in,SerpApi Google Flights,2026-09-10T07:02:04.721Z,6aa255eb0558c03c4cb274c0,False
BOM,DEL,2026-09-10,2026-10-10,30,Air India Express,IX 1671,2026-10-10 16:45,2026-10-10 19:05,140,0,7784.0,INR,,Economy,,Boeing 737MAX 8 Passenger,30 in,SerpApi Google Flights,2026-09-10T07:02:04.721Z,6aa255eb0558c03c4cb274c0,True
BOM,DEL,2026-09-10,2026-10-10,30,Air India,AI 2408,2026-10-10 19:30,2026-10-10 21:45,135,0,7874.0,INR,,Economy,,Airbus A320neo,28 in,SerpApi Google Flights,2026-09-10T07:02:04.721Z,6aa255eb0558c03c4cb274c0,True
BOM,DEL,2026-09-10,2026-10-10,30,IndiGo,6E 6827,2026-10-10 11:30,2026-10-10 13:45,135,0,8085.0,INR,,Economy,,Airbus A321neo,28 in,SerpApi Google Flights,2026-09-10T07:02:04.721Z,6aa255eb0558c03c4cb274c0,True
BOM,DEL,2026-09-10,2026-10-25,45,Air India Express,IX 1050,2026-10-25 05:30,2026-10-25 07:55,145,0,6603.0,INR,,Economy,,Boeing 737MAX 8 Passenger,30 in,SerpApi Google Flights,2026-09-10T07:02:08.818Z,6aa255ee3b93e3a86829bda3,False
BOM,DEL,2026-09-10,2026-10-25,45,SpiceJet,SG 611,2026-10-25 20:30,2026-10-25 22:45,135,0,6810.0,INR,,Economy,,Boeing 737,29 in,SerpApi Google Flights,2026-09-10T07:02:08.818Z,6aa255ee3b93e3a86829bda3,False
BOM,DEL,2026-09-10,2026-10-25,45,SpiceJet,SG 613,2026-10-25 21:50,2026-10-25 23:55,125,0,6810.0,INR,,Economy,,Boeing 737,29 in,SerpApi Google Flights,2026-09-10T07:02:08.818Z,6aa255ee3b93e3a86829bda3,False
BOM,DEL,2026-09-10,2026-10-25,45,SpiceJet,SG 511,2026-10-25 22:30,2026-10-26 00:40,130,0,6810.0,INR,,Economy,,Boeing 737,29 in,SerpApi Google Flights,2026-09-10T07:02:08.818Z,6aa255ee3b93e3a86829bda3,False
BOM,DEL,2026-09-10,2026-10-25,45,Akasa Air,QP 1111,2026-10-25 07:00,2026-10-25 09:20,140,0,6873.0,INR,,Economy,,Boeing 737MAX 8 Passenger,28 in,SerpApi Google Flights,2026-09-10T07:02:08.818Z,6aa255ee3b93e3a86829bda3,False
BOM,DEL,2026-09-10,2026-10-25,45,IndiGo,6E 6704,2026-10-25 13:45,2026-10-25 15:55,130,0,6946.0,INR,,Economy,,Airbus A321neo,28 in,SerpApi Google Flights,2026-09-10T07:02:08.818Z,6aa255ee3b93e3a86829bda3,False
BOM,DEL,2026-09-10,2026-10-25,45,IndiGo,6E 359,2026-10-25 14:30,2026-10-25 16:40,130,0,6946.0,INR,,Economy,,Airbus A321neo,28 in,SerpApi Google Flights,2026-09-10T07:02:08.818Z,6aa255ee3b93e3a86829bda3,False
BOM,DEL,2026-09-10,2026-10-25,45,IndiGo,6E 349,2026-10-25 15:15,2026-10-25 17:25,130,0,6946.0,INR,,Economy,,Airbus A321neo,28 in,SerpApi Google Flights,2026-09-10T07:02:08.818Z,6aa255ee3b93e3a86829bda3,False
BOM,DEL,2026-09-10,2026-10-25,45,IndiGo,6E 313,2026-10-25 16:00,2026-10-25 18:10,130,0,6946.0,INR,,Economy,,Airbus A321neo,28 in,SerpApi Google Flights,2026-09-10T07:02:08.818Z,6aa255ee3b93e3a86829bda3,False
BOM,DEL,2026-09-10,2026-10-25,45,IndiGo,6E 6082,2026-10-25 16:45,2026-10-25 18:55,130,0,6946.0,INR,,Economy,,Airbus A321neo,28 in,SerpApi Google Flights,2026-09-10T07:02:08.818Z,6aa255ee3b93e3a86829bda3,False
BOM,DEL,2026-09-10,2026-10-25,45,IndiGo,6E 656,2026-10-25 05:00,2026-10-25 07:10,130,0,6946.0,INR,,Economy,,Airbus A321neo,28 in,SerpApi Google Flights,2026-09-10T07:02:08.818Z,6aa255ee3b93e3a86829bda3,False
BOM,DEL,2026-09-10,2026-10-25,45,IndiGo,6E 762,2026-10-25 06:00,2026-10-25 08:10,130,0,6946.0,INR,,Economy,,Airbus A321neo,28 in,SerpApi Google Flights,2026-09-10T07:02:08.818Z,6aa255ee3b93e3a86829bda3,False
BOM,DEL,2026-09-10,2026-10-25,45,IndiGo,6E 301,2026-10-25 07:00,2026-10-25 09:10,130,0,6946.0,INR,,Economy,,Airbus A321neo,28 in,SerpApi Google Flights,2026-09-10T07:02:08.818Z,6aa255ee3b93e3a86829bda3,False
BOM,DEL,2026-09-10,2026-10-25,45,IndiGo,6E 333,2026-10-25 07:45,2026-10-25 09:55,130,0,6946.0,INR,,Economy,,Airbus A321neo,28 in,SerpApi Google Flights,2026-09-10T07:02:08.818Z,6aa255ee3b93e3a86829bda3,False
BOM,DEL,2026-09-10,2026-10-25,45,IndiGo,6E 305,2026-10-25 08:30,2026-10-25 10:40,130,0,6946.0,INR,,Economy,,Airbus A321neo,28 in,SerpApi Google Flights,2026-09-10T07:02:08.818Z,6aa255ee3b93e3a86829bda3,False
BOM,DEL,2026-09-10,2026-10-25,45,IndiGo,6E 355,2026-10-25 09:15,2026-10-25 11:25,130,0,6946.0,INR,,Economy,,Airbus A321neo,28 in,SerpApi Google Flights,2026-09-10T07:02:08.818Z,6aa255ee3b93e3a86829bda3,False
BOM,DEL,2026-09-10,2026-10-25,45,IndiGo,6E 6052,2026-10-25 10:00,2026-10-25 12:10,130,0,6946.0,INR,,Economy,,Airbus A321neo,28 in,SerpApi Google Flights,2026-09-10T07:02:08.818Z,6aa255ee3b93e3a86829bda3,False
BOM,DEL,2026-09-10,2026-10-25,45,IndiGo,6E 310,2026-10-25 10:45,2026-10-25 12:55,130,0,6946.0,INR,,Economy,,Airbus A321neo,28 in,SerpApi Google Flights,2026-09-10T07:02:08.818Z,6aa255ee3b93e3a86829bda3,False
BOM,DEL,2026-09-10,2026-10-25,45,IndiGo,6E 6827,2026-10-25 11:30,2026-10-25 13:40,130,0,6946.0,INR,,Economy,,Airbus A321neo,28 in,SerpApi Google Flights,2026-09-10T07:02:08.818Z,6aa255ee3b93e3a86829bda3,False
BOM,DEL,2026-09-10,2026-10-25,45,IndiGo,6E 6028,2026-10-25 12:15,2026-10-25 14:25,130,0,6946.0,INR,,Economy,,Airbus A321neo,28 in,SerpApi Google Flights,2026-09-10T07:02:08.818Z,6aa255ee3b93e3a86829bda3,False
BOM,DEL,2026-09-10,2026-10-25,45,IndiGo,6E 102,2026-10-25 21:15,2026-10-25 23:30,135,0,6946.0,INR,,Economy,,Airbus A321neo,28 in,SerpApi Google Flights,2026-09-10T07:02:08.818Z,6aa255ee3b93e3a86829bda3,False
BOM,DEL,2026-09-10,2026-10-25,45,IndiGo,6E 6045,2026-10-25 03:00,2026-10-25 05:10,130,0,7096.0,INR,,Economy,,Airbus A321neo,28 in,SerpApi Google Flights,2026-09-10T07:02:08.818Z,6aa255ee3b93e3a86829bda3,False
BOM,DEL,2026-09-10,2026-10-25,45,IndiGo,6E 315,2026-10-25 17:30,2026-10-25 19:40,130,0,7096.0,INR,,Economy,,Airbus A321neo,28 in,SerpApi Google Flights,2026-09-10T07:02:08.818Z,6aa255ee3b93e3a86829bda3,False
BOM,DEL,2026-09-10,2026-10-25,45,Air India,AI 2424,2026-10-25 07:00,2026-10-25 09:15,135,0,7102.0,INR,,Economy,,Airbus A320neo,28 in,SerpApi Google Flights,2026-09-10T07:02:08.818Z,6aa255ee3b93e3a86829bda3,False
BOM,DEL,2026-09-10,2026-10-25,45,Air India,AI 2574,2026-10-25 08:55,2026-10-25 11:10,135,0,7102.0,INR,,Economy,,Airbus A321,29 in,SerpApi Google Flights,2026-09-10T07:02:08.818Z,6aa255ee3b93e3a86829bda3,False
BOM,DEL,2026-09-10,2026-10-25,45,Air India,AI 2952,2026-10-25 10:55,2026-10-25 13:15,140,0,7102.0,INR,,Economy,,Airbus A350,31 in,SerpApi Google Flights,2026-09-10T07:02:08.818Z,6aa255ee3b93e3a86829bda3,False
BOM,DEL,2026-09-10,2026-10-25,45,Air India,AI 2588,2026-10-25 15:30,2026-10-25 17:50,140,0,7102.0,INR,,Economy,,Airbus A321,29 in,SerpApi Google Flights,2026-09-10T07:02:08.818Z,6aa255ee3b93e3a86829bda3,False
BOM,DEL,2026-09-10,2026-10-25,45,Air India,AI 2687,2026-10-25 16:30,2026-10-25 18:50,140,0,7102.0,INR,,Economy,,Airbus A321,29 in,SerpApi Google Flights,2026-09-10T07:02:08.818Z,6aa255ee3b93e3a86829bda3,False
BOM,DEL,2026-09-10,2026-10-25,45,Air India,AI 816,2026-10-25 21:00,2026-10-25 23:15,135,0,7102.0,INR,,Economy,,Boeing 777,33 in,SerpApi Google Flights,2026-09-10T07:02:08.818Z,6aa255ee3b93e3a86829bda3,False
BOM,DEL,2026-09-10,2026-10-25,45,Air India,AI 2576,2026-10-25 21:30,2026-10-25 23:50,140,0,7102.0,INR,,Economy,,Airbus A320neo,28 in,SerpApi Google Flights,2026-09-10T07:02:08.818Z,6aa255ee3b93e3a86829bda3,False
BOM,DEL,2026-09-10,2026-10-25,45,SpiceJet,SG 602,2026-10-25 08:45,2026-10-25 11:05,140,0,7172.0,INR,,Economy,,Boeing 737,29 in,SerpApi Google Flights,2026-09-10T07:02:08.818Z,6aa255ee3b93e3a86829bda3,False
BOM,DEL,2026-09-10,2026-10-25,45,Air India,AI 2930,2026-10-25 07:30,2026-10-25 09:50,140,0,7281.0,INR,,Economy,,Airbus A320neo,28 in,SerpApi Google Flights,2026-09-10T07:02:08.818Z,6aa255ee3b93e3a86829bda3,False
BOM,DEL,2026-09-10,2026-10-25,45,Air India,AI 2428,2026-10-25 08:00,2026-10-25 10:15,135,0,7281.0,INR,,Economy,,Airbus A320neo,28 in,SerpApi Google Flights,2026-09-10T07:02:08.818Z,6aa255ee3b93e3a86829bda3,False
BOM,DEL,2026-09-10,2026-10-25,45,Air India,AI 2970,2026-10-25 08:30,2026-10-25 10:45,135,0,7281.0,INR,,Economy,,Airbus A320neo,28 in,SerpApi Google Flights,2026-09-10T07:02:08.818Z,6aa255ee3b93e3a86829bda3,False
BOM,DEL,2026-09-10,2026-10-25,45,IndiGo,6E 6613,2026-10-25 18:15,2026-10-25 20:25,130,0,7396.0,INR,,Economy,,Airbus A321neo,28 in,SerpApi Google Flights,2026-09-10T07:02:08.818Z,6aa255ee3b93e3a86829bda3,False
BOM,DEL,2026-09-10,2026-10-25,45,IndiGo,6E 317,2026-10-25 19:00,2026-10-25 21:10,130,0,7396.0,INR,,Economy,,Airbus A321neo,28 in,SerpApi Google Flights,2026-09-10T07:02:08.818Z,6aa255ee3b93e3a86829bda3,False
BOM,DEL,2026-09-10,2026-10-25,45,IndiGo,6E 6049,2026-10-25 19:45,2026-10-25 21:55,130,0,7396.0,INR,,Economy,,Airbus A321neo,28 in,SerpApi Google Flights,2026-09-10T07:02:08.818Z,6aa255ee3b93e3a86829bda3,False
BOM,DEL,2026-09-10,2026-10-25,45,IndiGo,6E 330,2026-10-25 20:30,2026-10-25 22:40,130,0,7396.0,INR,,Economy,,Airbus A321neo,28 in,SerpApi Google Flights,2026-09-10T07:02:08.818Z,6aa255ee3b93e3a86829bda3,False
BOM,DEL,2026-09-10,2026-10-25,45,IndiGo,6E 651,2026-10-25 22:30,2026-10-26 00:40,130,0,7396.0,INR,,Economy,,Airbus A321neo,28 in,SerpApi Google Flights,2026-09-10T07:02:08.818Z,6aa255ee3b93e3a86829bda3,False
BOM,DEL,2026-09-10,2026-10-25,45,Akasa Air,QP 1113,2026-10-25 13:00,2026-10-25 15:20,140,0,7485.0,INR,,Economy,,Boeing 737MAX 8 Passenger,28 in,SerpApi Google Flights,2026-09-10T07:02:08.818Z,6aa255ee3b93e3a86829bda3,False
BOM,DEL,2026-09-10,2026-10-25,45,Akasa Air,QP 1117,2026-10-25 14:30,2026-10-25 16:50,140,0,7485.0,INR,,Economy,,Boeing 737MAX 8 Passenger,28 in,SerpApi Google Flights,2026-09-10T07:02:08.818Z,6aa255ee3b93e3a86829bda3,False
BOM,DEL,2026-09-10,2026-10-25,45,Air India,AI 2419,2026-10-25 12:15,2026-10-25 14:35,140,0,7554.0,INR,,Economy,,Airbus A320neo,28 in,SerpApi Google Flights,2026-09-10T07:02:08.818Z,6aa255ee3b93e3a86829bda3,False
BOM,DEL,2026-09-10,2026-10-25,45,Air India,AI 2677,2026-10-25 13:00,2026-10-25 15:15,135,0,7554.0,INR,,Economy,,Airbus A320neo,28 in,SerpApi Google Flights,2026-09-10T07:02:08.818Z,6aa255ee3b93e3a86829bda3,False
BOM,DEL,2026-09-10,2026-10-25,45,Air India,AI 2442,2026-10-25 15:00,2026-10-25 17:20,140,0,7554.0,INR,,Economy,,Airbus A320neo,28 in,SerpApi Google Flights,2026-09-10T07:02:08.818Z,6aa255ee3b93e3a86829bda3,False
BOM,DEL,2026-09-10,2026-10-25,45,Air India,AI 2408,2026-10-25 19:30,2026-10-25 21:50,140,0,7554.0,INR,,Economy,,Airbus A320neo,28 in,SerpApi Google Flights,2026-09-10T07:02:08.818Z,6aa255ee3b93e3a86829bda3,False
BOM,DEL,2026-09-10,2026-10-25,45,Air India,AI 2988,2026-10-25 20:30,2026-10-25 22:45,135,0,7554.0,INR,,Economy,,Airbus A320neo,28 in,SerpApi Google Flights,2026-09-10T07:02:08.818Z,6aa255ee3b93e3a86829bda3,False
BOM,DEL,2026-09-10,2026-10-25,45,Air India,AI 2986,2026-10-25 22:35,2026-10-26 00:55,140,0,7554.0,INR,,Economy,,Airbus A321,29 in,SerpApi Google Flights,2026-09-10T07:02:08.818Z,6aa255ee3b93e3a86829bda3,False
BOM,DEL,2026-09-10,2026-10-25,45,Air India,AI 2556,2026-10-25 23:55,2026-10-26 02:15,140,0,7554.0,INR,,Economy,,Airbus A320neo,28 in,SerpApi Google Flights,2026-09-10T07:02:08.818Z,6aa255ee3b93e3a86829bda3,False
BOM,DEL,2026-09-10,2026-10-25,45,IndiGo,6E 615,2026-10-25 13:00,2026-10-25 15:10,130,0,7696.0,INR,,Economy,,Airbus A321neo,28 in,SerpApi Google Flights,2026-09-10T07:02:08.818Z,6aa255ee3b93e3a86829bda3,False
BOM,DEL,2026-09-10,2026-10-25,45,Air India,AI 2910,2026-10-25 17:30,2026-10-25 19:45,135,0,7743.0,INR,,Economy,,Airbus A320neo,28 in,SerpApi Google Flights,2026-09-10T07:02:08.818Z,6aa255ee3b93e3a86829bda3,False
BOM,DEL,2026-09-10,2026-10-25,45,Air India Express,IX 1671,2026-10-25 17:20,2026-10-25 19:45,145,0,7784.0,INR,,Economy,,Boeing 737MAX 8 Passenger,30 in,SerpApi Google Flights,2026-09-10T07:02:08.818Z,6aa255ee3b93e3a86829bda3,False
BOM,DEL,2026-09-10,2026-10-25,45,Air India,AI 2426,2026-10-25 19:00,2026-10-25 21:15,135,0,7806.0,INR,,Economy,,Airbus A320neo,28 in,SerpApi Google Flights,2026-09-10T07:02:08.818Z,6aa255ee3b93e3a86829bda3,False
BOM,DEL,2026-09-10,2026-10-25,45,Akasa Air,QP 1115,2026-10-25 19:00,2026-10-25 21:15,135,0,7883.0,INR,,Economy,,Boeing 737MAX 8 Passenger,28 in,SerpApi Google Flights,2026-09-10T07:02:08.818Z,6aa255ee3b93e3a86829bda3,False
BOM,DEL,2026-09-10,2026-10-25,45,Air India,AI 2440,2026-10-25 18:00,2026-10-25 20:15,135,0,7932.0,INR,,Economy,,Airbus A320neo,28 in,SerpApi Google Flights,2026-09-10T07:02:08.818Z,6aa255ee3b93e3a86829bda3,False
BOM,DEL,2026-09-10,2026-10-25,45,Air India,AI 2996,2026-10-25 18:30,2026-10-25 20:45,135,0,7932.0,INR,,Economy,,Airbus A321,29 in,SerpApi Google Flights,2026-09-10T07:02:08.818Z,6aa255ee3b93e3a86829bda3,False
DEL,BLR,2026-09-10,2026-09-11,1,IndiGo,6E 873,2026-09-11 08:20,2026-09-11 11:10,170,0,8724.0,INR,,Economy,,Airbus A321neo,28 in,SerpApi Google Flights,2026-09-10T07:02:13.746Z,6aa255f250849ca2b60b9e81,False
DEL,BLR,2026-09-10,2026-09-11,1,IndiGo,6E 810,2026-09-11 07:05,2026-09-11 10:00,175,0,8724.0,INR,,Economy,,Airbus A321neo,28 in,SerpApi Google Flights,2026-09-10T07:02:13.746Z,6aa255f250849ca2b60b9e81,False
DEL,BLR,2026-09-10,2026-09-11,1,IndiGo,6E 826,2026-09-11 09:30,2026-09-11 12:25,175,0,8724.0,INR,,Economy,,Airbus A321neo,28 in,SerpApi Google Flights,2026-09-10T07:02:13.746Z,6aa255f250849ca2b60b9e81,False
DEL,BLR,2026-09-10,2026-09-11,1,IndiGo,6E 871,2026-09-11 23:30,2026-09-12 02:25,175,0,8724.0,INR,,Economy,,Airbus A321neo,28 in,SerpApi Google Flights,2026-09-10T07:02:13.746Z,6aa255f250849ca2b60b9e81,False
DEL,BLR,2026-09-10,2026-09-11,1,Air India,AI 2757,2026-09-11 00:15,2026-09-11 03:10,175,0,8731.0,INR,,Economy,,Airbus A320neo,28 in,SerpApi Google Flights,2026-09-10T07:02:13.746Z,6aa255f250849ca2b60b9e81,False
DEL,BLR,2026-09-10,2026-09-11,1,Air India,AI 427,2026-09-11 08:30,2026-09-11 11:20,170,0,8883.0,INR,,Economy,,Boeing 787,33 in,SerpApi Google Flights,2026-09-10T07:02:13.746Z,6aa255f250849ca2b60b9e81,False
DEL,BLR,2026-09-10,2026-09-11,1,Air India,AI 2653,2026-09-11 04:30,2026-09-11 07:20,170,0,8883.0,INR,,Economy,,Airbus A320neo,28 in,SerpApi Google Flights,2026-09-10T07:02:13.746Z,6aa255f250849ca2b60b9e81,False
DEL,BLR,2026-09-10,2026-09-11,1,Air India,AI 2409,2026-09-11 06:00,2026-09-11 08:55,175,0,8883.0,INR,,Economy,,Airbus A320neo,28 in,SerpApi Google Flights,2026-09-10T07:02:13.746Z,6aa255f250849ca2b60b9e81,False
DEL,BLR,2026-09-10,2026-09-11,1,Air India,AI 2803,2026-09-11 06:30,2026-09-11 09:25,175,0,8883.0,INR,,Economy,,Airbus A320neo,28 in,SerpApi Google Flights,2026-09-10T07:02:13.746Z,6aa255f250849ca2b60b9e81,False
DEL,BLR,2026-09-10,2026-09-11,1,Air India,AI 2815,2026-09-11 07:00,2026-09-11 09:55,175,0,8883.0,INR,,Economy,,Airbus A321,29 in,SerpApi Google Flights,2026-09-10T07:02:13.746Z,6aa255f250849ca2b60b9e81,False
DEL,BLR,2026-09-10,2026-09-11,1,IndiGo,6E 2314,2026-09-11 05:45,2026-09-11 08:40,175,0,9181.0,INR,,Economy,,Airbus A321neo,28 in,SerpApi Google Flights,2026-09-10T07:02:13.746Z,6aa255f250849ca2b60b9e81,False
DEL,BLR,2026-09-10,2026-09-11,1,Air India,AI 2415,2026-09-11 09:30,2026-09-11 12:25,175,0,9340.0,INR,,Economy,,Airbus A320neo,28 in,SerpApi Google Flights,2026-09-10T07:02:13.746Z,6aa255f250849ca2b60b9e81,False
DEL,BLR,2026-09-10,2026-09-11,1,IndiGo,6E 842,2026-09-11 10:45,2026-09-11 13:40,175,0,9666.0,INR,,Economy,,Airbus A321neo,28 in,SerpApi Google Flights,2026-09-10T07:02:13.746Z,6aa255f250849ca2b60b9e81,False
DEL,BLR,2026-09-10,2026-09-11,1,IndiGo,6E 176,2026-09-11 13:15,2026-09-11 16:10,175,0,9666.0,INR,,Economy,,Airbus A321neo,28 in,SerpApi Google Flights,2026-09-10T07:02:13.746Z,6aa255f250849ca2b60b9e81,False
DEL,BLR,2026-09-10,2026-09-11,1,IndiGo,6E 828,2026-09-11 14:30,2026-09-11 17:25,175,0,9666.0,INR,,Economy,,Airbus A321neo,28 in,SerpApi Google Flights,2026-09-10T07:02:13.746Z,6aa255f250849ca2b60b9e81,False
DEL,BLR,2026-09-10,2026-09-11,1,IndiGo,6E 880,2026-09-11 15:45,2026-09-11 18:40,175,0,9666.0,INR,,Economy,,Airbus A321neo,28 in,SerpApi Google Flights,2026-09-10T07:02:13.746Z,6aa255f250849ca2b60b9e81,False
DEL,BLR,2026-09-10,2026-09-11,1,IndiGo,6E 846,2026-09-11 22:00,2026-09-12 00:55,175,0,9666.0,INR,,Economy,,Airbus A321neo,28 in,SerpApi Google Flights,2026-09-10T07:02:13.746Z,6aa255f250849ca2b60b9e81,False
DEL,BLR,2026-09-10,2026-09-11,1,Akasa Air,QP 1812,2026-09-11 22:55,2026-09-12 01:45,170,0,9678.0,INR,,Economy,,Boeing 737MAX 8 Passenger,28 in,SerpApi Google Flights,2026-09-10T07:02:13.746Z,6aa255f250849ca2b60b9e81,False
DEL,BLR,2026-09-10,2026-09-11,1,Air India,AI 2485,2026-09-11 10:30,2026-09-11 13:20,170,0,9823.0,INR,,Economy,,Airbus A320neo,28 in,SerpApi Google Flights,2026-09-10T07:02:13.746Z,6aa255f250849ca2b60b9e81,False
DEL,BLR,2026-09-10,2026-09-11,1,Air India,AI 2417,2026-09-11 13:00,2026-09-11 15:55,175,0,9991.0,INR,,Economy,,Airbus A320neo,28 in,SerpApi Google Flights,2026-09-10T07:02:13.746Z,6aa255f250849ca2b60b9e81,False
DEL,BLR,2026-09-10,2026-09-11,1,IndiGo,6E 820,2026-09-11 03:00,2026-09-11 05:55,175,0,10180.0,INR,,Economy,,Airbus A321neo,28 in,SerpApi Google Flights,2026-09-10T07:02:13.746Z,6aa255f250849ca2b60b9e81,False
DEL,BLR,2026-09-10,2026-09-11,1,IndiGo,6E 850,2026-09-11 12:20,2026-09-11 15:20,180,0,10180.0,INR,,Economy,,Airbus A321neo,28 in,SerpApi Google Flights,2026-09-10T07:02:13.746Z,6aa255f250849ca2b60b9e81,False
DEL,BLR,2026-09-10,2026-09-11,1,IndiGo,6E 837,2026-09-11 17:00,2026-09-11 19:55,175,0,10180.0,INR,,Economy,,Airbus A321neo,28 in,SerpApi Google Flights,2026-09-10T07:02:13.746Z,6aa255f250849ca2b60b9e81,False
DEL,BLR,2026-09-10,2026-09-11,1,Air India,AI 2664,2026-09-11 15:50,2026-09-11 18:45,175,0,10337.0,INR,,Economy,,Airbus A321,29 in,SerpApi Google Flights,2026-09-10T07:02:13.746Z,6aa255f250849ca2b60b9e81,False
DEL,BLR,2026-09-10,2026-09-11,1,Air India,AI 2819,2026-09-11 15:00,2026-09-11 17:55,175,0,10516.0,INR,,Economy,,Airbus A320neo,28 in,SerpApi Google Flights,2026-09-10T07:02:13.746Z,6aa255f250849ca2b60b9e81,False
DEL,BLR,2026-09-10,2026-09-11,1,Akasa Air,QP 1350,2026-09-11 21:55,2026-09-12 00:50,175,0,10581.0,INR,,Economy,,Boeing 737MAX 8 Passenger,28 in,SerpApi Google Flights,2026-09-10T07:02:13.746Z,6aa255f250849ca2b60b9e81,False
DEL,BLR,2026-09-10,2026-09-11,1,IndiGo,6E 811,2026-09-11 18:20,2026-09-11 21:10,170,0,11309.0,INR,,Economy,,Airbus A321neo,28 in,SerpApi Google Flights,2026-09-10T07:02:13.746Z,6aa255f250849ca2b60b9e81,False
DEL,BLR,2026-09-10,2026-09-11,1,IndiGo,6E 6515,2026-09-11 20:45,2026-09-11 23:40,175,0,11309.0,INR,,Economy,,Airbus A321neo,28 in,SerpApi Google Flights,2026-09-10T07:02:13.746Z,6aa255f250849ca2b60b9e81,False
DEL,BLR,2026-09-10,2026-09-11,1,Akasa Air,QP 1822,2026-09-11 16:40,2026-09-11 19:40,180,0,11368.0,INR,,Economy,,Boeing 737MAX 8 Passenger,28 in,SerpApi Google Flights,2026-09-10T07:02:13.746Z,6aa255f250849ca2b60b9e81,False
DEL,BLR,2026-09-10,2026-09-11,1,Akasa Air,QP 1824,2026-09-11 20:10,2026-09-11 23:10,180,0,11368.0,INR,,Economy,,Boeing 737MAX 8 Passenger,28 in,SerpApi Google Flights,2026-09-10T07:02:13.746Z,6aa255f250849ca2b60b9e81,False
DEL,BLR,2026-09-10,2026-09-11,1,Akasa Air,QP 1308,2026-09-11 20:55,2026-09-11 23:50,175,0,11368.0,INR,,Economy,,Boeing 737MAX 8 Passenger,28 in,SerpApi Google Flights,2026-09-10T07:02:13.746Z,6aa255f250849ca2b60b9e81,False
DEL,BLR,2026-09-10,2026-09-11,1,Air India,AI 2817,2026-09-11 16:30,2026-09-11 19:15,165,0,11466.0,INR,,Economy,,Airbus A320neo,28 in,SerpApi Google Flights,2026-09-10T07:02:13.746Z,6aa255f250849ca2b60b9e81,False
DEL,BLR,2026-09-10,2026-09-11,1,Air India Express,IX 1070,2026-09-11 18:20,2026-09-11 21:15,175,0,11505.0,INR,,Economy,,Boeing 737MAX 8 Passenger,30 in,SerpApi Google Flights,2026-09-10T07:02:13.746Z,6aa255f250849ca2b60b9e81,False
DEL,BLR,2026-09-10,2026-09-11,1,Air India,AI 2412,2026-09-11 21:30,2026-09-12 00:25,175,0,12400.0,INR,,Economy,,Airbus A320neo,28 in,SerpApi Google Flights,2026-09-10T07:02:13.746Z,6aa255f250849ca2b60b9e81,False
DEL,BLR,2026-09-10,2026-09-11,1,IndiGo,6E 861,2026-09-11 19:30,2026-09-11 22:25,175,0,12582.0,INR,,Economy,,Airbus A321neo,28 in,SerpApi Google Flights,2026-09-10T07:02:13.746Z,6aa255f250849ca2b60b9e81,False
DEL,BLR,2026-09-10,2026-09-11,1,Air India Express,IX 5975,2026-09-11 21:00,2026-09-11 23:55,175,0,12779.0,INR,,Economy,,Airbus A320neo,28 in,SerpApi Google Flights,2026-09-10T07:02:13.746Z,6aa255f250849ca2b60b9e81,False
DEL,BLR,2026-09-10,2026-09-11,1,Air India,AI 2512,2026-09-11 19:00,2026-09-11 21:55,175,0,13398.0,INR,,Economy,,Airbus A320neo,28 in,SerpApi Google Flights,2026-09-10T07:02:13.746Z,6aa255f250849ca2b60b9e81,False
DEL,BLR,2026-09-10,2026-09-11,1,Air India,AI 2809,2026-09-11 19:30,2026-09-11 22:20,170,0,13639.0,INR,,Economy,,Airbus A320neo,28 in,SerpApi Google Flights,2026-09-10T07:02:13.746Z,6aa255f250849ca2b60b9e81,False
DEL,BLR,2026-09-10,2026-09-11,1,Air India,AI 2487,2026-09-11 18:30,2026-09-11 21:25,175,0,15104.0,INR,,Economy,,Airbus A320neo,28 in,SerpApi Google Flights,2026-09-10T07:02:13.746Z,6aa255f250849ca2b60b9e81,True
DEL,BLR,2026-09-10,2026-09-17,7,IndiGo,6E 176,2026-09-17 13:15,2026-09-17 16:10,175,0,8724.0,INR,,Economy,,Airbus A321neo,28 in,SerpApi Google Flights,2026-09-10T07:02:17.951Z,6aa255f7a3ce841c80ce0221,False
DEL,BLR,2026-09-10,2026-09-17,7,IndiGo,6E 820,2026-09-17 03:00,2026-09-17 05:55,175,0,8724.0,INR,,Economy,,Airbus A321neo,28 in,SerpApi Google Flights,2026-09-10T07:02:17.951Z,6aa255f7a3ce841c80ce0221,False
DEL,BLR,2026-09-10,2026-09-17,7,IndiGo,6E 2314,2026-09-17 05:45,2026-09-17 08:40,175,0,8724.0,INR,,Economy,,Airbus A321neo,28 in,SerpApi Google Flights,2026-09-10T07:02:17.951Z,6aa255f7a3ce841c80ce0221,False
DEL,BLR,2026-09-10,2026-09-17,7,IndiGo,6E 810,2026-09-17 07:05,2026-09-17 10:00,175,0,8724.0,INR,,Economy,,Airbus A321neo,28 in,SerpApi Google Flights,2026-09-10T07:02:17.951Z,6aa255f7a3ce841c80ce0221,False
DEL,BLR,2026-09-10,2026-09-17,7,IndiGo,6E 873,2026-09-17 08:20,2026-09-17 11:10,170,0,8724.0,INR,,Economy,,Airbus A321neo,28 in,SerpApi Google Flights,2026-09-10T07:02:17.951Z,6aa255f7a3ce841c80ce0221,False
DEL,BLR,2026-09-10,2026-09-17,7,IndiGo,6E 826,2026-09-17 09:30,2026-09-17 12:25,175,0,8724.0,INR,,Economy,,Airbus A321neo,28 in,SerpApi Google Flights,2026-09-10T07:02:17.951Z,6aa255f7a3ce841c80ce0221,False
DEL,BLR,2026-09-10,2026-09-17,7,IndiGo,6E 842,2026-09-17 10:45,2026-09-17 13:40,175,0,8724.0,INR,,Economy,,Airbus A321neo,28 in,SerpApi Google Flights,2026-09-10T07:02:17.951Z,6aa255f7a3ce841c80ce0221,False
DEL,BLR,2026-09-10,2026-09-17,7,IndiGo,6E 850,2026-09-17 12:20,2026-09-17 15:20,180,0,8724.0,INR,,Economy,,Airbus A321neo,28 in,SerpApi Google Flights,2026-09-10T07:02:17.951Z,6aa255f7a3ce841c80ce0221,False
DEL,BLR,2026-09-10,2026-09-17,7,IndiGo,6E 828,2026-09-17 14:30,2026-09-17 17:25,175,0,8724.0,INR,,Economy,,Airbus A321neo,28 in,SerpApi Google Flights,2026-09-10T07:02:17.951Z,6aa255f7a3ce841c80ce0221,False
DEL,BLR,2026-09-10,2026-09-17,7,IndiGo,6E 880,2026-09-17 15:45,2026-09-17 18:40,175,0,8724.0,INR,,Economy,,Airbus A321neo,28 in,SerpApi Google Flights,2026-09-10T07:02:17.951Z,6aa255f7a3ce841c80ce0221,False
DEL,BLR,2026-09-10,2026-09-17,7,IndiGo,6E 837,2026-09-17 17:00,2026-09-17 19:55,175,0,8724.0,INR,,Economy,,Airbus A321neo,28 in,SerpApi Google Flights,2026-09-10T07:02:17.951Z,6aa255f7a3ce841c80ce0221,False
DEL,BLR,2026-09-10,2026-09-17,7,IndiGo,6E 6515,2026-09-17 20:45,2026-09-17 23:40,175,0,8724.0,INR,,Economy,,Airbus A321neo,28 in,SerpApi Google Flights,2026-09-10T07:02:17.951Z,6aa255f7a3ce841c80ce0221,False
DEL,BLR,2026-09-10,2026-09-17,7,IndiGo,6E 846,2026-09-17 22:00,2026-09-18 00:55,175,0,8724.0,INR,,Economy,,Airbus A321neo,28 in,SerpApi Google Flights,2026-09-10T07:02:17.951Z,6aa255f7a3ce841c80ce0221,False
DEL,BLR,2026-09-10,2026-09-17,7,IndiGo,6E 871,2026-09-17 23:30,2026-09-18 02:25,175,0,8724.0,INR,,Economy,,Airbus A321neo,28 in,SerpApi Google Flights,2026-09-10T07:02:17.951Z,6aa255f7a3ce841c80ce0221,False
DEL,BLR,2026-09-10,2026-09-17,7,Air India,AI 2757,2026-09-17 00:15,2026-09-17 03:10,175,0,8731.0,INR,,Economy,,Airbus A320neo,28 in,SerpApi Google Flights,2026-09-10T07:02:17.951Z,6aa255f7a3ce841c80ce0221,False
DEL,BLR,2026-09-10,2026-09-17,7,Air India,AI 2485,2026-09-17 10:30,2026-09-17 13:20,170,0,8883.0,INR,,Economy,,Airbus A320neo,28 in,SerpApi Google Flights,2026-09-10T07:02:17.951Z,6aa255f7a3ce841c80ce0221,False
DEL,BLR,2026-09-10,2026-09-17,7,Air India,AI 2653,2026-09-17 04:30,2026-09-17 07:20,170,0,8883.0,INR,,Economy,,Airbus A320neo,28 in,SerpApi Google Flights,2026-09-10T07:02:17.951Z,6aa255f7a3ce841c80ce0221,False
DEL,BLR,2026-09-10,2026-09-17,7,Air India,AI 2409,2026-09-17 06:00,2026-09-17 08:55,175,0,8883.0,INR,,Economy,,Airbus A320neo,28 in,SerpApi Google Flights,2026-09-10T07:02:17.951Z,6aa255f7a3ce841c80ce0221,False
DEL,BLR,2026-09-10,2026-09-17,7,Air India,AI 2803,2026-09-17 06:30,2026-09-17 09:25,175,0,8883.0,INR,,Economy,,Airbus A320neo,28 in,SerpApi Google Flights,2026-09-10T07:02:17.951Z,6aa255f7a3ce841c80ce0221,False
DEL,BLR,2026-09-10,2026-09-17,7,Air India,AI 2815,2026-09-17 07:00,2026-09-17 09:55,175,0,8883.0,INR,,Economy,,Airbus A321,29 in,SerpApi Google Flights,2026-09-10T07:02:17.951Z,6aa255f7a3ce841c80ce0221,False
DEL,BLR,2026-09-10,2026-09-17,7,Air India,AI 427,2026-09-17 08:30,2026-09-17 11:20,170,0,8883.0,INR,,Economy,,Boeing 787,33 in,SerpApi Google Flights,2026-09-10T07:02:17.951Z,6aa255f7a3ce841c80ce0221,False
DEL,BLR,2026-09-10,2026-09-17,7,Air India,AI 2819,2026-09-17 15:00,2026-09-17 17:55,175,0,8883.0,INR,,Economy,,Airbus A320neo,28 in,SerpApi Google Flights,2026-09-10T07:02:17.951Z,6aa255f7a3ce841c80ce0221,False
DEL,BLR,2026-09-10,2026-09-17,7,Air India,AI 2664,2026-09-17 15:50,2026-09-17 18:45,175,0,8883.0,INR,,Economy,,Airbus A321,29 in,SerpApi Google Flights,2026-09-10T07:02:17.951Z,6aa255f7a3ce841c80ce0221,False
DEL,BLR,2026-09-10,2026-09-17,7,Air India Express,IX 5975,2026-09-17 21:00,2026-09-17 23:55,175,0,9119.0,INR,,Economy,,Airbus A320neo,28 in,SerpApi Google Flights,2026-09-10T07:02:17.951Z,6aa255f7a3ce841c80ce0221,False
DEL,BLR,2026-09-10,2026-09-17,7,Akasa Air,QP 1812,2026-09-17 22:55,2026-09-18 01:45,170,0,9179.0,INR,,Economy,,Boeing 737MAX 8 Passenger,28 in,SerpApi Google Flights,2026-09-10T07:02:17.951Z,6aa255f7a3ce841c80ce0221,False
DEL,BLR,2026-09-10,2026-09-17,7,Akasa Air,QP 1308,2026-09-17 20:55,2026-09-17 23:50,175,0,9179.0,INR,,Economy,,Boeing 737MAX 8 Passenger,28 in,SerpApi Google Flights,2026-09-10T07:02:17.951Z,6aa255f7a3ce841c80ce0221,False
DEL,BLR,2026-09-10,2026-09-17,7,Akasa Air,QP 1350,2026-09-17 21:55,2026-09-18 00:50,175,0,9179.0,INR,,Economy,,Boeing 737MAX 8 Passenger,28 in,SerpApi Google Flights,2026-09-10T07:02:17.951Z,6aa255f7a3ce841c80ce0221,False
DEL,BLR,2026-09-10,2026-09-17,7,IndiGo,6E 811,2026-09-17 18:20,2026-09-17 21:10,170,0,9181.0,INR,,Economy,,Airbus A321neo,28 in,SerpApi Google Flights,2026-09-10T07:02:17.951Z,6aa255f7a3ce841c80ce0221,False
DEL,BLR,2026-09-10,2026-09-17,7,IndiGo,6E 861,2026-09-17 19:30,2026-09-17 22:25,175,0,9181.0,INR,,Economy,,Airbus A321neo,28 in,SerpApi Google Flights,2026-09-10T07:02:17.951Z,6aa255f7a3ce841c80ce0221,False
DEL,BLR,2026-09-10,2026-09-17,7,Air India,AI 2415,2026-09-17 09:30,2026-09-17 12:25,175,0,9340.0,INR,,Economy,,Airbus A320neo,28 in,SerpApi Google Flights,2026-09-10T07:02:17.951Z,6aa255f7a3ce841c80ce0221,False
DEL,BLR,2026-09-10,2026-09-17,7,Air India,AI 2817,2026-09-17 16:30,2026-09-17 19:15,165,0,9340.0,INR,,Economy,,Airbus A320neo,28 in,SerpApi Google Flights,2026-09-10T07:02:17.951Z,6aa255f7a3ce841c80ce0221,False
DEL,BLR,2026-09-10,2026-09-17,7,Air India,AI 2412,2026-09-17 21:30,2026-09-18 00:25,175,0,9340.0,INR,,Economy,,Airbus A320neo,28 in,SerpApi Google Flights,2026-09-10T07:02:17.951Z,6aa255f7a3ce841c80ce0221,False
DEL,BLR,2026-09-10,2026-09-17,7,Air India,AI 2417,2026-09-17 13:00,2026-09-17 15:55,175,0,9497.0,INR,,Economy,,Airbus A320neo,28 in,SerpApi Google Flights,2026-09-10T07:02:17.951Z,6aa255f7a3ce841c80ce0221,False
DEL,BLR,2026-09-10,2026-09-17,7,Air India Express,IX 1070,2026-09-17 18:20,2026-09-17 21:15,175,0,9678.0,INR,,Economy,,Boeing 737MAX 8 Passenger,30 in,SerpApi Google Flights,2026-09-10T07:02:17.951Z,6aa255f7a3ce841c80ce0221,False
DEL,BLR,2026-09-10,2026-09-17,7,Air India,AI 2512,2026-09-17 19:00,2026-09-17 21:55,175,0,9823.0,INR,,Economy,,Airbus A320neo,28 in,SerpApi Google Flights,2026-09-10T07:02:17.951Z,6aa255f7a3ce841c80ce0221,False
DEL,BLR,2026-09-10,2026-09-17,7,Air India,AI 2809,2026-09-17 19:30,2026-09-17 22:20,170,0,9823.0,INR,,Economy,,Airbus A320neo,28 in,SerpApi Google Flights,2026-09-10T07:02:17.951Z,6aa255f7a3ce841c80ce0221,False
DEL,BLR,2026-09-10,2026-09-17,7,Akasa Air,QP 1824,2026-09-17 20:10,2026-09-17 23:10,180,0,9851.0,INR,,Economy,,Boeing 737MAX 8 Passenger,28 in,SerpApi Google Flights,2026-09-10T07:02:17.951Z,6aa255f7a3ce841c80ce0221,False
DEL,BLR,2026-09-10,2026-09-17,7,Air India,AI 2487,2026-09-17 18:30,2026-09-17 21:25,175,0,10337.0,INR,,Economy,,Airbus A320neo,28 in,SerpApi Google Flights,2026-09-10T07:02:17.951Z,6aa255f7a3ce841c80ce0221,True
DEL,BLR,2026-09-10,2026-09-25,15,IndiGo,6E 176,2026-09-25 13:15,2026-09-25 16:10,175,0,8724.0,INR,,Economy,,Airbus A321neo,28 in,SerpApi Google Flights,2026-09-10T07:02:23.819Z,6aa255fbdbb9ff19434b7763,False
DEL,BLR,2026-09-10,2026-09-25,15,IndiGo,6E 850,2026-09-25 12:20,2026-09-25 15:20,180,0,8724.0,INR,,Economy,,Airbus A321neo,28 in,SerpApi Google Flights,2026-09-10T07:02:23.819Z,6aa255fbdbb9ff19434b7763,False
DEL,BLR,2026-09-10,2026-09-25,15,IndiGo,6E 828,2026-09-25 14:30,2026-09-25 17:25,175,0,8724.0,INR,,Economy,,Airbus A321neo,28 in,SerpApi Google Flights,2026-09-10T07:02:23.819Z,6aa255fbdbb9ff19434b7763,False
DEL,BLR,2026-09-10,2026-09-25,15,IndiGo,6E 871,2026-09-25 23:30,2026-09-26 02:25,175,0,8724.0,INR,,Economy,,Airbus A321neo,28 in,SerpApi Google Flights,2026-09-10T07:02:23.819Z,6aa255fbdbb9ff19434b7763,False
DEL,BLR,2026-09-10,2026-09-25,15,Air India,AI 2757,2026-09-25 00:15,2026-09-25 03:10,175,0,8731.0,INR,,Economy,,Airbus A320neo,28 in,SerpApi Google Flights,2026-09-10T07:02:23.819Z,6aa255fbdbb9ff19434b7763,False
DEL,BLR,2026-09-10,2026-09-25,15,Air India,AI 2819,2026-09-25 15:00,2026-09-25 17:55,175,0,8883.0,INR,,Economy,,Airbus A320neo,28 in,SerpApi Google Flights,2026-09-10T07:02:23.819Z,6aa255fbdbb9ff19434b7763,False
DEL,BLR,2026-09-10,2026-09-25,15,Air India,AI 2653,2026-09-25 04:30,2026-09-25 07:20,170,0,8883.0,INR,,Economy,,Airbus A320neo,28 in,SerpApi Google Flights,2026-09-10T07:02:23.819Z,6aa255fbdbb9ff19434b7763,False
DEL,BLR,2026-09-10,2026-09-25,15,Akasa Air,QP 1812,2026-09-25 22:55,2026-09-26 01:45,170,0,9179.0,INR,,Economy,,Boeing 737MAX 8 Passenger,28 in,SerpApi Google Flights,2026-09-10T07:02:23.819Z,6aa255fbdbb9ff19434b7763,False
DEL,BLR,2026-09-10,2026-09-25,15,Akasa Air,QP 1822,2026-09-25 16:40,2026-09-25 19:40,180,0,9179.0,INR,,Economy,,Boeing 737MAX 8 Passenger,28 in,SerpApi Google Flights,2026-09-10T07:02:23.819Z,6aa255fbdbb9ff19434b7763,False
DEL,BLR,2026-09-10,2026-09-25,15,Akasa Air,QP 1308,2026-09-25 20:55,2026-09-25 23:50,175,0,9179.0,INR,,Economy,,Boeing 737MAX 8 Passenger,28 in,SerpApi Google Flights,2026-09-10T07:02:23.819Z,6aa255fbdbb9ff19434b7763,False
DEL,BLR,2026-09-10,2026-09-25,15,Akasa Air,QP 1350,2026-09-25 21:55,2026-09-26 00:50,175,0,9179.0,INR,,Economy,,Boeing 737MAX 8 Passenger,28 in,SerpApi Google Flights,2026-09-10T07:02:23.819Z,6aa255fbdbb9ff19434b7763,False
DEL,BLR,2026-09-10,2026-09-25,15,IndiGo,6E 2314,2026-09-25 05:45,2026-09-25 08:40,175,0,9181.0,INR,,Economy,,Airbus A321neo,28 in,SerpApi Google Flights,2026-09-10T07:02:23.819Z,6aa255fbdbb9ff19434b7763,False
DEL,BLR,2026-09-10,2026-09-25,15,IndiGo,6E 810,2026-09-25 07:05,2026-09-25 10:00,175,0,9181.0,INR,,Economy,,Airbus A321neo,28 in,SerpApi Google Flights,2026-09-10T07:02:23.819Z,6aa255fbdbb9ff19434b7763,False
DEL,BLR,2026-09-10,2026-09-25,15,IndiGo,6E 6515,2026-09-25 20:45,2026-09-25 23:40,175,0,9181.0,INR,,Economy,,Airbus A321neo,28 in,SerpApi Google Flights,2026-09-10T07:02:23.819Z,6aa255fbdbb9ff19434b7763,False
DEL,BLR,2026-09-10,2026-09-25,15,IndiGo,6E 846,2026-09-25 22:00,2026-09-26 00:55,175,0,9181.0,INR,,Economy,,Airbus A321neo,28 in,SerpApi Google Flights,2026-09-10T07:02:23.819Z,6aa255fbdbb9ff19434b7763,False
DEL,BLR,2026-09-10,2026-09-25,15,Air India,AI 2409,2026-09-25 06:00,2026-09-25 08:55,175,0,9340.0,INR,,Economy,,Airbus A320neo,28 in,SerpApi Google Flights,2026-09-10T07:02:23.819Z,6aa255fbdbb9ff19434b7763,False
DEL,BLR,2026-09-10,2026-09-25,15,Air India,AI 2803,2026-09-25 06:30,2026-09-25 09:25,175,0,9340.0,INR,,Economy,,Airbus A320neo,28 in,SerpApi Google Flights,2026-09-10T07:02:23.819Z,6aa255fbdbb9ff19434b7763,False
DEL,BLR,2026-09-10,2026-09-25,15,Air India,AI 2815,2026-09-25 07:00,2026-09-25 09:55,175,0,9340.0,INR,,Economy,,Airbus A321,29 in,SerpApi Google Flights,2026-09-10T07:02:23.819Z,6aa255fbdbb9ff19434b7763,False
DEL,BLR,2026-09-10,2026-09-25,15,Akasa Air,QP 1824,2026-09-25 20:10,2026-09-25 23:10,180,0,9342.0,INR,,Economy,,Boeing 737MAX 8 Passenger,28 in,SerpApi Google Flights,2026-09-10T07:02:23.819Z,6aa255fbdbb9ff19434b7763,False
DEL,BLR,2026-09-10,2026-09-25,15,Air India,AI 2412,2026-09-25 21:30,2026-09-26 00:25,175,0,9576.0,INR,,Economy,,Airbus A320neo,28 in,SerpApi Google Flights,2026-09-10T07:02:23.819Z,6aa255fbdbb9ff19434b7763,False
DEL,BLR,2026-09-10,2026-09-25,15,IndiGo,6E 842,2026-09-25 10:45,2026-09-25 13:40,175,0,9666.0,INR,,Economy,,Airbus A321neo,28 in,SerpApi Google Flights,2026-09-10T07:02:23.819Z,6aa255fbdbb9ff19434b7763,False
DEL,BLR,2026-09-10,2026-09-25,15,IndiGo,6E 880,2026-09-25 15:45,2026-09-25 18:40,175,0,9666.0,INR,,Economy,,Airbus A321neo,28 in,SerpApi Google Flights,2026-09-10T07:02:23.819Z,6aa255fbdbb9ff19434b7763,False
DEL,BLR,2026-09-10,2026-09-25,15,IndiGo,6E 811,2026-09-25 18:20,2026-09-25 21:10,170,0,9666.0,INR,,Economy,,Airbus A321neo,28 in,SerpApi Google Flights,2026-09-10T07:02:23.819Z,6aa255fbdbb9ff19434b7763,False
DEL,BLR,2026-09-10,2026-09-25,15,IndiGo,6E 861,2026-09-25 19:30,2026-09-25 22:25,175,0,9666.0,INR,,Economy,,Airbus A321neo,28 in,SerpApi Google Flights,2026-09-10T07:02:23.819Z,6aa255fbdbb9ff19434b7763,False
DEL,BLR,2026-09-10,2026-09-25,15,Air India,AI 2485,2026-09-25 10:30,2026-09-25 13:20,170,0,9823.0,INR,,Economy,,Airbus A320neo,28 in,SerpApi Google Flights,2026-09-10T07:02:23.819Z,6aa255fbdbb9ff19434b7763,False
DEL,BLR,2026-09-10,2026-09-25,15,Air India,AI 2664,2026-09-25 15:50,2026-09-25 18:45,175,0,9823.0,INR,,Economy,,Airbus A321,29 in,SerpApi Google Flights,2026-09-10T07:02:23.819Z,6aa255fbdbb9ff19434b7763,False
DEL,BLR,2026-09-10,2026-09-25,15,Air India,AI 2817,2026-09-25 16:30,2026-09-25 19:15,165,0,9823.0,INR,,Economy,,Airbus A320neo,28 in,SerpApi Google Flights,2026-09-10T07:02:23.819Z,6aa255fbdbb9ff19434b7763,False
DEL,BLR,2026-09-10,2026-09-25,15,Air India,AI 2487,2026-09-25 18:30,2026-09-25 21:25,175,0,9823.0,INR,,Economy,,Airbus A320neo,28 in,SerpApi Google Flights,2026-09-10T07:02:23.819Z,6aa255fbdbb9ff19434b7763,False
DEL,BLR,2026-09-10,2026-09-25,15,Air India,AI 2512,2026-09-25 19:00,2026-09-25 21:55,175,0,9823.0,INR,,Economy,,Airbus A320neo,28 in,SerpApi Google Flights,2026-09-10T07:02:23.819Z,6aa255fbdbb9ff19434b7763,False
DEL,BLR,2026-09-10,2026-09-25,15,Air India,AI 2809,2026-09-25 19:30,2026-09-25 22:20,170,0,9991.0,INR,,Economy,,Airbus A320neo,28 in,SerpApi Google Flights,2026-09-10T07:02:23.819Z,6aa255fbdbb9ff19434b7763,False
DEL,BLR,2026-09-10,2026-09-25,15,Air India Express,IX 1070,2026-09-25 18:20,2026-09-25 21:15,175,0,10027.0,INR,,Economy,,Boeing 737MAX 8 Passenger,30 in,SerpApi Google Flights,2026-09-10T07:02:23.819Z,6aa255fbdbb9ff19434b7763,False
DEL,BLR,2026-09-10,2026-09-25,15,IndiGo,6E 873,2026-09-25 08:20,2026-09-25 11:10,170,0,10180.0,INR,,Economy,,Airbus A321neo,28 in,SerpApi Google Flights,2026-09-10T07:02:23.819Z,6aa255fbdbb9ff19434b7763,False
DEL,BLR,2026-09-10,2026-09-25,15,IndiGo,6E 837,2026-09-25 17:00,2026-09-25 19:55,175,0,10180.0,INR,,Economy,,Airbus A321neo,28 in,SerpApi Google Flights,2026-09-10T07:02:23.819Z,6aa255fbdbb9ff19434b7763,False
DEL,BLR,2026-09-10,2026-09-25,15,Air India,AI 427,2026-09-25 08:30,2026-09-25 11:20,170,0,10337.0,INR,,Economy,,Boeing 787,33 in,SerpApi Google Flights,2026-09-10T07:02:23.819Z,6aa255fbdbb9ff19434b7763,False
DEL,BLR,2026-09-10,2026-09-25,15,Air India Express,IX 5975,2026-09-25 21:00,2026-09-25 23:55,175,0,10440.0,INR,,Economy,,Airbus A320neo,28 in,SerpApi Google Flights,2026-09-10T07:02:23.819Z,6aa255fbdbb9ff19434b7763,False
DEL,BLR,2026-09-10,2026-09-25,15,IndiGo,6E 826,2026-09-25 09:30,2026-09-25 12:25,175,0,10727.0,INR,,Economy,,Airbus A321neo,28 in,SerpApi Google Flights,2026-09-10T07:02:23.819Z,6aa255fbdbb9ff19434b7763,False
DEL,BLR,2026-09-10,2026-09-25,15,Air India,AI 2415,2026-09-25 09:30,2026-09-25 12:25,175,0,10883.0,INR,,Economy,,Airbus A320neo,28 in,SerpApi Google Flights,2026-09-10T07:02:23.819Z,6aa255fbdbb9ff19434b7763,False
DEL,BLR,2026-09-10,2026-09-25,15,Air India,AI 2417,2026-09-25 13:00,2026-09-25 15:55,175,0,11072.0,INR,,Economy,,Airbus A320neo,28 in,SerpApi Google Flights,2026-09-10T07:02:23.819Z,6aa255fbdbb9ff19434b7763,True
DEL,BLR,2026-09-10,2026-09-25,15,IndiGo,6E 820,2026-09-25 03:00,2026-09-25 05:55,175,0,11309.0,INR,,Economy,,Airbus A321neo,28 in,SerpApi Google Flights,2026-09-10T07:02:23.819Z,6aa255fbdbb9ff19434b7763,True
DEL,BLR,2026-09-10,2026-10-10,30,IndiGo,6E 828,2026-10-10 14:30,2026-10-10 17:25,175,0,8724.0,INR,,Economy,,Airbus A321neo,28 in,SerpApi Google Flights,2026-09-10T07:02:27.153Z,6aa256017d6e7026b9be06b5,False
DEL,BLR,2026-09-10,2026-10-10,30,IndiGo,6E 2314,2026-10-10 05:45,2026-10-10 08:40,175,0,8724.0,INR,,Economy,,Airbus A321neo,28 in,SerpApi Google Flights,2026-09-10T07:02:27.153Z,6aa256017d6e7026b9be06b5,False
DEL,BLR,2026-09-10,2026-10-10,30,IndiGo,6E 873,2026-10-10 08:20,2026-10-10 11:10,170,0,8724.0,INR,,Economy,,Airbus A321neo,28 in,SerpApi Google Flights,2026-09-10T07:02:27.153Z,6aa256017d6e7026b9be06b5,False
DEL,BLR,2026-09-10,2026-10-10,30,IndiGo,6E 850,2026-10-10 12:15,2026-10-10 15:20,185,0,8724.0,INR,,Economy,,Airbus A321neo,28 in,SerpApi Google Flights,2026-09-10T07:02:27.153Z,6aa256017d6e7026b9be06b5,False
DEL,BLR,2026-09-10,2026-10-10,30,IndiGo,6E 837,2026-10-10 17:00,2026-10-10 19:55,175,0,8724.0,INR,,Economy,,Airbus A321neo,28 in,SerpApi Google Flights,2026-09-10T07:02:27.153Z,6aa256017d6e7026b9be06b5,False
DEL,BLR,2026-09-10,2026-10-10,30,IndiGo,6E 871,2026-10-10 23:30,2026-10-11 02:25,175,0,8724.0,INR,,Economy,,Airbus A321neo,28 in,SerpApi Google Flights,2026-09-10T07:02:27.153Z,6aa256017d6e7026b9be06b5,False
DEL,BLR,2026-09-10,2026-10-10,30,Air India Express,IX 1070,2026-10-10 22:00,2026-10-11 00:55,175,0,8909.0,INR,,Economy,,Boeing 737MAX 8 Passenger,30 in,SerpApi Google Flights,2026-09-10T07:02:27.153Z,6aa256017d6e7026b9be06b5,False
DEL,BLR,2026-09-10,2026-10-10,30,Akasa Air,QP 1822,2026-10-10 16:40,2026-10-10 19:40,180,0,9179.0,INR,,Economy,,Boeing 737MAX 8 Passenger,28 in,SerpApi Google Flights,2026-09-10T07:02:27.153Z,6aa256017d6e7026b9be06b5,False
DEL,BLR,2026-09-10,2026-10-10,30,IndiGo,6E 820,2026-10-10 03:00,2026-10-10 05:55,175,0,9181.0,INR,,Economy,,Airbus A321neo,28 in,SerpApi Google Flights,2026-09-10T07:02:27.153Z,6aa256017d6e7026b9be06b5,False
DEL,BLR,2026-09-10,2026-10-10,30,IndiGo,6E 826,2026-10-10 09:30,2026-10-10 12:25,175,0,9181.0,INR,,Economy,,Airbus A321neo,28 in,SerpApi Google Flights,2026-09-10T07:02:27.153Z,6aa256017d6e7026b9be06b5,False
DEL,BLR,2026-09-10,2026-10-10,30,IndiGo,6E 880,2026-10-10 15:45,2026-10-10 18:40,175,0,9181.0,INR,,Economy,,Airbus A321neo,28 in,SerpApi Google Flights,2026-09-10T07:02:27.153Z,6aa256017d6e7026b9be06b5,False
DEL,BLR,2026-09-10,2026-10-10,30,IndiGo,6E 811,2026-10-10 18:20,2026-10-10 21:10,170,0,9181.0,INR,,Economy,,Airbus A321neo,28 in,SerpApi Google Flights,2026-09-10T07:02:27.153Z,6aa256017d6e7026b9be06b5,False
DEL,BLR,2026-09-10,2026-10-10,30,IndiGo,6E 6515,2026-10-10 20:45,2026-10-10 23:40,175,0,9181.0,INR,,Economy,,Airbus A321neo,28 in,SerpApi Google Flights,2026-09-10T07:02:27.153Z,6aa256017d6e7026b9be06b5,False
DEL,BLR,2026-09-10,2026-10-10,30,Air India,AI 2757,2026-10-10 00:15,2026-10-10 03:10,175,0,9187.0,INR,,Economy,,Airbus A320neo,28 in,SerpApi Google Flights,2026-09-10T07:02:27.153Z,6aa256017d6e7026b9be06b5,False
DEL,BLR,2026-09-10,2026-10-10,30,Air India,AI 2664,2026-10-10 15:50,2026-10-10 18:45,175,0,9340.0,INR,,Economy,,Airbus A321,29 in,SerpApi Google Flights,2026-09-10T07:02:27.153Z,6aa256017d6e7026b9be06b5,False
DEL,BLR,2026-09-10,2026-10-10,30,Air India,AI 2409,2026-10-10 06:00,2026-10-10 08:55,175,0,9340.0,INR,,Economy,,Airbus A320neo,28 in,SerpApi Google Flights,2026-09-10T07:02:27.153Z,6aa256017d6e7026b9be06b5,False
DEL,BLR,2026-09-10,2026-10-10,30,Air India,AI 2803,2026-10-10 06:30,2026-10-10 09:25,175,0,9340.0,INR,,Economy,,Airbus A320neo,28 in,SerpApi Google Flights,2026-09-10T07:02:27.153Z,6aa256017d6e7026b9be06b5,False
DEL,BLR,2026-09-10,2026-10-10,30,Air India,AI 2813,2026-10-10 18:00,2026-10-10 20:55,175,0,9340.0,INR,,Economy,,Airbus A320neo,28 in,SerpApi Google Flights,2026-09-10T07:02:27.153Z,6aa256017d6e7026b9be06b5,False
DEL,BLR,2026-09-10,2026-10-10,30,Air India,AI 2487,2026-10-10 18:30,2026-10-10 21:25,175,0,9340.0,INR,,Economy,,Airbus A321,29 in,SerpApi Google Flights,2026-09-10T07:02:27.153Z,6aa256017d6e7026b9be06b5,False
DEL,BLR,2026-09-10,2026-10-10,30,Air India,AI 2512,2026-10-10 19:00,2026-10-10 21:55,175,0,9340.0,INR,,Economy,,Airbus A320neo,28 in,SerpApi Google Flights,2026-09-10T07:02:27.153Z,6aa256017d6e7026b9be06b5,False
DEL,BLR,2026-09-10,2026-10-10,30,Akasa Air,QP 1812,2026-10-10 22:55,2026-10-11 02:05,190,0,9342.0,INR,,Economy,,Boeing 737MAX 8 Passenger,28 in,SerpApi Google Flights,2026-09-10T07:02:27.153Z,6aa256017d6e7026b9be06b5,False
DEL,BLR,2026-09-10,2026-10-10,30,Air India,AI 427,2026-10-10 08:30,2026-10-10 11:20,170,0,9497.0,INR,,Economy,,Boeing 787,33 in,SerpApi Google Flights,2026-09-10T07:02:27.153Z,6aa256017d6e7026b9be06b5,False
DEL,BLR,2026-09-10,2026-10-10,30,Air India,AI 2485,2026-10-10 10:30,2026-10-10 13:20,170,0,9649.0,INR,,Economy,,Airbus A320neo,28 in,SerpApi Google Flights,2026-09-10T07:02:27.153Z,6aa256017d6e7026b9be06b5,False
DEL,BLR,2026-09-10,2026-10-10,30,IndiGo,6E 6054,2026-10-10 01:05,2026-10-10 04:00,175,0,9666.0,INR,,Economy,,Airbus A321neo,28 in,SerpApi Google Flights,2026-09-10T07:02:27.153Z,6aa256017d6e7026b9be06b5,False
DEL,BLR,2026-09-10,2026-10-10,30,Akasa Air,QP 1350,2026-10-10 21:55,2026-10-11 00:45,170,0,9678.0,INR,,Economy,,Boeing 737MAX 8 Passenger,28 in,SerpApi Google Flights,2026-09-10T07:02:27.153Z,6aa256017d6e7026b9be06b5,False
DEL,BLR,2026-09-10,2026-10-10,30,Air India,AI 2653,2026-10-10 04:30,2026-10-10 07:20,170,0,9823.0,INR,,Economy,,Airbus A320neo,28 in,SerpApi Google Flights,2026-09-10T07:02:27.153Z,6aa256017d6e7026b9be06b5,False
DEL,BLR,2026-09-10,2026-10-10,30,Air India,AI 2415,2026-10-10 09:30,2026-10-10 12:25,175,0,9823.0,INR,,Economy,,Airbus A320neo,28 in,SerpApi Google Flights,2026-09-10T07:02:27.153Z,6aa256017d6e7026b9be06b5,False
DEL,BLR,2026-09-10,2026-10-10,30,Air India,AI 2817,2026-10-10 16:30,2026-10-10 19:15,165,0,9823.0,INR,,Economy,,Airbus A320neo,28 in,SerpApi Google Flights,2026-09-10T07:02:27.153Z,6aa256017d6e7026b9be06b5,False
DEL,BLR,2026-09-10,2026-10-10,30,Air India,AI 2412,2026-10-10 21:30,2026-10-11 00:25,175,0,9823.0,INR,,Economy,,Airbus A320neo,28 in,SerpApi Google Flights,2026-09-10T07:02:27.153Z,6aa256017d6e7026b9be06b5,False
DEL,BLR,2026-09-10,2026-10-10,30,Air India,AI 2819,2026-10-10 15:00,2026-10-10 17:55,175,0,10516.0,INR,,Economy,,Airbus A320neo,28 in,SerpApi Google Flights,2026-09-10T07:02:27.153Z,6aa256017d6e7026b9be06b5,False
DEL,BLR,2026-09-10,2026-10-10,30,IndiGo,6E 810,2026-10-10 07:05,2026-10-10 10:00,175,0,10727.0,INR,,Economy,,Airbus A321neo,28 in,SerpApi Google Flights,2026-09-10T07:02:27.153Z,6aa256017d6e7026b9be06b5,False
DEL,BLR,2026-09-10,2026-10-10,30,IndiGo,6E 846,2026-10-10 22:00,2026-10-11 00:55,175,0,10727.0,INR,,Economy,,Airbus A321neo,28 in,SerpApi Google Flights,2026-09-10T07:02:27.153Z,6aa256017d6e7026b9be06b5,False
DEL,BLR,2026-09-10,2026-10-10,30,Air India,AI 2815,2026-10-10 07:00,2026-10-10 09:55,175,0,10883.0,INR,,Economy,,Airbus A321,29 in,SerpApi Google Flights,2026-09-10T07:02:27.153Z,6aa256017d6e7026b9be06b5,False
DEL,BLR,2026-09-10,2026-10-10,30,IndiGo,6E 176,2026-10-10 13:15,2026-10-10 16:10,175,0,11309.0,INR,,Economy,,Airbus A321neo,28 in,SerpApi Google Flights,2026-09-10T07:02:27.153Z,6aa256017d6e7026b9be06b5,False
DEL,BLR,2026-09-10,2026-10-10,30,Air India,AI 2809,2026-10-10 19:30,2026-10-10 22:20,170,0,11466.0,INR,,Economy,,Airbus A320neo,28 in,SerpApi Google Flights,2026-09-10T07:02:27.153Z,6aa256017d6e7026b9be06b5,False
DEL,BLR,2026-09-10,2026-10-10,30,Air India Express,IX 2749,2026-10-10 10:25,2026-10-10 13:20,175,0,11505.0,INR,,Economy,,Boeing 737MAX 8 Passenger,30 in,SerpApi Google Flights,2026-09-10T07:02:27.153Z,6aa256017d6e7026b9be06b5,False
DEL,BLR,2026-09-10,2026-10-10,30,Air India,AI 2417,2026-10-10 13:00,2026-10-10 15:55,175,0,11965.0,INR,,Economy,,Airbus A320neo,28 in,SerpApi Google Flights,2026-09-10T07:02:27.153Z,6aa256017d6e7026b9be06b5,False
DEL,BLR,2026-09-10,2026-10-10,30,Akasa Air,QP 1824,2026-10-10 20:50,2026-10-10 23:50,180,0,12222.0,INR,,Economy,,Boeing 737MAX 8 Passenger,28 in,SerpApi Google Flights,2026-09-10T07:02:27.153Z,6aa256017d6e7026b9be06b5,False
DEL,BLR,2026-09-10,2026-10-10,30,IndiGo,6E 842,2026-10-10 10:45,2026-10-10 13:40,175,0,17464.0,INR,,Economy,,Airbus A321neo,28 in,SerpApi Google Flights,2026-09-10T07:02:27.153Z,6aa256017d6e7026b9be06b5,True
DEL,BLR,2026-09-10,2026-10-10,30,IndiGo,6E 861,2026-10-10 19:30,2026-10-10 22:25,175,0,18464.0,INR,,Economy,,Airbus A321neo,28 in,SerpApi Google Flights,2026-09-10T07:02:27.153Z,6aa256017d6e7026b9be06b5,True
DEL,BLR,2026-09-10,2026-10-25,45,IndiGo,6E 871,2026-10-25 23:30,2026-10-26 02:25,175,0,10721.0,INR,,Economy,,Airbus A321neo,28 in,SerpApi Google Flights,2026-09-10T07:02:30.467Z,6aa2560455cfe13f980705c8,False
DEL,BLR,2026-09-10,2026-10-25,45,IndiGo,6E 2314,2026-10-25 05:45,2026-10-25 08:40,175,0,11223.0,INR,,Economy,,Airbus A321neo,28 in,SerpApi Google Flights,2026-09-10T07:02:30.467Z,6aa2560455cfe13f980705c8,False
DEL,BLR,2026-09-10,2026-10-25,45,IndiGo,6E 846,2026-10-25 22:00,2026-10-26 00:55,175,0,11223.0,INR,,Economy,,Airbus A321neo,28 in,SerpApi Google Flights,2026-09-10T07:02:30.467Z,6aa2560455cfe13f980705c8,False
DEL,BLR,2026-09-10,2026-10-25,45,Akasa Air,QP 1812,2026-10-25 22:55,2026-10-26 02:00,185,0,11368.0,INR,,Economy,,Boeing 737MAX 8 Passenger,28 in,SerpApi Google Flights,2026-09-10T07:02:30.467Z,6aa2560455cfe13f980705c8,False
DEL,BLR,2026-09-10,2026-10-25,45,Air India Express,IX 1261,2026-10-25 07:30,2026-10-25 10:25,175,0,11505.0,INR,,Economy,,Airbus A320,28 in,SerpApi Google Flights,2026-09-10T07:02:30.467Z,6aa2560455cfe13f980705c8,False
DEL,BLR,2026-09-10,2026-10-25,45,IndiGo,6E 820,2026-10-25 02:45,2026-10-25 05:40,175,0,11751.0,INR,,Economy,,Airbus A321neo,28 in,SerpApi Google Flights,2026-09-10T07:02:30.467Z,6aa2560455cfe13f980705c8,False
DEL,BLR,2026-09-10,2026-10-25,45,IndiGo,6E 873,2026-10-25 08:15,2026-10-25 11:10,175,0,11751.0,INR,,Economy,,Airbus A321neo,28 in,SerpApi Google Flights,2026-09-10T07:02:30.467Z,6aa2560455cfe13f980705c8,False
DEL,BLR,2026-09-10,2026-10-25,45,SpiceJet,SG 614,2026-10-25 06:30,2026-10-25 09:25,175,0,11774.0,INR,,Economy,,Boeing 737,29 in,SerpApi Google Flights,2026-09-10T07:02:30.467Z,6aa2560455cfe13f980705c8,False
DEL,BLR,2026-09-10,2026-10-25,45,Air India,AI 2757,2026-10-25 00:15,2026-10-25 03:05,170,0,12012.0,INR,,Economy,,Airbus A320neo,28 in,SerpApi Google Flights,2026-09-10T07:02:30.467Z,6aa2560455cfe13f980705c8,False
DEL,BLR,2026-09-10,2026-10-25,45,Air India Express,IX 1525,2026-10-25 08:40,2026-10-25 11:35,175,0,12121.0,INR,,Economy,,Boeing 737MAX 8 Passenger,30 in,SerpApi Google Flights,2026-09-10T07:02:30.467Z,6aa2560455cfe13f980705c8,False
DEL,BLR,2026-09-10,2026-10-25,45,IndiGo,6E 810,2026-10-25 06:45,2026-10-25 09:40,175,0,12308.0,INR,,Economy,,Airbus A321neo,28 in,SerpApi Google Flights,2026-09-10T07:02:30.467Z,6aa2560455cfe13f980705c8,False
DEL,BLR,2026-09-10,2026-10-25,45,IndiGo,6E 826,2026-10-25 09:30,2026-10-25 12:25,175,0,12308.0,INR,,Economy,,Airbus A321neo,28 in,SerpApi Google Flights,2026-09-10T07:02:30.467Z,6aa2560455cfe13f980705c8,False
DEL,BLR,2026-09-10,2026-10-25,45,Air India,AI 2515,2026-10-25 22:00,2026-10-26 00:55,175,0,12463.0,INR,,Economy,,Airbus A320neo,28 in,SerpApi Google Flights,2026-09-10T07:02:30.467Z,6aa2560455cfe13f980705c8,False
DEL,BLR,2026-09-10,2026-10-25,45,SpiceJet,SG 142,2026-10-25 20:50,2026-10-25 23:40,170,0,12466.0,INR,,Economy,,Boeing 737,29 in,SerpApi Google Flights,2026-09-10T07:02:30.467Z,6aa2560455cfe13f980705c8,False
DEL,BLR,2026-09-10,2026-10-25,45,Air India Express,IX 1071,2026-10-25 20:50,2026-10-25 23:45,175,0,12779.0,INR,,Economy,,Airbus A320neo,28 in,SerpApi Google Flights,2026-09-10T07:02:30.467Z,6aa2560455cfe13f980705c8,False
DEL,BLR,2026-09-10,2026-10-25,45,IndiGo,6E 837,2026-10-25 17:00,2026-10-25 19:55,175,0,12895.0,INR,,Economy,,Airbus A321neo,28 in,SerpApi Google Flights,2026-09-10T07:02:30.467Z,6aa2560455cfe13f980705c8,False
DEL,BLR,2026-09-10,2026-10-25,45,IndiGo,6E 811,2026-10-25 18:15,2026-10-25 21:10,175,0,12895.0,INR,,Economy,,Airbus A321neo,28 in,SerpApi Google Flights,2026-09-10T07:02:30.467Z,6aa2560455cfe13f980705c8,False
DEL,BLR,2026-09-10,2026-10-25,45,IndiGo,6E 842,2026-10-25 10:45,2026-10-25 13:40,175,0,13513.0,INR,,Economy,,Airbus A321neo,28 in,SerpApi Google Flights,2026-09-10T07:02:30.467Z,6aa2560455cfe13f980705c8,False
DEL,BLR,2026-09-10,2026-10-25,45,IndiGo,6E 850,2026-10-25 12:00,2026-10-25 14:55,175,0,13513.0,INR,,Economy,,Airbus A321neo,28 in,SerpApi Google Flights,2026-09-10T07:02:30.467Z,6aa2560455cfe13f980705c8,False
DEL,BLR,2026-09-10,2026-10-25,45,IndiGo,6E 2329,2026-10-25 14:30,2026-10-25 17:25,175,0,13513.0,INR,,Economy,,Airbus A321neo,28 in,SerpApi Google Flights,2026-09-10T07:02:30.467Z,6aa2560455cfe13f980705c8,False
DEL,BLR,2026-09-10,2026-10-25,45,IndiGo,6E 6515,2026-10-25 20:45,2026-10-25 23:40,175,0,13513.0,INR,,Economy,,Airbus A321neo,28 in,SerpApi Google Flights,2026-09-10T07:02:30.467Z,6aa2560455cfe13f980705c8,False
DEL,BLR,2026-09-10,2026-10-25,45,Akasa Air,QP 1827,2026-10-25 19:55,2026-10-25 22:50,175,0,13635.0,INR,,Economy,,Boeing 737MAX 8 Passenger,,SerpApi Google Flights,2026-09-10T07:02:30.467Z,6aa2560455cfe13f980705c8,False
DEL,BLR,2026-09-10,2026-10-25,45,Air India,AI 2415,2026-10-25 09:30,2026-10-25 12:20,170,0,13996.0,INR,,Economy,,Airbus A320neo,28 in,SerpApi Google Flights,2026-09-10T07:02:30.467Z,6aa2560455cfe13f980705c8,False
DEL,BLR,2026-09-10,2026-10-25,45,Air India,AI 2412,2026-10-25 21:30,2026-10-26 00:25,175,0,13996.0,INR,,Economy,,Airbus A320neo,28 in,SerpApi Google Flights,2026-09-10T07:02:30.467Z,6aa2560455cfe13f980705c8,False
DEL,BLR,2026-09-10,2026-10-25,45,IndiGo,6E 176,2026-10-25 13:15,2026-10-25 16:10,175,0,14165.0,INR,,Economy,,Airbus A321neo,28 in,SerpApi Google Flights,2026-09-10T07:02:30.467Z,6aa2560455cfe13f980705c8,False
DEL,BLR,2026-09-10,2026-10-25,45,IndiGo,6E 861,2026-10-25 19:30,2026-10-25 22:25,175,0,14165.0,INR,,Economy,,Airbus A321neo,28 in,SerpApi Google Flights,2026-09-10T07:02:30.467Z,6aa2560455cfe13f980705c8,False
DEL,BLR,2026-09-10,2026-10-25,45,Air India,AI 2409,2026-10-25 06:00,2026-10-25 08:50,170,0,15104.0,INR,,Economy,,Airbus A321,28 in,SerpApi Google Flights,2026-09-10T07:02:30.467Z,6aa2560455cfe13f980705c8,False
DEL,BLR,2026-09-10,2026-10-25,45,Air India,AI 2513,2026-10-25 13:00,2026-10-25 15:50,170,0,15104.0,INR,,Economy,,Airbus A320neo,28 in,SerpApi Google Flights,2026-09-10T07:02:30.467Z,6aa2560455cfe13f980705c8,False
DEL,BLR,2026-09-10,2026-10-25,45,Air India,AI 2809,2026-10-25 20:30,2026-10-25 23:25,175,0,15514.0,INR,,Economy,,Airbus A320neo,28 in,SerpApi Google Flights,2026-09-10T07:02:30.467Z,6aa2560455cfe13f980705c8,False
DEL,BLR,2026-09-10,2026-10-25,45,Air India,AI 2485,2026-10-25 11:00,2026-10-25 13:50,170,0,15787.0,INR,,Economy,,Airbus A320neo,28 in,SerpApi Google Flights,2026-09-10T07:02:30.467Z,6aa2560455cfe13f980705c8,False
DEL,BLR,2026-09-10,2026-10-25,45,Air India,AI 2487,2026-10-25 18:00,2026-10-25 20:50,170,0,15787.0,INR,,Economy,,Airbus A320neo,28 in,SerpApi Google Flights,2026-09-10T07:02:30.467Z,6aa2560455cfe13f980705c8,False
DEL,BLR,2026-09-10,2026-10-25,45,Air India,AI 2512,2026-10-25 19:30,2026-10-25 22:25,175,0,15787.0,INR,,Economy,,Airbus A320neo,28 in,SerpApi Google Flights,2026-09-10T07:02:30.467Z,6aa2560455cfe13f980705c8,False
DEL,BLR,2026-09-10,2026-10-25,45,Air India,AI 2417,2026-10-25 12:00,2026-10-25 14:50,170,0,16060.0,INR,,Economy,,Airbus A320neo,28 in,SerpApi Google Flights,2026-09-10T07:02:30.467Z,6aa2560455cfe13f980705c8,False
DEL,BLR,2026-09-10,2026-10-25,45,Akasa Air,QP 1302,2026-10-25 08:40,2026-10-25 11:40,180,0,16399.0,INR,,Economy,,Boeing 737MAX 8 Passenger,,SerpApi Google Flights,2026-09-10T07:02:30.467Z,6aa2560455cfe13f980705c8,False
DEL,BLR,2026-09-10,2026-10-25,45,Akasa Air,QP 1824,2026-10-25 18:10,2026-10-25 21:10,180,0,16708.0,INR,,Economy,,Boeing 737MAX 8 Passenger,28 in,SerpApi Google Flights,2026-09-10T07:02:30.467Z,6aa2560455cfe13f980705c8,False
DEL,BLR,2026-09-10,2026-10-25,45,SpiceJet,SG 723,2026-10-25 15:40,2026-10-25 17:40,120,0,16891.0,INR,,Economy,,Boeing 737,29 in,SerpApi Google Flights,2026-09-10T07:02:30.467Z,6aa2560455cfe13f980705c8,False
DEL,BLR,2026-09-10,2026-10-25,45,IndiGo,6E 880,2026-10-25 15:45,2026-10-25 18:40,175,0,19818.0,INR,,Economy,,Airbus A321neo,28 in,SerpApi Google Flights,2026-09-10T07:02:30.467Z,6aa2560455cfe13f980705c8,True
DEL,BOM,2026-09-10,2026-09-11,1,Air India,AI 1745,2026-09-11 05:00,2026-09-11 07:20,140,0,6314.0,INR,,Economy,,Airbus A320neo,28 in,SerpApi Google Flights,2026-09-10T07:01:34.805Z,6aa2549ff8cc78fe440277b7,False
DEL,BOM,2026-09-10,2026-09-11,1,IndiGo,6E 6318,2026-09-11 14:45,2026-09-11 17:00,135,0,6425.0,INR,,Economy,,Airbus A321neo,28 in,SerpApi Google Flights,2026-09-10T07:01:34.804Z,6aa2549ff8cc78fe440277b7,False
DEL,BOM,2026-09-10,2026-09-11,1,IndiGo,6E 449,2026-09-11 05:00,2026-09-11 07:15,135,0,6425.0,INR,,Economy,,Airbus A321neo,28 in,SerpApi Google Flights,2026-09-10T07:01:34.805Z,6aa2549ff8cc78fe440277b7,False
DEL,BOM,2026-09-10,2026-09-11,1,IndiGo,6E 6218,2026-09-11 06:05,2026-09-11 08:20,135,0,6425.0,INR,,Economy,,Airbus A321neo,28 in,SerpApi Google Flights,2026-09-10T07:01:34.805Z,6aa2549ff8cc78fe440277b7,False
DEL,BOM,2026-09-10,2026-09-11,1,IndiGo,6E 6107,2026-09-11 09:30,2026-09-11 11:55,145,0,6425.0,INR,,Economy,,Airbus A321neo,28 in,SerpApi Google Flights,2026-09-10T07:01:34.805Z,6aa2549ff8cc78fe440277b7,False
DEL,BOM,2026-09-10,2026-09-11,1,IndiGo,6E 6328,2026-09-11 10:15,2026-09-11 12:35,140,0,6425.0,INR,,Economy,,Airbus A321neo,28 in,SerpApi Google Flights,2026-09-10T07:01:34.805Z,6aa2549ff8cc78fe440277b7,False
DEL,BOM,2026-09-10,2026-09-11,1,IndiGo,6E 6022,2026-09-11 14:00,2026-09-11 16:25,145,0,6425.0,INR,,Economy,,Airbus A321neo,28 in,SerpApi Google Flights,2026-09-10T07:01:34.805Z,6aa2549ff8cc78fe440277b7,False
DEL,BOM,2026-09-10,2026-09-11,1,Air India,AI 2441,2026-09-11 14:10,2026-09-11 16:30,140,0,6582.0,INR,,Economy,,Airbus A321,29 in,SerpApi Google Flights,2026-09-10T07:01:34.805Z,6aa2549ff8cc78fe440277b7,False
DEL,BOM,2026-09-10,2026-09-11,1,Air India,AI 2943,2026-09-11 07:30,2026-09-11 09:55,145,0,6582.0,INR,,Economy,,Airbus A350,31 in,SerpApi Google Flights,2026-09-10T07:01:34.805Z,6aa2549ff8cc78fe440277b7,False
DEL,BOM,2026-09-10,2026-09-11,1,Air India,AI 2927,2026-09-11 09:30,2026-09-11 12:00,150,0,6582.0,INR,,Economy,,Airbus A320neo,28 in,SerpApi Google Flights,2026-09-10T07:01:34.805Z,6aa2549ff8cc78fe440277b7,False
DEL,BOM,2026-09-10,2026-09-11,1,Air India,AI 2995,2026-09-11 10:00,2026-09-11 12:25,145,0,6582.0,INR,,Economy,,Airbus A320neo,28 in,SerpApi Google Flights,2026-09-10T07:01:34.805Z,6aa2549ff8cc78fe440277b7,False
DEL,BOM,2026-09-10,2026-09-11,1,Air India,AI 2945,2026-09-11 11:00,2026-09-11 13:25,145,0,6582.0,INR,,Economy,,Airbus A320neo,28 in,SerpApi Google Flights,2026-09-10T07:01:34.805Z,6aa2549ff8cc78fe440277b7,False
DEL,BOM,2026-09-10,2026-09-11,1,Air India,AI 1785,2026-09-11 12:00,2026-09-11 14:25,145,0,6582.0,INR,,Economy,,Airbus A320neo,28 in,SerpApi Google Flights,2026-09-10T07:01:34.805Z,6aa2549ff8cc78fe440277b7,False
DEL,BOM,2026-09-10,2026-09-11,1,IndiGo,6E 320,2026-09-11 08:00,2026-09-11 10:20,140,0,6583.0,INR,,Economy,,Airbus A321neo,28 in,SerpApi Google Flights,2026-09-10T07:01:34.805Z,6aa2549ff8cc78fe440277b7,False
DEL,BOM,2026-09-10,2026-09-11,1,IndiGo,6E 675,2026-09-11 08:45,2026-09-11 11:00,135,0,6583.0,INR,,Economy,,Airbus A321neo,28 in,SerpApi Google Flights,2026-09-10T07:01:34.805Z,6aa2549ff8cc78fe440277b7,False
DEL,BOM,2026-09-10,2026-09-11,1,IndiGo,6E 6047,2026-09-11 11:00,2026-09-11 13:15,135,0,6583.0,INR,,Economy,,Airbus A321neo,28 in,SerpApi Google Flights,2026-09-10T07:01:34.805Z,6aa2549ff8cc78fe440277b7,False
DEL,BOM,2026-09-10,2026-09-11,1,IndiGo,6E 6676,2026-09-11 12:00,2026-09-11 14:15,135,0,6583.0,INR,,Economy,,Airbus A321neo,28 in,SerpApi Google Flights,2026-09-10T07:01:34.805Z,6aa2549ff8cc78fe440277b7,False
DEL,BOM,2026-09-10,2026-09-11,1,Air India Express,IX 1056,2026-09-11 05:35,2026-09-11 08:05,150,0,6610.0,INR,,Economy,,Boeing 737MAX 8 Passenger,29 in,SerpApi Google Flights,2026-09-10T07:01:34.805Z,6aa2549ff8cc78fe440277b7,False
DEL,BOM,2026-09-10,2026-09-11,1,Air India,AI 2975,2026-09-11 06:30,2026-09-11 08:50,140,0,6740.0,INR,,Economy,,Airbus A320neo,28 in,SerpApi Google Flights,2026-09-10T07:01:34.805Z,6aa2549ff8cc78fe440277b7,False
DEL,BOM,2026-09-10,2026-09-11,1,Air India,AI 2429,2026-09-11 07:00,2026-09-11 09:25,145,0,6740.0,INR,,Economy,,Airbus A320neo,28 in,SerpApi Google Flights,2026-09-10T07:01:34.805Z,6aa2549ff8cc78fe440277b7,False
DEL,BOM,2026-09-10,2026-09-11,1,Air India,AI 2678,2026-09-11 08:30,2026-09-11 10:45,135,0,6740.0,INR,,Economy,,Airbus A320neo,28 in,SerpApi Google Flights,2026-09-10T07:01:34.805Z,6aa2549ff8cc78fe440277b7,False
DEL,BOM,2026-09-10,2026-09-11,1,IndiGo,6E 6814,2026-09-11 07:15,2026-09-11 09:30,135,0,6793.0,INR,,Economy,,Airbus A321neo,28 in,SerpApi Google Flights,2026-09-10T07:01:34.805Z,6aa2549ff8cc78fe440277b7,False
DEL,BOM,2026-09-10,2026-09-11,1,IndiGo,6E 324,2026-09-11 13:00,2026-09-11 15:10,130,0,6793.0,INR,,Economy,,Airbus A321neo,28 in,SerpApi Google Flights,2026-09-10T07:01:34.805Z,6aa2549ff8cc78fe440277b7,False
DEL,BOM,2026-09-10,2026-09-11,1,IndiGo,6E 864,2026-09-11 15:30,2026-09-11 17:45,135,0,6793.0,INR,,Economy,,Airbus A321neo,28 in,SerpApi Google Flights,2026-09-10T07:01:34.805Z,6aa2549ff8cc78fe440277b7,False
DEL,BOM,2026-09-10,2026-09-11,1,Akasa Air,QP 1110,2026-09-11 10:30,2026-09-11 12:45,135,0,6880.0,INR,,Economy,,Boeing 737MAX 8 Passenger,28 in,SerpApi Google Flights,2026-09-10T07:01:34.805Z,6aa2549ff8cc78fe440277b7,False
DEL,BOM,2026-09-10,2026-09-11,1,Akasa Air,QP 1833,2026-09-11 06:50,2026-09-11 09:10,140,0,6880.0,INR,,Economy,,Boeing 737MAX 8 Passenger,28 in,SerpApi Google Flights,2026-09-10T07:01:34.805Z,6aa2549ff8cc78fe440277b7,False
DEL,BOM,2026-09-10,2026-09-11,1,Akasa Air,QP 1119,2026-09-11 08:40,2026-09-11 11:05,145,0,6880.0,INR,,Economy,,Boeing 737MAX 8 Passenger,28 in,SerpApi Google Flights,2026-09-10T07:01:34.805Z,6aa2549ff8cc78fe440277b7,False
DEL,BOM,2026-09-10,2026-09-11,1,Akasa Air,QP 1836,2026-09-11 12:30,2026-09-11 14:55,145,0,6880.0,INR,,Economy,,Boeing 737MAX 8 Passenger,28 in,SerpApi Google Flights,2026-09-10T07:01:34.805Z,6aa2549ff8cc78fe440277b7,False
DEL,BOM,2026-09-10,2026-09-11,1,Air India,AI 2933,2026-09-11 15:30,2026-09-11 17:55,145,0,6950.0,INR,,Economy,,Airbus A320neo,28 in,SerpApi Google Flights,2026-09-10T07:01:34.805Z,6aa2549ff8cc78fe440277b7,False
DEL,BOM,2026-09-10,2026-09-11,1,Air India,AI 1777,2026-09-11 16:00,2026-09-11 18:25,145,0,6950.0,INR,,Economy,,Airbus A320neo,28 in,SerpApi Google Flights,2026-09-10T07:01:34.805Z,6aa2549ff8cc78fe440277b7,False
DEL,BOM,2026-09-10,2026-09-11,1,IndiGo,6E 327,2026-09-11 16:15,2026-09-11 18:35,140,0,7055.0,INR,,Economy,,Airbus A321neo,28 in,SerpApi Google Flights,2026-09-10T07:01:34.805Z,6aa2549ff8cc78fe440277b7,False
DEL,BOM,2026-09-10,2026-09-11,1,Air India,AI 2951,2026-09-11 13:30,2026-09-11 15:50,140,0,7527.0,INR,,Economy,,Airbus A320neo,28 in,SerpApi Google Flights,2026-09-10T07:01:34.805Z,6aa2549ff8cc78fe440277b7,False
DEL,BOM,2026-09-10,2026-09-11,1,Akasa Air,QP 1128,2026-09-11 16:00,2026-09-11 18:20,140,0,8419.0,INR,,Economy,,Boeing 737MAX 8 Passenger,28 in,SerpApi Google Flights,2026-09-10T07:01:34.805Z,6aa2549ff8cc78fe440277b7,False
DEL,BOM,2026-09-10,2026-09-11,1,Air India,AI 2941,2026-09-11 16:30,2026-09-11 18:50,140,0,9569.0,INR,,Economy,,Airbus A320neo,28 in,SerpApi Google Flights,2026-09-10T07:01:34.805Z,6aa2549ff8cc78fe440277b7,False
DEL,BOM,2026-09-10,2026-09-11,1,IndiGo,6E 6706,2026-09-11 17:00,2026-09-11 19:15,135,0,9628.0,INR,,Economy,,Airbus A321neo,28 in,SerpApi Google Flights,2026-09-10T07:01:34.805Z,6aa2549ff8cc78fe440277b7,False
DEL,BOM,2026-09-10,2026-09-11,1,Air India,AI 441,2026-09-11 17:00,2026-09-11 19:25,145,0,9968.0,INR,,Economy,,Boeing 777,31 in,SerpApi Google Flights,2026-09-10T07:01:34.805Z,6aa2549ff8cc78fe440277b7,False
DEL,BOM,2026-09-10,2026-09-11,1,IndiGo,6E 329,2026-09-11 18:00,2026-09-11 20:15,135,0,13513.0,INR,,Economy,,Airbus A321neo,28 in,SerpApi Google Flights,2026-09-10T07:01:34.805Z,6aa2549ff8cc78fe440277b7,False
DEL,BOM,2026-09-10,2026-09-11,1,IndiGo,6E 303,2026-09-11 20:00,2026-09-11 22:10,130,0,13513.0,INR,,Economy,,Airbus A321neo,28 in,SerpApi Google Flights,2026-09-10T07:01:34.805Z,6aa2549ff8cc78fe440277b7,False
DEL,BOM,2026-09-10,2026-09-11,1,IndiGo,6E 853,2026-09-11 20:45,2026-09-11 23:00,135,0,13513.0,INR,,Economy,,Airbus A321neo,28 in,SerpApi Google Flights,2026-09-10T07:01:34.805Z,6aa2549ff8cc78fe440277b7,False
DEL,BOM,2026-09-10,2026-09-11,1,IndiGo,6E 395,2026-09-11 21:45,2026-09-12 00:05,140,0,13513.0,INR,,Economy,,Airbus A321neo,28 in,SerpApi Google Flights,2026-09-10T07:01:34.805Z,6aa2549ff8cc78fe440277b7,False
DEL,BOM,2026-09-10,2026-09-11,1,IndiGo,6E 6114,2026-09-11 22:45,2026-09-12 01:05,140,0,13513.0,INR,,Economy,,Airbus A321neo,28 in,SerpApi Google Flights,2026-09-10T07:01:34.805Z,6aa2549ff8cc78fe440277b7,False
DEL,BOM,2026-09-10,2026-09-11,1,IndiGo,6E 322,2026-09-11 23:30,2026-09-12 01:45,135,0,13513.0,INR,,Economy,,Airbus A321neo,28 in,SerpApi Google Flights,2026-09-10T07:01:34.805Z,6aa2549ff8cc78fe440277b7,False
DEL,BOM,2026-09-10,2026-09-11,1,Akasa Air,QP 1826,2026-09-11 19:55,2026-09-11 22:20,145,0,13544.0,INR,,Economy,,Boeing 737MAX 8 Passenger,28 in,SerpApi Google Flights,2026-09-10T07:01:34.805Z,6aa2549ff8cc78fe440277b7,False
DEL,BOM,2026-09-10,2026-09-11,1,Akasa Air,QP 1820,2026-09-11 17:30,2026-09-11 19:45,135,0,14787.0,INR,,Economy,,Boeing 737MAX 8 Passenger,28 in,SerpApi Google Flights,2026-09-10T07:01:34.805Z,6aa2549ff8cc78fe440277b7,False
DEL,BOM,2026-09-10,2026-09-11,1,IndiGo,6E 354,2026-09-11 19:00,2026-09-11 21:25,145,0,15088.0,INR,,Economy,,Airbus A321neo,28 in,SerpApi Google Flights,2026-09-10T07:01:34.805Z,6aa2549ff8cc78fe440277b7,False
DEL,BOM,2026-09-10,2026-09-11,1,Air India,AI 2981,2026-09-11 21:00,2026-09-11 23:20,140,0,16583.0,INR,,Economy,,Airbus A320neo,28 in,SerpApi Google Flights,2026-09-10T07:01:34.805Z,6aa2549ff8cc78fe440277b7,False
DEL,BOM,2026-09-10,2026-09-11,1,Air India,AI 2433,2026-09-11 21:30,2026-09-11 23:55,145,0,16583.0,INR,,Economy,,Airbus A320neo,28 in,SerpApi Google Flights,2026-09-10T07:01:34.805Z,6aa2549ff8cc78fe440277b7,False
DEL,BOM,2026-09-10,2026-09-11,1,Air India,AI 2439,2026-09-11 23:00,2026-09-12 01:25,145,0,16583.0,INR,,Economy,,Airbus A320neo,28 in,SerpApi Google Flights,2026-09-10T07:01:34.805Z,6aa2549ff8cc78fe440277b7,False
DEL,BOM,2026-09-10,2026-09-11,1,Air India Express,IX 1235,2026-09-11 23:25,2026-09-12 01:50,145,0,16844.0,INR,,Economy,,Boeing 737MAX 8 Passenger,29 in,SerpApi Google Flights,2026-09-10T07:01:34.805Z,6aa2549ff8cc78fe440277b7,False
DEL,BOM,2026-09-10,2026-09-11,1,Air India,AI 2955,2026-09-11 18:00,2026-09-11 20:25,145,0,17350.0,INR,,Economy,,Airbus A320neo,28 in,SerpApi Google Flights,2026-09-10T07:01:34.805Z,6aa2549ff8cc78fe440277b7,False
DEL,BOM,2026-09-10,2026-09-11,1,Air India,AI 2957,2026-09-11 20:30,2026-09-11 23:05,155,0,23844.0,INR,,Economy,,Airbus A320neo,28 in,SerpApi Google Flights,2026-09-10T07:01:34.805Z,6aa2549ff8cc78fe440277b7,False
DEL,BOM,2026-09-10,2026-09-11,1,Air India,AI 2985,2026-09-11 19:30,2026-09-11 21:55,145,0,24747.0,INR,,Economy,,Airbus A320neo,28 in,SerpApi Google Flights,2026-09-10T07:01:34.805Z,6aa2549ff8cc78fe440277b7,True
DEL,BOM,2026-09-10,2026-09-11,1,Air India,AI 2977,2026-09-11 19:00,2026-09-11 21:25,145,0,24973.0,INR,,Economy,,Airbus A320neo,28 in,SerpApi Google Flights,2026-09-10T07:01:34.805Z,6aa2549ff8cc78fe440277b7,True
DEL,BOM,2026-09-10,2026-09-17,7,Air India,AI 2439,2026-09-17 23:00,2026-09-18 01:25,145,0,6314.0,INR,,Economy,,Airbus A320neo,28 in,SerpApi Google Flights,2026-09-10T07:01:38.248Z,6aa255d0cc56d3601bb4e96c,False
DEL,BOM,2026-09-10,2026-09-17,7,Air India,AI 1745,2026-09-17 05:00,2026-09-17 07:20,140,0,6314.0,INR,,Economy,,Airbus A320neo,28 in,SerpApi Google Flights,2026-09-10T07:01:38.248Z,6aa255d0cc56d3601bb4e96c,False
DEL,BOM,2026-09-10,2026-09-17,7,IndiGo,6E 303,2026-09-17 20:00,2026-09-17 22:10,130,0,6425.0,INR,,Economy,,Airbus A321neo,28 in,SerpApi Google Flights,2026-09-10T07:01:38.248Z,6aa255d0cc56d3601bb4e96c,False
DEL,BOM,2026-09-10,2026-09-17,7,IndiGo,6E 449,2026-09-17 05:00,2026-09-17 07:15,135,0,6425.0,INR,,Economy,,Airbus A321neo,28 in,SerpApi Google Flights,2026-09-10T07:01:38.248Z,6aa255d0cc56d3601bb4e96c,False
DEL,BOM,2026-09-10,2026-09-17,7,IndiGo,6E 6218,2026-09-17 06:05,2026-09-17 08:20,135,0,6425.0,INR,,Economy,,Airbus A321neo,28 in,SerpApi Google Flights,2026-09-10T07:01:38.248Z,6aa255d0cc56d3601bb4e96c,False
DEL,BOM,2026-09-10,2026-09-17,7,IndiGo,6E 6814,2026-09-17 07:15,2026-09-17 09:30,135,0,6425.0,INR,,Economy,,Airbus A321neo,28 in,SerpApi Google Flights,2026-09-10T07:01:38.248Z,6aa255d0cc56d3601bb4e96c,False
DEL,BOM,2026-09-10,2026-09-17,7,IndiGo,6E 320,2026-09-17 08:00,2026-09-17 10:20,140,0,6425.0,INR,,Economy,,Airbus A321neo,28 in,SerpApi Google Flights,2026-09-10T07:01:38.248Z,6aa255d0cc56d3601bb4e96c,False
DEL,BOM,2026-09-10,2026-09-17,7,IndiGo,6E 675,2026-09-17 08:45,2026-09-17 11:00,135,0,6425.0,INR,,Economy,,Airbus A321neo,28 in,SerpApi Google Flights,2026-09-10T07:01:38.248Z,6aa255d0cc56d3601bb4e96c,False
DEL,BOM,2026-09-10,2026-09-17,7,IndiGo,6E 6107,2026-09-17 09:30,2026-09-17 11:55,145,0,6425.0,INR,,Economy,,Airbus A321neo,28 in,SerpApi Google Flights,2026-09-10T07:01:38.248Z,6aa255d0cc56d3601bb4e96c,False
DEL,BOM,2026-09-10,2026-09-17,7,IndiGo,6E 6328,2026-09-17 10:15,2026-09-17 12:35,140,0,6425.0,INR,,Economy,,Airbus A321neo,28 in,SerpApi Google Flights,2026-09-10T07:01:38.248Z,6aa255d0cc56d3601bb4e96c,False
DEL,BOM,2026-09-10,2026-09-17,7,IndiGo,6E 6047,2026-09-17 11:00,2026-09-17 13:15,135,0,6425.0,INR,,Economy,,Airbus A321neo,28 in,SerpApi Google Flights,2026-09-10T07:01:38.248Z,6aa255d0cc56d3601bb4e96c,False
DEL,BOM,2026-09-10,2026-09-17,7,IndiGo,6E 6676,2026-09-17 12:00,2026-09-17 14:15,135,0,6425.0,INR,,Economy,,Airbus A321neo,28 in,SerpApi Google Flights,2026-09-10T07:01:38.248Z,6aa255d0cc56d3601bb4e96c,False
DEL,BOM,2026-09-10,2026-09-17,7,IndiGo,6E 324,2026-09-17 13:00,2026-09-17 15:10,130,0,6425.0,INR,,Economy,,Airbus A321neo,28 in,SerpApi Google Flights,2026-09-10T07:01:38.248Z,6aa255d0cc56d3601bb4e96c,False
DEL,BOM,2026-09-10,2026-09-17,7,IndiGo,6E 6022,2026-09-17 14:00,2026-09-17 16:25,145,0,6425.0,INR,,Economy,,Airbus A321neo,28 in,SerpApi Google Flights,2026-09-10T07:01:38.248Z,6aa255d0cc56d3601bb4e96c,False
DEL,BOM,2026-09-10,2026-09-17,7,IndiGo,6E 6318,2026-09-17 14:45,2026-09-17 17:00,135,0,6425.0,INR,,Economy,,Airbus A321neo,28 in,SerpApi Google Flights,2026-09-10T07:01:38.248Z,6aa255d0cc56d3601bb4e96c,False
DEL,BOM,2026-09-10,2026-09-17,7,IndiGo,6E 864,2026-09-17 15:30,2026-09-17 17:45,135,0,6425.0,INR,,Economy,,Airbus A321neo,28 in,SerpApi Google Flights,2026-09-10T07:01:38.248Z,6aa255d0cc56d3601bb4e96c,False
DEL,BOM,2026-09-10,2026-09-17,7,IndiGo,6E 327,2026-09-17 16:15,2026-09-17 18:35,140,0,6425.0,INR,,Economy,,Airbus A321neo,28 in,SerpApi Google Flights,2026-09-10T07:01:38.248Z,6aa255d0cc56d3601bb4e96c,False
DEL,BOM,2026-09-10,2026-09-17,7,IndiGo,6E 6114,2026-09-17 22:45,2026-09-18 01:05,140,0,6425.0,INR,,Economy,,Airbus A321neo,28 in,SerpApi Google Flights,2026-09-10T07:01:38.248Z,6aa255d0cc56d3601bb4e96c,False
DEL,BOM,2026-09-10,2026-09-17,7,IndiGo,6E 322,2026-09-17 23:30,2026-09-18 01:45,135,0,6425.0,INR,,Economy,,Airbus A321neo,28 in,SerpApi Google Flights,2026-09-10T07:01:38.248Z,6aa255d0cc56d3601bb4e96c,False
DEL,BOM,2026-09-10,2026-09-17,7,Air India,AI 2678,2026-09-17 08:30,2026-09-17 10:45,135,0,6582.0,INR,,Economy,,Airbus A320neo,28 in,SerpApi Google Flights,2026-09-10T07:01:38.248Z,6aa255d0cc56d3601bb4e96c,False
DEL,BOM,2026-09-10,2026-09-17,7,Air India,AI 2963,2026-09-17 09:00,2026-09-17 11:15,135,0,6582.0,INR,,Economy,,Airbus A320neo,28 in,SerpApi Google Flights,2026-09-10T07:01:38.248Z,6aa255d0cc56d3601bb4e96c,False
DEL,BOM,2026-09-10,2026-09-17,7,Air India,AI 2927,2026-09-17 09:30,2026-09-17 12:00,150,0,6582.0,INR,,Economy,,Airbus A320neo,28 in,SerpApi Google Flights,2026-09-10T07:01:38.248Z,6aa255d0cc56d3601bb4e96c,False
DEL,BOM,2026-09-10,2026-09-17,7,Air India,AI 2995,2026-09-17 10:00,2026-09-17 12:25,145,0,6582.0,INR,,Economy,,Airbus A320neo,28 in,SerpApi Google Flights,2026-09-10T07:01:38.248Z,6aa255d0cc56d3601bb4e96c,False
DEL,BOM,2026-09-10,2026-09-17,7,Air India,AI 2945,2026-09-17 11:00,2026-09-17 13:25,145,0,6582.0,INR,,Economy,,Airbus A320neo,28 in,SerpApi Google Flights,2026-09-10T07:01:38.248Z,6aa255d0cc56d3601bb4e96c,False
DEL,BOM,2026-09-10,2026-09-17,7,Air India,AI 1785,2026-09-17 12:00,2026-09-17 14:25,145,0,6582.0,INR,,Economy,,Airbus A320neo,28 in,SerpApi Google Flights,2026-09-10T07:01:38.248Z,6aa255d0cc56d3601bb4e96c,False
DEL,BOM,2026-09-10,2026-09-17,7,Air India,AI 2933,2026-09-17 15:30,2026-09-17 17:55,145,0,6582.0,INR,,Economy,,Airbus A320neo,28 in,SerpApi Google Flights,2026-09-10T07:01:38.248Z,6aa255d0cc56d3601bb4e96c,False
DEL,BOM,2026-09-10,2026-09-17,7,Air India,AI 1777,2026-09-17 16:00,2026-09-17 18:25,145,0,6582.0,INR,,Economy,,Airbus A320neo,28 in,SerpApi Google Flights,2026-09-10T07:01:38.248Z,6aa255d0cc56d3601bb4e96c,False
DEL,BOM,2026-09-10,2026-09-17,7,Air India,AI 2941,2026-09-17 16:30,2026-09-17 18:50,140,0,6582.0,INR,,Economy,,Airbus A321,29 in,SerpApi Google Flights,2026-09-10T07:01:38.248Z,6aa255d0cc56d3601bb4e96c,False
DEL,BOM,2026-09-10,2026-09-17,7,Air India,AI 441,2026-09-17 17:00,2026-09-17 19:25,145,0,6582.0,INR,,Economy,,Boeing 777,31 in,SerpApi Google Flights,2026-09-10T07:01:38.248Z,6aa255d0cc56d3601bb4e96c,False
DEL,BOM,2026-09-10,2026-09-17,7,IndiGo,6E 395,2026-09-17 21:45,2026-09-18 00:05,140,0,6583.0,INR,,Economy,,Airbus A321neo,28 in,SerpApi Google Flights,2026-09-10T07:01:38.248Z,6aa255d0cc56d3601bb4e96c,False
DEL,BOM,2026-09-10,2026-09-17,7,Air India Express,IX 1235,2026-09-17 23:25,2026-09-18 01:50,145,0,6610.0,INR,,Economy,,Boeing 737MAX 8 Passenger,29 in,SerpApi Google Flights,2026-09-10T07:01:38.248Z,6aa255d0cc56d3601bb4e96c,False
DEL,BOM,2026-09-10,2026-09-17,7,Air India Express,IX 1056,2026-09-17 05:35,2026-09-17 08:05,150,0,6610.0,INR,,Economy,,Airbus A320neo,28 in,SerpApi Google Flights,2026-09-10T07:01:38.248Z,6aa255d0cc56d3601bb4e96c,False
DEL,BOM,2026-09-10,2026-09-17,7,Air India,AI 2975,2026-09-17 06:30,2026-09-17 08:50,140,0,6740.0,INR,,Economy,,Airbus A320neo,28 in,SerpApi Google Flights,2026-09-10T07:01:38.248Z,6aa255d0cc56d3601bb4e96c,False
DEL,BOM,2026-09-10,2026-09-17,7,IndiGo,6E 6706,2026-09-17 17:00,2026-09-17 19:15,135,0,6793.0,INR,,Economy,,Airbus A321neo,28 in,SerpApi Google Flights,2026-09-10T07:01:38.248Z,6aa255d0cc56d3601bb4e96c,False
DEL,BOM,2026-09-10,2026-09-17,7,IndiGo,6E 329,2026-09-17 18:00,2026-09-17 20:15,135,0,6793.0,INR,,Economy,,Airbus A321neo,28 in,SerpApi Google Flights,2026-09-10T07:01:38.248Z,6aa255d0cc56d3601bb4e96c,False
DEL,BOM,2026-09-10,2026-09-17,7,IndiGo,6E 853,2026-09-17 20:45,2026-09-17 23:00,135,0,6793.0,INR,,Economy,,Airbus A321neo,28 in,SerpApi Google Flights,2026-09-10T07:01:38.248Z,6aa255d0cc56d3601bb4e96c,False
DEL,BOM,2026-09-10,2026-09-17,7,Akasa Air,QP 1820,2026-09-17 17:30,2026-09-17 19:45,135,0,6880.0,INR,,Economy,,Boeing 737MAX 8 Passenger,28 in,SerpApi Google Flights,2026-09-10T07:01:38.248Z,6aa255d0cc56d3601bb4e96c,False
DEL,BOM,2026-09-10,2026-09-17,7,Akasa Air,QP 1833,2026-09-17 06:50,2026-09-17 09:10,140,0,6880.0,INR,,Economy,,Boeing 737MAX 8 Passenger,28 in,SerpApi Google Flights,2026-09-10T07:01:38.248Z,6aa255d0cc56d3601bb4e96c,False
DEL,BOM,2026-09-10,2026-09-17,7,Akasa Air,QP 1119,2026-09-17 08:40,2026-09-17 10:55,135,0,6880.0,INR,,Economy,,Boeing 737MAX 8 Passenger,28 in,SerpApi Google Flights,2026-09-10T07:01:38.248Z,6aa255d0cc56d3601bb4e96c,False
DEL,BOM,2026-09-10,2026-09-17,7,Akasa Air,QP 1112,2026-09-17 09:20,2026-09-17 11:40,140,0,6880.0,INR,,Economy,,Boeing 737MAX 8 Passenger,28 in,SerpApi Google Flights,2026-09-10T07:01:38.248Z,6aa255d0cc56d3601bb4e96c,False
DEL,BOM,2026-09-10,2026-09-17,7,Akasa Air,QP 1110,2026-09-17 10:30,2026-09-17 12:45,135,0,6880.0,INR,,Economy,,Boeing 737MAX 8 Passenger,28 in,SerpApi Google Flights,2026-09-10T07:01:38.248Z,6aa255d0cc56d3601bb4e96c,False
DEL,BOM,2026-09-10,2026-09-17,7,Akasa Air,QP 1836,2026-09-17 12:30,2026-09-17 14:55,145,0,6880.0,INR,,Economy,,Boeing 737MAX 8 Passenger,28 in,SerpApi Google Flights,2026-09-10T07:01:38.248Z,6aa255d0cc56d3601bb4e96c,False
DEL,BOM,2026-09-10,2026-09-17,7,Akasa Air,QP 1128,2026-09-17 16:00,2026-09-17 18:20,140,0,6880.0,INR,,Economy,,Boeing 737MAX 8 Passenger,28 in,SerpApi Google Flights,2026-09-10T07:01:38.248Z,6aa255d0cc56d3601bb4e96c,False
DEL,BOM,2026-09-10,2026-09-17,7,Akasa Air,QP 1826,2026-09-17 19:55,2026-09-17 22:20,145,0,6880.0,INR,,Economy,,Boeing 737MAX 8 Passenger,28 in,SerpApi Google Flights,2026-09-10T07:01:38.248Z,6aa255d0cc56d3601bb4e96c,False
DEL,BOM,2026-09-10,2026-09-17,7,Air India,AI 2429,2026-09-17 07:00,2026-09-17 09:25,145,0,6950.0,INR,,Economy,,Airbus A320neo,28 in,SerpApi Google Flights,2026-09-10T07:01:38.248Z,6aa255d0cc56d3601bb4e96c,False
DEL,BOM,2026-09-10,2026-09-17,7,Air India,AI 2943,2026-09-17 07:30,2026-09-17 09:55,145,0,6950.0,INR,,Economy,,Airbus A350,31 in,SerpApi Google Flights,2026-09-10T07:01:38.248Z,6aa255d0cc56d3601bb4e96c,False
DEL,BOM,2026-09-10,2026-09-17,7,Air India,AI 2951,2026-09-17 13:30,2026-09-17 15:50,140,0,6950.0,INR,,Economy,,Airbus A320neo,28 in,SerpApi Google Flights,2026-09-10T07:01:38.248Z,6aa255d0cc56d3601bb4e96c,False
DEL,BOM,2026-09-10,2026-09-17,7,Air India,AI 2985,2026-09-17 19:30,2026-09-17 21:55,145,0,6950.0,INR,,Economy,,Airbus A320neo,28 in,SerpApi Google Flights,2026-09-10T07:01:38.248Z,6aa255d0cc56d3601bb4e96c,False
DEL,BOM,2026-09-10,2026-09-17,7,Air India,AI 2981,2026-09-17 21:00,2026-09-17 23:20,140,0,6950.0,INR,,Economy,,Airbus A320neo,28 in,SerpApi Google Flights,2026-09-10T07:01:38.248Z,6aa255d0cc56d3601bb4e96c,False
DEL,BOM,2026-09-10,2026-09-17,7,Air India,AI 887,2026-09-17 21:00,2026-09-17 23:25,145,0,6950.0,INR,,Economy,,Boeing 787,32 in,SerpApi Google Flights,2026-09-10T07:01:38.248Z,6aa255d0cc56d3601bb4e96c,False
DEL,BOM,2026-09-10,2026-09-17,7,IndiGo,6E 354,2026-09-17 19:00,2026-09-17 21:25,145,0,7055.0,INR,,Economy,,Airbus A321neo,28 in,SerpApi Google Flights,2026-09-10T07:01:38.248Z,6aa255d0cc56d3601bb4e96c,False
DEL,BOM,2026-09-10,2026-09-17,7,Air India,AI 2433,2026-09-17 21:30,2026-09-17 23:55,145,0,7123.0,INR,,Economy,,Airbus A320neo,28 in,SerpApi Google Flights,2026-09-10T07:01:38.248Z,6aa255d0cc56d3601bb4e96c,False
DEL,BOM,2026-09-10,2026-09-17,7,Air India,AI 2805,2026-09-17 20:00,2026-09-17 22:25,145,0,7181.0,INR,,Economy,,Airbus A321,29 in,SerpApi Google Flights,2026-09-10T07:01:38.248Z,6aa255d0cc56d3601bb4e96c,False
DEL,BOM,2026-09-10,2026-09-17,7,Air India,AI 2957,2026-09-17 20:30,2026-09-17 23:05,155,0,7212.0,INR,,Economy,,Airbus A320neo,28 in,SerpApi Google Flights,2026-09-10T07:01:38.248Z,6aa255d0cc56d3601bb4e96c,False
DEL,BOM,2026-09-10,2026-09-17,7,Air India,AI 2955,2026-09-17 18:00,2026-09-17 20:25,145,0,7349.0,INR,,Economy,,Airbus A320neo,28 in,SerpApi Google Flights,2026-09-10T07:01:38.248Z,6aa255d0cc56d3601bb4e96c,False
DEL,BOM,2026-09-10,2026-09-17,7,Air India,AI 2977,2026-09-17 19:00,2026-09-17 21:25,145,0,7511.0,INR,,Economy,,Airbus A320neo,28 in,SerpApi Google Flights,2026-09-10T07:01:38.248Z,6aa255d0cc56d3601bb4e96c,False
DEL,BOM,2026-09-10,2026-09-17,7,SpiceJet,SG 162,2026-09-17 19:55,2026-09-17 22:40,165,0,9642.0,INR,,Economy,,Boeing 737,29 in,SerpApi Google Flights,2026-09-10T07:01:38.248Z,6aa255d0cc56d3601bb4e96c,True
DEL,BOM,2026-09-10,2026-09-17,7,SpiceJet,SG 2802,2026-09-17 22:45,2026-09-18 01:25,160,0,19603.0,INR,,Economy,,De Havilland-Bombardier Dash-8,28 in,SerpApi Google Flights,2026-09-10T07:01:38.248Z,6aa255d0cc56d3601bb4e96c,True
DEL,BOM,2026-09-10,2026-09-25,15,Air India,AI 1745,2026-09-25 05:00,2026-09-25 07:20,140,0,6314.0,INR,,Economy,,Airbus A320neo,28 in,SerpApi Google Flights,2026-09-10T07:01:42.022Z,6aa255d47d6e703929692437,False
DEL,BOM,2026-09-10,2026-09-25,15,IndiGo,6E 6318,2026-09-25 14:45,2026-09-25 17:00,135,0,6425.0,INR,,Economy,,Airbus A321neo,28 in,SerpApi Google Flights,2026-09-10T07:01:42.022Z,6aa255d47d6e703929692437,False
DEL,BOM,2026-09-10,2026-09-25,15,IndiGo,6E 449,2026-09-25 05:00,2026-09-25 07:15,135,0,6425.0,INR,,Economy,,Airbus A321neo,28 in,SerpApi Google Flights,2026-09-10T07:01:42.022Z,6aa255d47d6e703929692437,False
DEL,BOM,2026-09-10,2026-09-25,15,IndiGo,6E 675,2026-09-25 08:45,2026-09-25 11:00,135,0,6425.0,INR,,Economy,,Airbus A321neo,28 in,SerpApi Google Flights,2026-09-10T07:01:42.022Z,6aa255d47d6e703929692437,False
DEL,BOM,2026-09-10,2026-09-25,15,IndiGo,6E 6107,2026-09-25 09:30,2026-09-25 11:55,145,0,6425.0,INR,,Economy,,Airbus A321neo,28 in,SerpApi Google Flights,2026-09-10T07:01:42.022Z,6aa255d47d6e703929692437,False
DEL,BOM,2026-09-10,2026-09-25,15,IndiGo,6E 6328,2026-09-25 10:15,2026-09-25 12:35,140,0,6425.0,INR,,Economy,,Airbus A321neo,28 in,SerpApi Google Flights,2026-09-10T07:01:42.022Z,6aa255d47d6e703929692437,False
DEL,BOM,2026-09-10,2026-09-25,15,IndiGo,6E 6047,2026-09-25 11:00,2026-09-25 13:15,135,0,6425.0,INR,,Economy,,Airbus A321neo,28 in,SerpApi Google Flights,2026-09-10T07:01:42.022Z,6aa255d47d6e703929692437,False
DEL,BOM,2026-09-10,2026-09-25,15,IndiGo,6E 6676,2026-09-25 12:00,2026-09-25 14:15,135,0,6425.0,INR,,Economy,,Airbus A321neo,28 in,SerpApi Google Flights,2026-09-10T07:01:42.022Z,6aa255d47d6e703929692437,False
DEL,BOM,2026-09-10,2026-09-25,15,IndiGo,6E 6022,2026-09-25 14:00,2026-09-25 16:25,145,0,6425.0,INR,,Economy,,Airbus A321neo,28 in,SerpApi Google Flights,2026-09-10T07:01:42.022Z,6aa255d47d6e703929692437,False
DEL,BOM,2026-09-10,2026-09-25,15,IndiGo,6E 864,2026-09-25 15:30,2026-09-25 17:45,135,0,6425.0,INR,,Economy,,Airbus A321neo,28 in,SerpApi Google Flights,2026-09-10T07:01:42.022Z,6aa255d47d6e703929692437,False
DEL,BOM,2026-09-10,2026-09-25,15,Air India,AI 1777,2026-09-25 16:00,2026-09-25 18:25,145,0,6582.0,INR,,Economy,,Airbus A320neo,28 in,SerpApi Google Flights,2026-09-10T07:01:42.022Z,6aa255d47d6e703929692437,False
DEL,BOM,2026-09-10,2026-09-25,15,Air India,AI 2678,2026-09-25 08:30,2026-09-25 10:45,135,0,6582.0,INR,,Economy,,Airbus A320neo,28 in,SerpApi Google Flights,2026-09-10T07:01:42.022Z,6aa255d47d6e703929692437,False
DEL,BOM,2026-09-10,2026-09-25,15,Air India,AI 2995,2026-09-25 10:00,2026-09-25 12:25,145,0,6582.0,INR,,Economy,,Airbus A320neo,28 in,SerpApi Google Flights,2026-09-10T07:01:42.022Z,6aa255d47d6e703929692437,False
DEL,BOM,2026-09-10,2026-09-25,15,Air India,AI 2425,2026-09-25 10:30,2026-09-25 12:50,140,0,6582.0,INR,,Economy,,Airbus A320neo,28 in,SerpApi Google Flights,2026-09-10T07:01:42.022Z,6aa255d47d6e703929692437,False
DEL,BOM,2026-09-10,2026-09-25,15,Air India,AI 2945,2026-09-25 11:00,2026-09-25 13:25,145,0,6582.0,INR,,Economy,,Airbus A320neo,28 in,SerpApi Google Flights,2026-09-10T07:01:42.022Z,6aa255d47d6e703929692437,False
DEL,BOM,2026-09-10,2026-09-25,15,Air India,AI 1785,2026-09-25 12:00,2026-09-25 14:25,145,0,6582.0,INR,,Economy,,Airbus A320neo,28 in,SerpApi Google Flights,2026-09-10T07:01:42.022Z,6aa255d47d6e703929692437,False
DEL,BOM,2026-09-10,2026-09-25,15,Air India,AI 2951,2026-09-25 13:30,2026-09-25 15:50,140,0,6582.0,INR,,Economy,,Airbus A320neo,28 in,SerpApi Google Flights,2026-09-10T07:01:42.022Z,6aa255d47d6e703929692437,False
DEL,BOM,2026-09-10,2026-09-25,15,Air India,AI 2441,2026-09-25 14:10,2026-09-25 16:30,140,0,6582.0,INR,,Economy,,Airbus A321,29 in,SerpApi Google Flights,2026-09-10T07:01:42.022Z,6aa255d47d6e703929692437,False
DEL,BOM,2026-09-10,2026-09-25,15,Air India,AI 2933,2026-09-25 15:30,2026-09-25 17:55,145,0,6582.0,INR,,Economy,,Airbus A320neo,28 in,SerpApi Google Flights,2026-09-10T07:01:42.022Z,6aa255d47d6e703929692437,False
DEL,BOM,2026-09-10,2026-09-25,15,IndiGo,6E 6218,2026-09-25 06:05,2026-09-25 08:20,135,0,6583.0,INR,,Economy,,Airbus A321neo,28 in,SerpApi Google Flights,2026-09-10T07:01:42.022Z,6aa255d47d6e703929692437,False
DEL,BOM,2026-09-10,2026-09-25,15,IndiGo,6E 324,2026-09-25 13:00,2026-09-25 15:10,130,0,6583.0,INR,,Economy,,Airbus A321neo,28 in,SerpApi Google Flights,2026-09-10T07:01:42.022Z,6aa255d47d6e703929692437,False
DEL,BOM,2026-09-10,2026-09-25,15,IndiGo,6E 327,2026-09-25 16:15,2026-09-25 18:35,140,0,6583.0,INR,,Economy,,Airbus A321neo,28 in,SerpApi Google Flights,2026-09-10T07:01:42.022Z,6aa255d47d6e703929692437,False
DEL,BOM,2026-09-10,2026-09-25,15,Air India Express,IX 1235,2026-09-25 23:25,2026-09-26 01:50,145,0,6610.0,INR,,Economy,,Boeing 737MAX 8 Passenger,29 in,SerpApi Google Flights,2026-09-10T07:01:42.022Z,6aa255d47d6e703929692437,False
DEL,BOM,2026-09-10,2026-09-25,15,Air India,AI 2975,2026-09-25 06:30,2026-09-25 08:50,140,0,6740.0,INR,,Economy,,Airbus A320neo,28 in,SerpApi Google Flights,2026-09-10T07:01:42.022Z,6aa255d47d6e703929692437,False
DEL,BOM,2026-09-10,2026-09-25,15,Air India,AI 2941,2026-09-25 16:30,2026-09-25 18:50,140,0,6740.0,INR,,Economy,,Airbus A320neo,28 in,SerpApi Google Flights,2026-09-10T07:01:42.022Z,6aa255d47d6e703929692437,False
DEL,BOM,2026-09-10,2026-09-25,15,Air India Express,IX 1056,2026-09-25 05:35,2026-09-25 08:05,150,0,6779.0,INR,,Economy,,Boeing 737MAX 8 Passenger,29 in,SerpApi Google Flights,2026-09-10T07:01:42.022Z,6aa255d47d6e703929692437,False
DEL,BOM,2026-09-10,2026-09-25,15,IndiGo,6E 6814,2026-09-25 07:15,2026-09-25 09:30,135,0,6793.0,INR,,Economy,,Airbus A321neo,28 in,SerpApi Google Flights,2026-09-10T07:01:42.022Z,6aa255d47d6e703929692437,False
DEL,BOM,2026-09-10,2026-09-25,15,IndiGo,6E 6706,2026-09-25 17:00,2026-09-25 19:15,135,0,6793.0,INR,,Economy,,Airbus A321neo,28 in,SerpApi Google Flights,2026-09-10T07:01:42.022Z,6aa255d47d6e703929692437,False
DEL,BOM,2026-09-10,2026-09-25,15,IndiGo,6E 6114,2026-09-25 22:45,2026-09-26 01:05,140,0,6793.0,INR,,Economy,,Airbus A321neo,28 in,SerpApi Google Flights,2026-09-10T07:01:42.022Z,6aa255d47d6e703929692437,False
DEL,BOM,2026-09-10,2026-09-25,15,Akasa Air,QP 1820,2026-09-25 17:30,2026-09-25 19:45,135,0,6880.0,INR,,Economy,,Boeing 737MAX 8 Passenger,28 in,SerpApi Google Flights,2026-09-10T07:01:42.022Z,6aa255d47d6e703929692437,False
DEL,BOM,2026-09-10,2026-09-25,15,Akasa Air,QP 1833,2026-09-25 06:50,2026-09-25 09:10,140,0,6880.0,INR,,Economy,,Boeing 737MAX 8 Passenger,28 in,SerpApi Google Flights,2026-09-10T07:01:42.022Z,6aa255d47d6e703929692437,False
DEL,BOM,2026-09-10,2026-09-25,15,Akasa Air,QP 1119,2026-09-25 08:40,2026-09-25 11:05,145,0,6880.0,INR,,Economy,,Boeing 737MAX 8 Passenger,28 in,SerpApi Google Flights,2026-09-10T07:01:42.023Z,6aa255d47d6e703929692437,False
DEL,BOM,2026-09-10,2026-09-25,15,Akasa Air,QP 1112,2026-09-25 09:20,2026-09-25 11:40,140,0,6880.0,INR,,Economy,,Boeing 737MAX 8 Passenger,28 in,SerpApi Google Flights,2026-09-10T07:01:42.023Z,6aa255d47d6e703929692437,False
DEL,BOM,2026-09-10,2026-09-25,15,Akasa Air,QP 1110,2026-09-25 10:30,2026-09-25 12:45,135,0,6880.0,INR,,Economy,,Boeing 737MAX 8 Passenger,28 in,SerpApi Google Flights,2026-09-10T07:01:42.023Z,6aa255d47d6e703929692437,False
DEL,BOM,2026-09-10,2026-09-25,15,Akasa Air,QP 1836,2026-09-25 12:30,2026-09-25 14:55,145,0,6880.0,INR,,Economy,,Boeing 737MAX 8 Passenger,28 in,SerpApi Google Flights,2026-09-10T07:01:42.023Z,6aa255d47d6e703929692437,False
DEL,BOM,2026-09-10,2026-09-25,15,Akasa Air,QP 1128,2026-09-25 16:00,2026-09-25 18:20,140,0,6880.0,INR,,Economy,,Boeing 737MAX 8 Passenger,28 in,SerpApi Google Flights,2026-09-10T07:01:42.023Z,6aa255d47d6e703929692437,False
DEL,BOM,2026-09-10,2026-09-25,15,Akasa Air,QP 1826,2026-09-25 19:55,2026-09-25 22:20,145,0,6880.0,INR,,Economy,,Boeing 737MAX 8 Passenger,28 in,SerpApi Google Flights,2026-09-10T07:01:42.023Z,6aa255d47d6e703929692437,False
DEL,BOM,2026-09-10,2026-09-25,15,Air India,AI 2429,2026-09-25 07:00,2026-09-25 09:25,145,0,6950.0,INR,,Economy,,Airbus A320neo,28 in,SerpApi Google Flights,2026-09-10T07:01:42.023Z,6aa255d47d6e703929692437,False
DEL,BOM,2026-09-10,2026-09-25,15,Air India,AI 2943,2026-09-25 07:30,2026-09-25 09:55,145,0,6950.0,INR,,Economy,,Airbus A350,31 in,SerpApi Google Flights,2026-09-10T07:01:42.023Z,6aa255d47d6e703929692437,False
DEL,BOM,2026-09-10,2026-09-25,15,Air India,AI 441,2026-09-25 17:00,2026-09-25 19:25,145,0,6950.0,INR,,Economy,,Boeing 777,31 in,SerpApi Google Flights,2026-09-10T07:01:42.023Z,6aa255d47d6e703929692437,False
DEL,BOM,2026-09-10,2026-09-25,15,IndiGo,6E 320,2026-09-25 08:00,2026-09-25 10:20,140,0,7055.0,INR,,Economy,,Airbus A321neo,28 in,SerpApi Google Flights,2026-09-10T07:01:42.023Z,6aa255d47d6e703929692437,False
DEL,BOM,2026-09-10,2026-09-25,15,IndiGo,6E 329,2026-09-25 18:00,2026-09-25 20:15,135,0,7055.0,INR,,Economy,,Airbus A321neo,28 in,SerpApi Google Flights,2026-09-10T07:01:42.023Z,6aa255d47d6e703929692437,False
DEL,BOM,2026-09-10,2026-09-25,15,IndiGo,6E 853,2026-09-25 20:45,2026-09-25 23:00,135,0,7055.0,INR,,Economy,,Airbus A321neo,28 in,SerpApi Google Flights,2026-09-10T07:01:42.023Z,6aa255d47d6e703929692437,False
DEL,BOM,2026-09-10,2026-09-25,15,IndiGo,6E 395,2026-09-25 21:45,2026-09-26 00:05,140,0,7055.0,INR,,Economy,,Airbus A321neo,28 in,SerpApi Google Flights,2026-09-10T07:01:42.023Z,6aa255d47d6e703929692437,False
DEL,BOM,2026-09-10,2026-09-25,15,IndiGo,6E 322,2026-09-25 23:30,2026-09-26 01:45,135,0,7055.0,INR,,Economy,,Airbus A321neo,28 in,SerpApi Google Flights,2026-09-10T07:01:42.023Z,6aa255d47d6e703929692437,False
DEL,BOM,2026-09-10,2026-09-25,15,Air India,AI 2985,2026-09-25 19:30,2026-09-25 21:55,145,0,7181.0,INR,,Economy,,Airbus A320neo,28 in,SerpApi Google Flights,2026-09-10T07:01:42.023Z,6aa255d47d6e703929692437,False
DEL,BOM,2026-09-10,2026-09-25,15,Air India,AI 2957,2026-09-25 20:30,2026-09-25 23:05,155,0,7212.0,INR,,Economy,,Airbus A320neo,28 in,SerpApi Google Flights,2026-09-10T07:01:42.023Z,6aa255d47d6e703929692437,False
DEL,BOM,2026-09-10,2026-09-25,15,Air India,AI 2433,2026-09-25 21:30,2026-09-25 23:55,145,0,7212.0,INR,,Economy,,Airbus A320neo,28 in,SerpApi Google Flights,2026-09-10T07:01:42.023Z,6aa255d47d6e703929692437,False
DEL,BOM,2026-09-10,2026-09-25,15,IndiGo,6E 303,2026-09-25 20:00,2026-09-25 22:10,130,0,7370.0,INR,,Economy,,Airbus A321neo,28 in,SerpApi Google Flights,2026-09-10T07:01:42.023Z,6aa255d47d6e703929692437,False
DEL,BOM,2026-09-10,2026-09-25,15,Air India,AI 2955,2026-09-25 18:00,2026-09-25 20:25,145,0,7406.0,INR,,Economy,,Airbus A320neo,28 in,SerpApi Google Flights,2026-09-10T07:01:42.023Z,6aa255d47d6e703929692437,False
DEL,BOM,2026-09-10,2026-09-25,15,Air India,AI 2977,2026-09-25 19:00,2026-09-25 21:25,145,0,7406.0,INR,,Economy,,Airbus A320neo,28 in,SerpApi Google Flights,2026-09-10T07:01:42.023Z,6aa255d47d6e703929692437,False
DEL,BOM,2026-09-10,2026-09-25,15,Air India,AI 2439,2026-09-25 23:00,2026-09-26 01:25,145,0,7527.0,INR,,Economy,,Airbus A320neo,28 in,SerpApi Google Flights,2026-09-10T07:01:42.023Z,6aa255d47d6e703929692437,False
DEL,BOM,2026-09-10,2026-09-25,15,IndiGo,6E 354,2026-09-25 19:00,2026-09-25 21:25,145,0,7685.0,INR,,Economy,,Airbus A321neo,28 in,SerpApi Google Flights,2026-09-10T07:01:42.023Z,6aa255d47d6e703929692437,False
DEL,BOM,2026-09-10,2026-09-25,15,Air India,AI 2981,2026-09-25 21:00,2026-09-25 23:20,140,0,8210.0,INR,,Economy,,Airbus A320neo,28 in,SerpApi Google Flights,2026-09-10T07:01:42.023Z,6aa255d47d6e703929692437,True
DEL,BOM,2026-09-10,2026-09-25,15,Air India,AI 2927,2026-09-25 09:30,2026-09-25 12:00,150,0,9968.0,INR,,Economy,,Airbus A320neo,28 in,SerpApi Google Flights,2026-09-10T07:01:42.023Z,6aa255d47d6e703929692437,True
DEL,BOM,2026-09-10,2026-09-25,15,SpiceJet,SG 2802,2026-09-25 22:45,2026-09-26 01:25,160,0,19603.0,INR,,Economy,,De Havilland-Bombardier Dash-8,28 in,SerpApi Google Flights,2026-09-10T07:01:42.023Z,6aa255d47d6e703929692437,True
DEL,BOM,2026-09-10,2026-09-25,15,SpiceJet,SG 162,2026-09-25 19:55,2026-09-25 22:40,165,0,22551.0,INR,,Economy,,Boeing 737,29 in,SerpApi Google Flights,2026-09-10T07:01:42.023Z,6aa255d47d6e703929692437,True
DEL,BOM,2026-09-10,2026-10-10,30,IndiGo,6E 329,2026-10-10 18:00,2026-10-10 20:15,135,0,6425.0,INR,,Economy,,Airbus A321neo,28 in,SerpApi Google Flights,2026-09-10T07:01:45.391Z,6aa255d765f7014aec1a4104,False
DEL,BOM,2026-09-10,2026-10-10,30,IndiGo,6E 303,2026-10-10 20:00,2026-10-10 22:10,130,0,6425.0,INR,,Economy,,Airbus A321neo,28 in,SerpApi Google Flights,2026-09-10T07:01:45.391Z,6aa255d765f7014aec1a4104,False
DEL,BOM,2026-09-10,2026-10-10,30,IndiGo,6E 353,2026-10-10 03:00,2026-10-10 05:20,140,0,6425.0,INR,,Economy,,Airbus A321neo,28 in,SerpApi Google Flights,2026-09-10T07:01:45.391Z,6aa255d765f7014aec1a4104,False
DEL,BOM,2026-09-10,2026-10-10,30,IndiGo,6E 6814,2026-10-10 07:15,2026-10-10 09:30,135,0,6425.0,INR,,Economy,,Airbus A321neo,28 in,SerpApi Google Flights,2026-09-10T07:01:45.391Z,6aa255d765f7014aec1a4104,False
DEL,BOM,2026-09-10,2026-10-10,30,IndiGo,6E 320,2026-10-10 08:00,2026-10-10 10:20,140,0,6425.0,INR,,Economy,,Airbus A321neo,28 in,SerpApi Google Flights,2026-09-10T07:01:45.391Z,6aa255d765f7014aec1a4104,False
DEL,BOM,2026-09-10,2026-10-10,30,IndiGo,6E 675,2026-10-10 08:45,2026-10-10 11:00,135,0,6425.0,INR,,Economy,,Airbus A321neo,28 in,SerpApi Google Flights,2026-09-10T07:01:45.391Z,6aa255d765f7014aec1a4104,False
DEL,BOM,2026-09-10,2026-10-10,30,IndiGo,6E 6107,2026-10-10 09:30,2026-10-10 11:55,145,0,6425.0,INR,,Economy,,Airbus A321neo,28 in,SerpApi Google Flights,2026-09-10T07:01:45.391Z,6aa255d765f7014aec1a4104,False
DEL,BOM,2026-09-10,2026-10-10,30,IndiGo,6E 6328,2026-10-10 10:15,2026-10-10 12:35,140,0,6425.0,INR,,Economy,,Airbus A321neo,28 in,SerpApi Google Flights,2026-09-10T07:01:45.391Z,6aa255d765f7014aec1a4104,False
DEL,BOM,2026-09-10,2026-10-10,30,IndiGo,6E 6047,2026-10-10 11:00,2026-10-10 13:15,135,0,6425.0,INR,,Economy,,Airbus A321neo,28 in,SerpApi Google Flights,2026-09-10T07:01:45.391Z,6aa255d765f7014aec1a4104,False
DEL,BOM,2026-09-10,2026-10-10,30,IndiGo,6E 6676,2026-10-10 12:00,2026-10-10 14:15,135,0,6425.0,INR,,Economy,,Airbus A321neo,28 in,SerpApi Google Flights,2026-09-10T07:01:45.391Z,6aa255d765f7014aec1a4104,False
DEL,BOM,2026-09-10,2026-10-10,30,IndiGo,6E 324,2026-10-10 13:00,2026-10-10 15:10,130,0,6425.0,INR,,Economy,,Airbus A321neo,28 in,SerpApi Google Flights,2026-09-10T07:01:45.391Z,6aa255d765f7014aec1a4104,False
DEL,BOM,2026-09-10,2026-10-10,30,IndiGo,6E 6022,2026-10-10 14:00,2026-10-10 16:25,145,0,6425.0,INR,,Economy,,Airbus A321neo,28 in,SerpApi Google Flights,2026-09-10T07:01:45.391Z,6aa255d765f7014aec1a4104,False
DEL,BOM,2026-09-10,2026-10-10,30,IndiGo,6E 6318,2026-10-10 14:45,2026-10-10 17:00,135,0,6425.0,INR,,Economy,,Airbus A321neo,28 in,SerpApi Google Flights,2026-09-10T07:01:45.391Z,6aa255d765f7014aec1a4104,False
DEL,BOM,2026-09-10,2026-10-10,30,IndiGo,6E 864,2026-10-10 15:30,2026-10-10 17:45,135,0,6425.0,INR,,Economy,,Airbus A321neo,28 in,SerpApi Google Flights,2026-09-10T07:01:45.391Z,6aa255d765f7014aec1a4104,False
DEL,BOM,2026-09-10,2026-10-10,30,IndiGo,6E 327,2026-10-10 16:15,2026-10-10 18:35,140,0,6425.0,INR,,Economy,,Airbus A321neo,28 in,SerpApi Google Flights,2026-09-10T07:01:45.391Z,6aa255d765f7014aec1a4104,False
DEL,BOM,2026-09-10,2026-10-10,30,IndiGo,6E 6706,2026-10-10 17:00,2026-10-10 19:15,135,0,6425.0,INR,,Economy,,Airbus A321neo,28 in,SerpApi Google Flights,2026-09-10T07:01:45.391Z,6aa255d765f7014aec1a4104,False
DEL,BOM,2026-09-10,2026-10-10,30,IndiGo,6E 354,2026-10-10 19:00,2026-10-10 21:25,145,0,6425.0,INR,,Economy,,Airbus A321neo,28 in,SerpApi Google Flights,2026-09-10T07:01:45.391Z,6aa255d765f7014aec1a4104,False
DEL,BOM,2026-09-10,2026-10-10,30,IndiGo,6E 6114,2026-10-10 22:45,2026-10-11 01:05,140,0,6425.0,INR,,Economy,,Airbus A321neo,28 in,SerpApi Google Flights,2026-09-10T07:01:45.391Z,6aa255d765f7014aec1a4104,False
DEL,BOM,2026-09-10,2026-10-10,30,IndiGo,6E 322,2026-10-10 23:30,2026-10-11 01:45,135,0,6425.0,INR,,Economy,,Airbus A321neo,28 in,SerpApi Google Flights,2026-09-10T07:01:45.391Z,6aa255d765f7014aec1a4104,False
DEL,BOM,2026-09-10,2026-10-10,30,Air India,AI 2439,2026-10-10 23:00,2026-10-11 01:25,145,0,6566.0,INR,,Economy,,Airbus A320neo,28 in,SerpApi Google Flights,2026-09-10T07:01:45.391Z,6aa255d765f7014aec1a4104,False
DEL,BOM,2026-09-10,2026-10-10,30,Air India,AI 2933,2026-10-10 15:30,2026-10-10 17:55,145,0,6582.0,INR,,Economy,,Airbus A320neo,28 in,SerpApi Google Flights,2026-09-10T07:01:45.391Z,6aa255d765f7014aec1a4104,False
DEL,BOM,2026-09-10,2026-10-10,30,Air India,AI 1745,2026-10-10 05:00,2026-10-10 07:25,145,0,6582.0,INR,,Economy,,Airbus A320neo,28 in,SerpApi Google Flights,2026-09-10T07:01:45.391Z,6aa255d765f7014aec1a4104,False
DEL,BOM,2026-09-10,2026-10-10,30,Air India,AI 2429,2026-10-10 07:00,2026-10-10 09:25,145,0,6582.0,INR,,Economy,,Airbus A320neo,28 in,SerpApi Google Flights,2026-09-10T07:01:45.391Z,6aa255d765f7014aec1a4104,False
DEL,BOM,2026-09-10,2026-10-10,30,Air India,AI 2678,2026-10-10 08:30,2026-10-10 10:45,135,0,6582.0,INR,,Economy,,Airbus A320neo,28 in,SerpApi Google Flights,2026-09-10T07:01:45.391Z,6aa255d765f7014aec1a4104,False
DEL,BOM,2026-09-10,2026-10-10,30,Air India,AI 2963,2026-10-10 09:00,2026-10-10 11:15,135,0,6582.0,INR,,Economy,,Airbus A320neo,28 in,SerpApi Google Flights,2026-09-10T07:01:45.391Z,6aa255d765f7014aec1a4104,False
DEL,BOM,2026-09-10,2026-10-10,30,Air India,AI 2927,2026-10-10 09:30,2026-10-10 12:00,150,0,6582.0,INR,,Economy,,Airbus A320neo,28 in,SerpApi Google Flights,2026-09-10T07:01:45.391Z,6aa255d765f7014aec1a4104,False
DEL,BOM,2026-09-10,2026-10-10,30,Air India,AI 2995,2026-10-10 10:00,2026-10-10 12:25,145,0,6582.0,INR,,Economy,,Airbus A320neo,28 in,SerpApi Google Flights,2026-09-10T07:01:45.391Z,6aa255d765f7014aec1a4104,False
DEL,BOM,2026-09-10,2026-10-10,30,Air India,AI 2425,2026-10-10 10:30,2026-10-10 12:50,140,0,6582.0,INR,,Economy,,Airbus A320neo,28 in,SerpApi Google Flights,2026-09-10T07:01:45.391Z,6aa255d765f7014aec1a4104,False
DEL,BOM,2026-09-10,2026-10-10,30,Air India,AI 2945,2026-10-10 11:00,2026-10-10 13:25,145,0,6582.0,INR,,Economy,,Airbus A320neo,28 in,SerpApi Google Flights,2026-09-10T07:01:45.391Z,6aa255d765f7014aec1a4104,False
DEL,BOM,2026-09-10,2026-10-10,30,Air India,AI 2441,2026-10-10 14:10,2026-10-10 16:35,145,0,6582.0,INR,,Economy,,Airbus A320neo,28 in,SerpApi Google Flights,2026-09-10T07:01:45.391Z,6aa255d765f7014aec1a4104,False
DEL,BOM,2026-09-10,2026-10-10,30,Air India,AI 441,2026-10-10 17:00,2026-10-10 19:25,145,0,6582.0,INR,,Economy,,Boeing 777,31 in,SerpApi Google Flights,2026-09-10T07:01:45.391Z,6aa255d765f7014aec1a4104,False
DEL,BOM,2026-09-10,2026-10-10,30,Air India,AI 2957,2026-10-10 20:30,2026-10-10 23:00,150,0,6582.0,INR,,Economy,,Airbus A320neo,28 in,SerpApi Google Flights,2026-09-10T07:01:45.391Z,6aa255d765f7014aec1a4104,False
DEL,BOM,2026-09-10,2026-10-10,30,IndiGo,6E 449,2026-10-10 05:00,2026-10-10 07:15,135,0,6583.0,INR,,Economy,,Airbus A321neo,28 in,SerpApi Google Flights,2026-09-10T07:01:45.391Z,6aa255d765f7014aec1a4104,False
DEL,BOM,2026-09-10,2026-10-10,30,IndiGo,6E 6218,2026-10-10 06:05,2026-10-10 08:20,135,0,6583.0,INR,,Economy,,Airbus A321neo,28 in,SerpApi Google Flights,2026-09-10T07:01:45.391Z,6aa255d765f7014aec1a4104,False
DEL,BOM,2026-09-10,2026-10-10,30,IndiGo,6E 853,2026-10-10 20:45,2026-10-10 23:00,135,0,6583.0,INR,,Economy,,Airbus A321neo,28 in,SerpApi Google Flights,2026-09-10T07:01:45.391Z,6aa255d765f7014aec1a4104,False
DEL,BOM,2026-09-10,2026-10-10,30,IndiGo,6E 395,2026-10-10 21:45,2026-10-11 00:05,140,0,6583.0,INR,,Economy,,Airbus A321neo,28 in,SerpApi Google Flights,2026-09-10T07:01:45.391Z,6aa255d765f7014aec1a4104,False
DEL,BOM,2026-09-10,2026-10-10,30,Air India Express,IX 1235,2026-10-10 23:25,2026-10-11 01:50,145,0,6610.0,INR,,Economy,,Boeing 737MAX 8 Passenger,30 in,SerpApi Google Flights,2026-09-10T07:01:45.391Z,6aa255d765f7014aec1a4104,False
DEL,BOM,2026-09-10,2026-10-10,30,Air India,AI 2975,2026-10-10 06:30,2026-10-10 08:50,140,0,6740.0,INR,,Economy,,Airbus A320neo,28 in,SerpApi Google Flights,2026-09-10T07:01:45.391Z,6aa255d765f7014aec1a4104,False
DEL,BOM,2026-09-10,2026-10-10,30,Air India,AI 2981,2026-10-10 21:00,2026-10-10 23:20,140,0,6740.0,INR,,Economy,,Airbus A320neo,28 in,SerpApi Google Flights,2026-09-10T07:01:45.391Z,6aa255d765f7014aec1a4104,False
DEL,BOM,2026-09-10,2026-10-10,30,Air India,AI 2943,2026-10-10 07:30,2026-10-10 09:55,145,0,6745.0,INR,,Economy,,Airbus A350,31 in,SerpApi Google Flights,2026-09-10T07:01:45.391Z,6aa255d765f7014aec1a4104,False
DEL,BOM,2026-09-10,2026-10-10,30,Air India,AI 1785,2026-10-10 12:00,2026-10-10 14:25,145,0,6745.0,INR,,Economy,,Airbus A320neo,28 in,SerpApi Google Flights,2026-09-10T07:01:45.391Z,6aa255d765f7014aec1a4104,False
DEL,BOM,2026-09-10,2026-10-10,30,Air India,AI 1777,2026-10-10 16:00,2026-10-10 18:25,145,0,6745.0,INR,,Economy,,Airbus A320neo,28 in,SerpApi Google Flights,2026-09-10T07:01:45.391Z,6aa255d765f7014aec1a4104,False
DEL,BOM,2026-09-10,2026-10-10,30,Air India,AI 2985,2026-10-10 19:30,2026-10-10 21:55,145,0,6745.0,INR,,Economy,,Airbus A320neo,28 in,SerpApi Google Flights,2026-09-10T07:01:45.391Z,6aa255d765f7014aec1a4104,False
DEL,BOM,2026-09-10,2026-10-10,30,SpiceJet,SG 815,2026-10-10 09:55,2026-10-10 12:25,150,0,6778.0,INR,,Economy,,Boeing 737,29 in,SerpApi Google Flights,2026-09-10T07:01:45.391Z,6aa255d765f7014aec1a4104,False
DEL,BOM,2026-09-10,2026-10-10,30,SpiceJet,SG 802,2026-10-10 22:30,2026-10-11 00:50,140,0,6778.0,INR,,Economy,,Boeing 737,29 in,SerpApi Google Flights,2026-09-10T07:01:45.391Z,6aa255d765f7014aec1a4104,False
DEL,BOM,2026-09-10,2026-10-10,30,Akasa Air,QP 1833,2026-10-10 06:50,2026-10-10 09:10,140,0,6880.0,INR,,Economy,,Boeing 737MAX 8 Passenger,,SerpApi Google Flights,2026-09-10T07:01:45.391Z,6aa255d765f7014aec1a4104,False
DEL,BOM,2026-09-10,2026-10-10,30,Akasa Air,QP 1119,2026-10-10 08:40,2026-10-10 11:05,145,0,6880.0,INR,,Economy,,Boeing 737MAX 8 Passenger,28 in,SerpApi Google Flights,2026-09-10T07:01:45.391Z,6aa255d765f7014aec1a4104,False
DEL,BOM,2026-09-10,2026-10-10,30,Akasa Air,QP 1110,2026-10-10 10:00,2026-10-10 12:20,140,0,6880.0,INR,,Economy,,Boeing 737MAX 8 Passenger,28 in,SerpApi Google Flights,2026-09-10T07:01:45.391Z,6aa255d765f7014aec1a4104,False
DEL,BOM,2026-09-10,2026-10-10,30,Akasa Air,QP 1128,2026-10-10 16:00,2026-10-10 18:20,140,0,6880.0,INR,,Economy,,Boeing 737MAX 8 Passenger,28 in,SerpApi Google Flights,2026-09-10T07:01:45.391Z,6aa255d765f7014aec1a4104,False
DEL,BOM,2026-09-10,2026-10-10,30,Akasa Air,QP 1820,2026-10-10 17:30,2026-10-10 19:50,140,0,6880.0,INR,,Economy,,Boeing 737MAX 8 Passenger,28 in,SerpApi Google Flights,2026-09-10T07:01:45.391Z,6aa255d765f7014aec1a4104,False
DEL,BOM,2026-09-10,2026-10-10,30,Akasa Air,QP 1826,2026-10-10 19:55,2026-10-10 22:20,145,0,6880.0,INR,,Economy,,Boeing 737MAX 8 Passenger,28 in,SerpApi Google Flights,2026-09-10T07:01:45.392Z,6aa255d765f7014aec1a4104,False
DEL,BOM,2026-09-10,2026-10-10,30,Air India,AI 2955,2026-10-10 18:00,2026-10-10 20:25,145,0,6902.0,INR,,Economy,,Airbus A320neo,28 in,SerpApi Google Flights,2026-09-10T07:01:45.392Z,6aa255d765f7014aec1a4104,False
DEL,BOM,2026-09-10,2026-10-10,30,Air India,AI 2977,2026-10-10 19:00,2026-10-10 21:25,145,0,6902.0,INR,,Economy,,Airbus A320neo,28 in,SerpApi Google Flights,2026-09-10T07:01:45.392Z,6aa255d765f7014aec1a4104,False
DEL,BOM,2026-09-10,2026-10-10,30,Air India,AI 2433,2026-10-10 21:30,2026-10-10 23:55,145,0,6908.0,INR,,Economy,,Airbus A320neo,28 in,SerpApi Google Flights,2026-09-10T07:01:45.392Z,6aa255d765f7014aec1a4104,False
DEL,BOM,2026-09-10,2026-10-10,30,Air India,AI 2951,2026-10-10 13:30,2026-10-10 15:50,140,0,8042.0,INR,,Economy,,Airbus A320neo,28 in,SerpApi Google Flights,2026-09-10T07:01:45.392Z,6aa255d765f7014aec1a4104,True
DEL,BOM,2026-09-10,2026-10-10,30,Air India Express,IX 1056,2026-10-10 17:50,2026-10-10 20:10,140,0,8052.0,INR,,Economy,,Airbus A320,28 in,SerpApi Google Flights,2026-09-10T07:01:45.392Z,6aa255d765f7014aec1a4104,True
DEL,BOM,2026-09-10,2026-10-25,45,SpiceJet,SG 612,2026-10-25 19:00,2026-10-25 21:10,130,0,6778.0,INR,,Economy,,Boeing 737,29 in,SerpApi Google Flights,2026-09-10T07:01:48.231Z,6aa255dbe396ebe08b01703f,False
DEL,BOM,2026-09-10,2026-10-25,45,SpiceJet,SG 603,2026-10-25 05:45,2026-10-25 08:05,140,0,6778.0,INR,,Economy,,Boeing 737,29 in,SerpApi Google Flights,2026-09-10T07:01:48.231Z,6aa255dbe396ebe08b01703f,False
DEL,BOM,2026-09-10,2026-10-25,45,SpiceJet,SG 510,2026-10-25 06:30,2026-10-25 08:45,135,0,6778.0,INR,,Economy,,Boeing 737,29 in,SerpApi Google Flights,2026-09-10T07:01:48.231Z,6aa255dbe396ebe08b01703f,False
DEL,BOM,2026-09-10,2026-10-25,45,IndiGo,6E 6318,2026-10-25 14:45,2026-10-25 17:10,145,0,6914.0,INR,,Economy,,Airbus A321neo,28 in,SerpApi Google Flights,2026-09-10T07:01:48.231Z,6aa255dbe396ebe08b01703f,False
DEL,BOM,2026-09-10,2026-10-25,45,IndiGo,6E 327,2026-10-25 16:15,2026-10-25 18:40,145,0,6914.0,INR,,Economy,,Airbus A321neo,28 in,SerpApi Google Flights,2026-09-10T07:01:48.231Z,6aa255dbe396ebe08b01703f,False
DEL,BOM,2026-09-10,2026-10-25,45,IndiGo,6E 6706,2026-10-25 17:00,2026-10-25 19:25,145,0,6914.0,INR,,Economy,,Airbus A321neo,28 in,SerpApi Google Flights,2026-09-10T07:01:48.231Z,6aa255dbe396ebe08b01703f,False
DEL,BOM,2026-09-10,2026-10-25,45,IndiGo,6E 353,2026-10-25 03:30,2026-10-25 05:55,145,0,6914.0,INR,,Economy,,Airbus A321neo,28 in,SerpApi Google Flights,2026-09-10T07:01:48.231Z,6aa255dbe396ebe08b01703f,False
DEL,BOM,2026-09-10,2026-10-25,45,IndiGo,6E 449,2026-10-25 05:00,2026-10-25 07:25,145,0,6914.0,INR,,Economy,,Airbus A321neo,28 in,SerpApi Google Flights,2026-09-10T07:01:48.231Z,6aa255dbe396ebe08b01703f,False
DEL,BOM,2026-09-10,2026-10-25,45,IndiGo,6E 6218,2026-10-25 06:05,2026-10-25 08:30,145,0,6914.0,INR,,Economy,,Airbus A321neo,28 in,SerpApi Google Flights,2026-09-10T07:01:48.231Z,6aa255dbe396ebe08b01703f,False
DEL,BOM,2026-09-10,2026-10-25,45,IndiGo,6E 6814,2026-10-25 07:00,2026-10-25 09:25,145,0,6914.0,INR,,Economy,,Airbus A321neo,28 in,SerpApi Google Flights,2026-09-10T07:01:48.231Z,6aa255dbe396ebe08b01703f,False
DEL,BOM,2026-09-10,2026-10-25,45,IndiGo,6E 320,2026-10-25 08:00,2026-10-25 10:25,145,0,6914.0,INR,,Economy,,Airbus A321neo,28 in,SerpApi Google Flights,2026-09-10T07:01:48.231Z,6aa255dbe396ebe08b01703f,False
DEL,BOM,2026-09-10,2026-10-25,45,IndiGo,6E 675,2026-10-25 08:45,2026-10-25 11:10,145,0,6914.0,INR,,Economy,,Airbus A321neo,28 in,SerpApi Google Flights,2026-09-10T07:01:48.231Z,6aa255dbe396ebe08b01703f,False
DEL,BOM,2026-09-10,2026-10-25,45,IndiGo,6E 6107,2026-10-25 09:30,2026-10-25 11:55,145,0,6914.0,INR,,Economy,,Airbus A321neo,28 in,SerpApi Google Flights,2026-09-10T07:01:48.231Z,6aa255dbe396ebe08b01703f,False
DEL,BOM,2026-09-10,2026-10-25,45,IndiGo,6E 6328,2026-10-25 10:15,2026-10-25 12:40,145,0,6914.0,INR,,Economy,,Airbus A321neo,28 in,SerpApi Google Flights,2026-09-10T07:01:48.232Z,6aa255dbe396ebe08b01703f,False
DEL,BOM,2026-09-10,2026-10-25,45,IndiGo,6E 6047,2026-10-25 11:00,2026-10-25 13:25,145,0,6914.0,INR,,Economy,,Airbus A321neo,28 in,SerpApi Google Flights,2026-09-10T07:01:48.232Z,6aa255dbe396ebe08b01703f,False
DEL,BOM,2026-09-10,2026-10-25,45,IndiGo,6E 6051,2026-10-25 11:45,2026-10-25 14:15,150,0,6914.0,INR,,Economy,,Airbus A321neo,28 in,SerpApi Google Flights,2026-09-10T07:01:48.232Z,6aa255dbe396ebe08b01703f,False
DEL,BOM,2026-09-10,2026-10-25,45,IndiGo,6E 324,2026-10-25 13:15,2026-10-25 15:40,145,0,6914.0,INR,,Economy,,Airbus A321neo,28 in,SerpApi Google Flights,2026-09-10T07:01:48.232Z,6aa255dbe396ebe08b01703f,False
DEL,BOM,2026-09-10,2026-10-25,45,IndiGo,6E 853,2026-10-25 21:00,2026-10-25 23:25,145,0,6914.0,INR,,Economy,,Airbus A321neo,28 in,SerpApi Google Flights,2026-09-10T07:01:48.232Z,6aa255dbe396ebe08b01703f,False
DEL,BOM,2026-09-10,2026-10-25,45,IndiGo,6E 395,2026-10-25 22:00,2026-10-26 00:25,145,0,6914.0,INR,,Economy,,Airbus A321neo,28 in,SerpApi Google Flights,2026-09-10T07:01:48.232Z,6aa255dbe396ebe08b01703f,False
DEL,BOM,2026-09-10,2026-10-25,45,IndiGo,6E 6114,2026-10-25 23:00,2026-10-26 01:25,145,0,6914.0,INR,,Economy,,Airbus A321neo,28 in,SerpApi Google Flights,2026-09-10T07:01:48.232Z,6aa255dbe396ebe08b01703f,False
DEL,BOM,2026-09-10,2026-10-25,45,Air India Express,IX 1056,2026-10-25 08:45,2026-10-25 11:15,150,0,6989.0,INR,,Economy,,Boeing 737MAX 8 Passenger,30 in,SerpApi Google Flights,2026-09-10T07:01:48.232Z,6aa255dbe396ebe08b01703f,False
DEL,BOM,2026-09-10,2026-10-25,45,Air India Express,IX 1127,2026-10-25 20:40,2026-10-25 23:10,150,0,6989.0,INR,,Economy,,Boeing 737MAX 8 Passenger,30 in,SerpApi Google Flights,2026-09-10T07:01:48.232Z,6aa255dbe396ebe08b01703f,False
DEL,BOM,2026-09-10,2026-10-25,45,IndiGo,6E 6676,2026-10-25 12:30,2026-10-25 14:55,145,0,7064.0,INR,,Economy,,Airbus A321neo,28 in,SerpApi Google Flights,2026-09-10T07:01:48.232Z,6aa255dbe396ebe08b01703f,False
DEL,BOM,2026-09-10,2026-10-25,45,IndiGo,6E 6022,2026-10-25 14:00,2026-10-25 16:25,145,0,7064.0,INR,,Economy,,Airbus A321neo,28 in,SerpApi Google Flights,2026-09-10T07:01:48.232Z,6aa255dbe396ebe08b01703f,False
DEL,BOM,2026-09-10,2026-10-25,45,SpiceJet,SG 475,2026-10-25 17:10,2026-10-25 19:25,135,0,7142.0,INR,,Economy,,Boeing 737,29 in,SerpApi Google Flights,2026-09-10T07:01:48.232Z,6aa255dbe396ebe08b01703f,False
DEL,BOM,2026-09-10,2026-10-25,45,Akasa Air,QP 1112,2026-10-25 10:00,2026-10-25 12:20,140,0,7201.0,INR,,Economy,,Boeing 737MAX 8 Passenger,28 in,SerpApi Google Flights,2026-09-10T07:01:48.232Z,6aa255dbe396ebe08b01703f,False
DEL,BOM,2026-09-10,2026-10-25,45,IndiGo,6E 864,2026-10-25 15:30,2026-10-25 17:55,145,0,7364.0,INR,,Economy,,Airbus A321neo,28 in,SerpApi Google Flights,2026-09-10T07:01:48.232Z,6aa255dbe396ebe08b01703f,False
DEL,BOM,2026-09-10,2026-10-25,45,IndiGo,6E 329,2026-10-25 18:30,2026-10-25 20:55,145,0,7364.0,INR,,Economy,,Airbus A321neo,28 in,SerpApi Google Flights,2026-09-10T07:01:48.232Z,6aa255dbe396ebe08b01703f,False
DEL,BOM,2026-09-10,2026-10-25,45,IndiGo,6E 354,2026-10-25 19:15,2026-10-25 21:40,145,0,7364.0,INR,,Economy,,Airbus A321neo,28 in,SerpApi Google Flights,2026-09-10T07:01:48.232Z,6aa255dbe396ebe08b01703f,False
DEL,BOM,2026-09-10,2026-10-25,45,IndiGo,6E 303,2026-10-25 20:00,2026-10-25 22:25,145,0,7364.0,INR,,Economy,,Airbus A321neo,28 in,SerpApi Google Flights,2026-09-10T07:01:48.232Z,6aa255dbe396ebe08b01703f,False
DEL,BOM,2026-09-10,2026-10-25,45,Akasa Air,QP 1114,2026-10-25 16:00,2026-10-25 18:20,140,0,7453.0,INR,,Economy,,Boeing 737MAX 8 Passenger,28 in,SerpApi Google Flights,2026-09-10T07:01:48.232Z,6aa255dbe396ebe08b01703f,False
DEL,BOM,2026-09-10,2026-10-25,45,Akasa Air,QP 1118,2026-10-25 17:30,2026-10-25 19:50,140,0,7453.0,INR,,Economy,,Boeing 737MAX 8 Passenger,28 in,SerpApi Google Flights,2026-09-10T07:01:48.232Z,6aa255dbe396ebe08b01703f,False
DEL,BOM,2026-09-10,2026-10-25,45,Air India,AI 2951,2026-10-25 13:30,2026-10-25 15:55,145,0,7522.0,INR,,Economy,,Airbus A320neo,28 in,SerpApi Google Flights,2026-09-10T07:01:48.232Z,6aa255dbe396ebe08b01703f,False
DEL,BOM,2026-09-10,2026-10-25,45,Air India,AI 2555,2026-10-25 17:30,2026-10-25 19:55,145,0,7522.0,INR,,Economy,,Airbus A320neo,28 in,SerpApi Google Flights,2026-09-10T07:01:48.232Z,6aa255dbe396ebe08b01703f,False
DEL,BOM,2026-09-10,2026-10-25,45,Akasa Air,QP 1116,2026-10-25 21:45,2026-10-26 00:00,135,0,7583.0,INR,,Economy,,Boeing 737MAX 8 Passenger,,SerpApi Google Flights,2026-09-10T07:01:48.232Z,6aa255dbe396ebe08b01703f,False
DEL,BOM,2026-09-10,2026-10-25,45,Air India,AI 2985,2026-10-25 19:30,2026-10-25 21:55,145,0,7711.0,INR,,Economy,,Airbus A321,29 in,SerpApi Google Flights,2026-09-10T07:01:48.232Z,6aa255dbe396ebe08b01703f,False
DEL,BOM,2026-09-10,2026-10-25,45,Air India,AI 2955,2026-10-25 18:00,2026-10-25 20:25,145,0,8026.0,INR,,Economy,,Airbus A320neo,28 in,SerpApi Google Flights,2026-09-10T07:01:48.232Z,6aa255dbe396ebe08b01703f,False
DEL,BOM,2026-09-10,2026-10-25,45,Air India,AI 2977,2026-10-25 19:00,2026-10-25 21:25,145,0,8026.0,INR,,Economy,,Airbus A321,29 in,SerpApi Google Flights,2026-09-10T07:01:48.232Z,6aa255dbe396ebe08b01703f,False
DEL,BOM,2026-09-10,2026-10-25,45,Air India,AI 2957,2026-10-25 20:30,2026-10-25 22:55,145,0,8750.0,INR,,Economy,,Airbus A320neo,28 in,SerpApi Google Flights,2026-09-10T07:01:48.232Z,6aa255dbe396ebe08b01703f,True
DEL,BOM,2026-09-10,2026-10-25,45,Air India,AI 2941,2026-10-25 16:30,2026-10-25 18:55,145,0,9260.0,INR,,Economy,,Airbus A320neo,28 in,SerpApi Google Flights,2026-09-10T07:01:48.232Z,6aa255dbe396ebe08b01703f,True
DEL,BOM,2026-09-10,2026-10-25,45,Air India,AI 2933,2026-10-25 15:30,2026-10-25 17:45,135,0,9491.0,INR,,Economy,,Airbus A320neo,28 in,SerpApi Google Flights,2026-09-10T07:01:48.232Z,6aa255dbe396ebe08b01703f,True
DEL,BOM,2026-09-10,2026-10-25,45,IndiGo,6E 328,2026-10-25 17:45,2026-10-25 20:10,145,0,9854.0,INR,,Economy,,Airbus A321neo,28 in,SerpApi Google Flights,2026-09-10T07:01:48.232Z,6aa255dbe396ebe08b01703f,True
DEL,HYD,2026-09-10,2026-09-11,1,Air India,AI 1793,2026-09-11 06:00,2026-09-11 08:20,140,0,8711.0,INR,,Economy,,Airbus A320neo,28 in,SerpApi Google Flights,2026-09-10T07:03:41.865Z,6aa2564ad0a88f818e4cd4d8,False
DEL,HYD,2026-09-10,2026-09-11,1,Air India,AI 2577,2026-09-11 02:00,2026-09-11 04:20,140,0,8711.0,INR,,Economy,,Airbus A320neo,28 in,SerpApi Google Flights,2026-09-10T07:03:41.866Z,6aa2564ad0a88f818e4cd4d8,False
DEL,HYD,2026-09-10,2026-09-11,1,Air India,AI 2449,2026-09-11 22:00,2026-09-12 00:20,140,0,8711.0,INR,,Economy,,Airbus A320neo,28 in,SerpApi Google Flights,2026-09-10T07:03:41.866Z,6aa2564ad0a88f818e4cd4d8,False
DEL,HYD,2026-09-10,2026-09-11,1,Air India,AI 1706,2026-09-11 23:00,2026-09-12 01:20,140,0,8711.0,INR,,Economy,,Airbus A320neo,28 in,SerpApi Google Flights,2026-09-10T07:03:41.866Z,6aa2564ad0a88f818e4cd4d8,False
DEL,HYD,2026-09-10,2026-09-11,1,Akasa Air,QP 1406,2026-09-11 14:10,2026-09-11 16:30,140,0,8735.0,INR,,Economy,,Boeing 737MAX 8 Passenger,28 in,SerpApi Google Flights,2026-09-10T07:03:41.866Z,6aa2564ad0a88f818e4cd4d8,False
DEL,HYD,2026-09-10,2026-09-11,1,IndiGo,6E 884,2026-09-11 11:45,2026-09-11 14:00,135,0,8825.0,INR,,Economy,,Airbus A321neo,28 in,SerpApi Google Flights,2026-09-10T07:03:41.866Z,6aa2564ad0a88f818e4cd4d8,False
DEL,HYD,2026-09-10,2026-09-11,1,IndiGo,6E 6293,2026-09-11 09:55,2026-09-11 12:20,145,0,8825.0,INR,,Economy,,Airbus A321neo,28 in,SerpApi Google Flights,2026-09-10T07:03:41.866Z,6aa2564ad0a88f818e4cd4d8,False
DEL,HYD,2026-09-10,2026-09-11,1,IndiGo,6E 6282,2026-09-11 13:30,2026-09-11 15:45,135,0,8825.0,INR,,Economy,,Airbus A321neo,28 in,SerpApi Google Flights,2026-09-10T07:03:41.866Z,6aa2564ad0a88f818e4cd4d8,False
DEL,HYD,2026-09-10,2026-09-11,1,IndiGo,6E 6212,2026-09-11 14:45,2026-09-11 17:05,140,0,8825.0,INR,,Economy,,Airbus A321neo,28 in,SerpApi Google Flights,2026-09-10T07:03:41.866Z,6aa2564ad0a88f818e4cd4d8,False
DEL,HYD,2026-09-10,2026-09-11,1,IndiGo,6E 6217,2026-09-11 16:15,2026-09-11 18:30,135,0,8825.0,INR,,Economy,,Airbus A321neo,28 in,SerpApi Google Flights,2026-09-10T07:03:41.866Z,6aa2564ad0a88f818e4cd4d8,False
DEL,HYD,2026-09-10,2026-09-11,1,IndiGo,6E 717,2026-09-11 17:55,2026-09-11 20:15,140,0,8825.0,INR,,Economy,,Airbus A321neo,28 in,SerpApi Google Flights,2026-09-10T07:03:41.866Z,6aa2564ad0a88f818e4cd4d8,False
DEL,HYD,2026-09-10,2026-09-11,1,IndiGo,6E 382,2026-09-11 21:00,2026-09-11 23:15,135,0,8825.0,INR,,Economy,,Airbus A321neo,28 in,SerpApi Google Flights,2026-09-10T07:03:41.866Z,6aa2564ad0a88f818e4cd4d8,False
DEL,HYD,2026-09-10,2026-09-11,1,IndiGo,6E 882,2026-09-11 23:15,2026-09-12 01:30,135,0,8825.0,INR,,Economy,,Airbus A321neo,28 in,SerpApi Google Flights,2026-09-10T07:03:41.866Z,6aa2564ad0a88f818e4cd4d8,False
DEL,HYD,2026-09-10,2026-09-11,1,Air India,AI 2542,2026-09-11 09:40,2026-09-11 12:00,140,0,8984.0,INR,,Economy,,Airbus A320neo,28 in,SerpApi Google Flights,2026-09-10T07:03:41.866Z,6aa2564ad0a88f818e4cd4d8,False
DEL,HYD,2026-09-10,2026-09-11,1,Air India,AI 2859,2026-09-11 10:30,2026-09-11 12:50,140,0,8984.0,INR,,Economy,,Airbus A320neo,28 in,SerpApi Google Flights,2026-09-10T07:03:41.866Z,6aa2564ad0a88f818e4cd4d8,False
DEL,HYD,2026-09-10,2026-09-11,1,Air India,AI 2899,2026-09-11 12:30,2026-09-11 14:45,135,0,8984.0,INR,,Economy,,Airbus A320neo,28 in,SerpApi Google Flights,2026-09-10T07:03:41.866Z,6aa2564ad0a88f818e4cd4d8,False
DEL,HYD,2026-09-10,2026-09-11,1,Air India,AI 2465,2026-09-11 14:30,2026-09-11 16:40,130,0,8984.0,INR,,Economy,,Airbus A320neo,28 in,SerpApi Google Flights,2026-09-10T07:03:41.866Z,6aa2564ad0a88f818e4cd4d8,False
DEL,HYD,2026-09-10,2026-09-11,1,Air India,AI 2519,2026-09-11 15:30,2026-09-11 17:55,145,0,8984.0,INR,,Economy,,Airbus A350,31 in,SerpApi Google Flights,2026-09-10T07:03:41.866Z,6aa2564ad0a88f818e4cd4d8,False
DEL,HYD,2026-09-10,2026-09-11,1,Air India,AI 2879,2026-09-11 18:00,2026-09-11 20:20,140,0,8984.0,INR,,Economy,,Airbus A320neo,28 in,SerpApi Google Flights,2026-09-10T07:03:41.866Z,6aa2564ad0a88f818e4cd4d8,False
DEL,HYD,2026-09-10,2026-09-11,1,Air India,AI 1708,2026-09-11 19:30,2026-09-11 21:50,140,0,8984.0,INR,,Economy,,Airbus A320neo,28 in,SerpApi Google Flights,2026-09-10T07:03:41.866Z,6aa2564ad0a88f818e4cd4d8,False
DEL,HYD,2026-09-10,2026-09-11,1,Air India,AI 2871,2026-09-11 20:30,2026-09-11 22:50,140,0,8984.0,INR,,Economy,,Airbus A320neo,28 in,SerpApi Google Flights,2026-09-10T07:03:41.866Z,6aa2564ad0a88f818e4cd4d8,False
DEL,HYD,2026-09-10,2026-09-11,1,IndiGo,6E 6601,2026-09-11 19:45,2026-09-11 22:05,140,0,9301.0,INR,,Economy,,Airbus A321neo,28 in,SerpApi Google Flights,2026-09-10T07:03:41.866Z,6aa2564ad0a88f818e4cd4d8,True
DEL,HYD,2026-09-10,2026-09-11,1,Akasa Air,QP 1409,2026-09-11 20:40,2026-09-11 23:10,150,0,9527.0,INR,,Economy,,Boeing 737MAX 8 Passenger,28 in,SerpApi Google Flights,2026-09-10T07:03:41.866Z,6aa2564ad0a88f818e4cd4d8,True
DEL,HYD,2026-09-10,2026-09-11,1,IndiGo,6E 203,2026-09-11 07:10,2026-09-11 09:20,130,0,10346.0,INR,,Economy,,Airbus A321neo,28 in,SerpApi Google Flights,2026-09-10T07:03:41.866Z,6aa2564ad0a88f818e4cd4d8,True
DEL,HYD,2026-09-10,2026-09-11,1,IndiGo,6E 705,2026-09-11 08:30,2026-09-11 10:45,135,0,10917.0,INR,,Economy,,Airbus A321neo,28 in,SerpApi Google Flights,2026-09-10T07:03:41.866Z,6aa2564ad0a88f818e4cd4d8,True
DEL,HYD,2026-09-10,2026-09-17,7,Air India,AI 2577,2026-09-17 02:00,2026-09-17 04:20,140,0,8711.0,INR,,Economy,,Airbus A320neo,28 in,SerpApi Google Flights,2026-09-10T07:03:46.916Z,6aa2564f974bbb99745078b5,False
DEL,HYD,2026-09-10,2026-09-17,7,Air India,AI 2449,2026-09-17 22:00,2026-09-18 00:20,140,0,8711.0,INR,,Economy,,Airbus A320neo,28 in,SerpApi Google Flights,2026-09-10T07:03:46.916Z,6aa2564f974bbb99745078b5,False
DEL,HYD,2026-09-10,2026-09-17,7,Air India,AI 1706,2026-09-17 23:00,2026-09-18 01:20,140,0,8711.0,INR,,Economy,,Airbus A320neo,28 in,SerpApi Google Flights,2026-09-10T07:03:46.916Z,6aa2564f974bbb99745078b5,False
DEL,HYD,2026-09-10,2026-09-17,7,IndiGo,6E 704,2026-09-17 02:25,2026-09-17 04:40,135,0,8825.0,INR,,Economy,,Airbus A321neo,28 in,SerpApi Google Flights,2026-09-10T07:03:46.916Z,6aa2564f974bbb99745078b5,False
DEL,HYD,2026-09-10,2026-09-17,7,IndiGo,6E 6282,2026-09-17 13:30,2026-09-17 15:45,135,0,8825.0,INR,,Economy,,Airbus A321neo,28 in,SerpApi Google Flights,2026-09-10T07:03:46.916Z,6aa2564f974bbb99745078b5,False
DEL,HYD,2026-09-10,2026-09-17,7,IndiGo,6E 6217,2026-09-17 16:15,2026-09-17 18:30,135,0,8825.0,INR,,Economy,,Airbus A321neo,28 in,SerpApi Google Flights,2026-09-10T07:03:46.916Z,6aa2564f974bbb99745078b5,False
DEL,HYD,2026-09-10,2026-09-17,7,IndiGo,6E 717,2026-09-17 17:55,2026-09-17 20:15,140,0,8825.0,INR,,Economy,,Airbus A321neo,28 in,SerpApi Google Flights,2026-09-10T07:03:46.916Z,6aa2564f974bbb99745078b5,False
DEL,HYD,2026-09-10,2026-09-17,7,IndiGo,6E 6601,2026-09-17 19:45,2026-09-17 22:05,140,0,8825.0,INR,,Economy,,Airbus A321neo,28 in,SerpApi Google Flights,2026-09-10T07:03:46.916Z,6aa2564f974bbb99745078b5,False
DEL,HYD,2026-09-10,2026-09-17,7,IndiGo,6E 382,2026-09-17 21:00,2026-09-17 23:15,135,0,8825.0,INR,,Economy,,Airbus A321neo,28 in,SerpApi Google Flights,2026-09-10T07:03:46.916Z,6aa2564f974bbb99745078b5,False
DEL,HYD,2026-09-10,2026-09-17,7,IndiGo,6E 882,2026-09-17 23:15,2026-09-18 01:30,135,0,8825.0,INR,,Economy,,Airbus A321neo,28 in,SerpApi Google Flights,2026-09-10T07:03:46.916Z,6aa2564f974bbb99745078b5,False
DEL,HYD,2026-09-10,2026-09-17,7,Akasa Air,QP 1406,2026-09-17 14:10,2026-09-17 16:30,140,0,8888.0,INR,,Economy,,Boeing 737MAX 8 Passenger,28 in,SerpApi Google Flights,2026-09-10T07:03:46.916Z,6aa2564f974bbb99745078b5,False
DEL,HYD,2026-09-10,2026-09-17,7,Air India,AI 2465,2026-09-17 14:30,2026-09-17 16:40,130,0,8984.0,INR,,Economy,,Airbus A320neo,28 in,SerpApi Google Flights,2026-09-10T07:03:46.916Z,6aa2564f974bbb99745078b5,False
DEL,HYD,2026-09-10,2026-09-17,7,Air India,AI 2519,2026-09-17 15:30,2026-09-17 17:55,145,0,8984.0,INR,,Economy,,Airbus A350,31 in,SerpApi Google Flights,2026-09-10T07:03:46.916Z,6aa2564f974bbb99745078b5,False
DEL,HYD,2026-09-10,2026-09-17,7,Air India,AI 2879,2026-09-17 18:00,2026-09-17 20:20,140,0,8984.0,INR,,Economy,,Airbus A320neo,28 in,SerpApi Google Flights,2026-09-10T07:03:46.916Z,6aa2564f974bbb99745078b5,False
DEL,HYD,2026-09-10,2026-09-17,7,Air India,AI 1708,2026-09-17 19:30,2026-09-17 21:50,140,0,8984.0,INR,,Economy,,Airbus A320neo,28 in,SerpApi Google Flights,2026-09-10T07:03:46.916Z,6aa2564f974bbb99745078b5,False
DEL,HYD,2026-09-10,2026-09-17,7,Air India,AI 2871,2026-09-17 20:30,2026-09-17 22:50,140,0,8984.0,INR,,Economy,,Airbus A320neo,28 in,SerpApi Google Flights,2026-09-10T07:03:46.916Z,6aa2564f974bbb99745078b5,False
DEL,HYD,2026-09-10,2026-09-17,7,IndiGo,6E 6293,2026-09-17 09:55,2026-09-17 12:20,145,0,9807.0,INR,,Economy,,Airbus A321neo,28 in,SerpApi Google Flights,2026-09-10T07:03:46.916Z,6aa2564f974bbb99745078b5,False
DEL,HYD,2026-09-10,2026-09-17,7,IndiGo,6E 884,2026-09-17 11:45,2026-09-17 14:00,135,0,9807.0,INR,,Economy,,Airbus A321neo,28 in,SerpApi Google Flights,2026-09-10T07:03:46.916Z,6aa2564f974bbb99745078b5,False
DEL,HYD,2026-09-10,2026-09-17,7,Air India,AI 2859,2026-09-17 10:30,2026-09-17 12:50,140,0,9966.0,INR,,Economy,,Airbus A320neo,28 in,SerpApi Google Flights,2026-09-10T07:03:46.916Z,6aa2564f974bbb99745078b5,False
DEL,HYD,2026-09-10,2026-09-17,7,Air India,AI 2899,2026-09-17 12:30,2026-09-17 14:45,135,0,9966.0,INR,,Economy,,Airbus A320neo,28 in,SerpApi Google Flights,2026-09-10T07:03:46.916Z,6aa2564f974bbb99745078b5,False
DEL,HYD,2026-09-10,2026-09-17,7,IndiGo,6E 203,2026-09-17 07:10,2026-09-17 09:20,130,0,10346.0,INR,,Economy,,Airbus A321neo,28 in,SerpApi Google Flights,2026-09-10T07:03:46.916Z,6aa2564f974bbb99745078b5,False
DEL,HYD,2026-09-10,2026-09-17,7,Air India,AI 2542,2026-09-17 09:40,2026-09-17 12:00,140,0,10397.0,INR,,Economy,,Airbus A320neo,28 in,SerpApi Google Flights,2026-09-10T07:03:46.916Z,6aa2564f974bbb99745078b5,False
DEL,HYD,2026-09-10,2026-09-17,7,Akasa Air,QP 1409,2026-09-17 20:40,2026-09-17 23:10,150,0,10401.0,INR,,Economy,,Boeing 737MAX 8 Passenger,28 in,SerpApi Google Flights,2026-09-10T07:03:46.916Z,6aa2564f974bbb99745078b5,False
DEL,HYD,2026-09-10,2026-09-17,7,Air India,AI 1793,2026-09-17 06:00,2026-09-17 08:20,140,0,10481.0,INR,,Economy,,Airbus A320neo,28 in,SerpApi Google Flights,2026-09-10T07:03:46.916Z,6aa2564f974bbb99745078b5,False
DEL,HYD,2026-09-10,2026-09-17,7,IndiGo,6E 705,2026-09-17 08:30,2026-09-17 10:45,135,0,10917.0,INR,,Economy,,Airbus A321neo,28 in,SerpApi Google Flights,2026-09-10T07:03:46.916Z,6aa2564f974bbb99745078b5,False
DEL,HYD,2026-09-10,2026-09-25,15,Akasa Air,QP 1409,2026-09-25 20:40,2026-09-25 23:10,150,0,8440.0,INR,,Economy,,Boeing 737MAX 8 Passenger,28 in,SerpApi Google Flights,2026-09-10T07:03:51.021Z,6aa25654b2c613c420ff6629,False
DEL,HYD,2026-09-10,2026-09-25,15,Air India,AI 1793,2026-09-25 06:00,2026-09-25 08:20,140,0,8711.0,INR,,Economy,,Airbus A320neo,28 in,SerpApi Google Flights,2026-09-10T07:03:51.021Z,6aa25654b2c613c420ff6629,False
DEL,HYD,2026-09-10,2026-09-25,15,Air India,AI 2577,2026-09-25 02:00,2026-09-25 04:20,140,0,8711.0,INR,,Economy,,Airbus A320neo,28 in,SerpApi Google Flights,2026-09-10T07:03:51.021Z,6aa25654b2c613c420ff6629,False
DEL,HYD,2026-09-10,2026-09-25,15,Air India,AI 2449,2026-09-25 22:00,2026-09-26 00:20,140,0,8711.0,INR,,Economy,,Airbus A320neo,28 in,SerpApi Google Flights,2026-09-10T07:03:51.021Z,6aa25654b2c613c420ff6629,False
DEL,HYD,2026-09-10,2026-09-25,15,Air India,AI 1706,2026-09-25 23:00,2026-09-26 01:20,140,0,8711.0,INR,,Economy,,Airbus A320neo,28 in,SerpApi Google Flights,2026-09-10T07:03:51.022Z,6aa25654b2c613c420ff6629,False
DEL,HYD,2026-09-10,2026-09-25,15,Akasa Air,QP 1406,2026-09-25 14:10,2026-09-25 16:30,140,0,8735.0,INR,,Economy,,Boeing 737MAX 8 Passenger,28 in,SerpApi Google Flights,2026-09-10T07:03:51.021Z,6aa25654b2c613c420ff6629,False
DEL,HYD,2026-09-10,2026-09-25,15,IndiGo,6E 203,2026-09-25 07:10,2026-09-25 09:20,130,0,8825.0,INR,,Economy,,Airbus A321neo,28 in,SerpApi Google Flights,2026-09-10T07:03:51.021Z,6aa25654b2c613c420ff6629,False
DEL,HYD,2026-09-10,2026-09-25,15,IndiGo,6E 6282,2026-09-25 13:30,2026-09-25 15:45,135,0,8825.0,INR,,Economy,,Airbus A321neo,28 in,SerpApi Google Flights,2026-09-10T07:03:51.022Z,6aa25654b2c613c420ff6629,False
DEL,HYD,2026-09-10,2026-09-25,15,IndiGo,6E 6212,2026-09-25 14:45,2026-09-25 17:05,140,0,8825.0,INR,,Economy,,Airbus A321neo,28 in,SerpApi Google Flights,2026-09-10T07:03:51.022Z,6aa25654b2c613c420ff6629,False
DEL,HYD,2026-09-10,2026-09-25,15,IndiGo,6E 717,2026-09-25 17:55,2026-09-25 20:15,140,0,8825.0,INR,,Economy,,Airbus A321neo,28 in,SerpApi Google Flights,2026-09-10T07:03:51.022Z,6aa25654b2c613c420ff6629,False
DEL,HYD,2026-09-10,2026-09-25,15,IndiGo,6E 6601,2026-09-25 19:45,2026-09-25 22:05,140,0,8825.0,INR,,Economy,,Airbus A321neo,28 in,SerpApi Google Flights,2026-09-10T07:03:51.022Z,6aa25654b2c613c420ff6629,False
DEL,HYD,2026-09-10,2026-09-25,15,IndiGo,6E 382,2026-09-25 21:00,2026-09-25 23:15,135,0,8825.0,INR,,Economy,,Airbus A321neo,28 in,SerpApi Google Flights,2026-09-10T07:03:51.022Z,6aa25654b2c613c420ff6629,False
DEL,HYD,2026-09-10,2026-09-25,15,IndiGo,6E 882,2026-09-25 23:15,2026-09-26 01:30,135,0,8825.0,INR,,Economy,,Airbus A321neo,28 in,SerpApi Google Flights,2026-09-10T07:03:51.022Z,6aa25654b2c613c420ff6629,False
DEL,HYD,2026-09-10,2026-09-25,15,Air India,AI 2465,2026-09-25 14:30,2026-09-25 16:40,130,0,8984.0,INR,,Economy,,Airbus A320neo,28 in,SerpApi Google Flights,2026-09-10T07:03:51.022Z,6aa25654b2c613c420ff6629,False
DEL,HYD,2026-09-10,2026-09-25,15,Air India,AI 2879,2026-09-25 18:00,2026-09-25 20:20,140,0,8984.0,INR,,Economy,,Airbus A320neo,28 in,SerpApi Google Flights,2026-09-10T07:03:51.022Z,6aa25654b2c613c420ff6629,False
DEL,HYD,2026-09-10,2026-09-25,15,Air India,AI 1708,2026-09-25 19:30,2026-09-25 21:50,140,0,8984.0,INR,,Economy,,Airbus A320neo,28 in,SerpApi Google Flights,2026-09-10T07:03:51.022Z,6aa25654b2c613c420ff6629,False
DEL,HYD,2026-09-10,2026-09-25,15,Air India,AI 2871,2026-09-25 20:30,2026-09-25 22:50,140,0,8984.0,INR,,Economy,,Airbus A320neo,28 in,SerpApi Google Flights,2026-09-10T07:03:51.022Z,6aa25654b2c613c420ff6629,False
DEL,HYD,2026-09-10,2026-09-25,15,IndiGo,6E 884,2026-09-25 11:45,2026-09-25 14:00,135,0,9301.0,INR,,Economy,,Airbus A321neo,28 in,SerpApi Google Flights,2026-09-10T07:03:51.022Z,6aa25654b2c613c420ff6629,False
DEL,HYD,2026-09-10,2026-09-25,15,IndiGo,6E 6217,2026-09-25 16:15,2026-09-25 18:30,135,0,9301.0,INR,,Economy,,Airbus A321neo,28 in,SerpApi Google Flights,2026-09-10T07:03:51.022Z,6aa25654b2c613c420ff6629,False
DEL,HYD,2026-09-10,2026-09-25,15,Air India,AI 2899,2026-09-25 12:30,2026-09-25 14:45,135,0,9457.0,INR,,Economy,,Airbus A320neo,28 in,SerpApi Google Flights,2026-09-10T07:03:51.022Z,6aa25654b2c613c420ff6629,False
DEL,HYD,2026-09-10,2026-09-25,15,Air India,AI 2519,2026-09-25 15:30,2026-09-25 17:55,145,0,9457.0,INR,,Economy,,Airbus A350,31 in,SerpApi Google Flights,2026-09-10T07:03:51.022Z,6aa25654b2c613c420ff6629,False
DEL,HYD,2026-09-10,2026-09-25,15,IndiGo,6E 705,2026-09-25 08:30,2026-09-25 10:45,135,0,9807.0,INR,,Economy,,Airbus A321neo,28 in,SerpApi Google Flights,2026-09-10T07:03:51.022Z,6aa25654b2c613c420ff6629,False
DEL,HYD,2026-09-10,2026-09-25,15,IndiGo,6E 6293,2026-09-25 09:55,2026-09-25 12:20,145,0,9807.0,INR,,Economy,,Airbus A321neo,28 in,SerpApi Google Flights,2026-09-10T07:03:51.022Z,6aa25654b2c613c420ff6629,False
DEL,HYD,2026-09-10,2026-09-25,15,Air India,AI 2542,2026-09-25 09:40,2026-09-25 12:00,140,0,9966.0,INR,,Economy,,Airbus A320neo,28 in,SerpApi Google Flights,2026-09-10T07:03:51.022Z,6aa25654b2c613c420ff6629,False
DEL,HYD,2026-09-10,2026-09-25,15,Air India,AI 2859,2026-09-25 10:30,2026-09-25 12:50,140,0,9966.0,INR,,Economy,,Airbus A320neo,28 in,SerpApi Google Flights,2026-09-10T07:03:51.022Z,6aa25654b2c613c420ff6629,False
DEL,HYD,2026-09-10,2026-10-10,30,Akasa Air,QP 1409,2026-10-10 20:40,2026-10-10 23:10,150,0,8297.0,INR,,Economy,,Boeing 737MAX 8 Passenger,28 in,SerpApi Google Flights,2026-09-10T07:03:55.416Z,6aa25658c75443955a0a3a92,True
DEL,HYD,2026-09-10,2026-10-10,30,Akasa Air,QP 1406,2026-10-10 14:10,2026-10-10 16:30,140,0,8587.0,INR,,Economy,,Boeing 737MAX 8 Passenger,28 in,SerpApi Google Flights,2026-09-10T07:03:55.416Z,6aa25658c75443955a0a3a92,False
DEL,HYD,2026-09-10,2026-10-10,30,Air India,AI 2577,2026-10-10 02:00,2026-10-10 04:20,140,0,8711.0,INR,,Economy,,Airbus A320neo,28 in,SerpApi Google Flights,2026-09-10T07:03:55.416Z,6aa25658c75443955a0a3a92,False
DEL,HYD,2026-09-10,2026-10-10,30,Air India,AI 1706,2026-10-10 23:00,2026-10-11 01:20,140,0,8711.0,INR,,Economy,,Airbus A320neo,28 in,SerpApi Google Flights,2026-09-10T07:03:55.416Z,6aa25658c75443955a0a3a92,False
DEL,HYD,2026-09-10,2026-10-10,30,IndiGo,6E 203,2026-10-10 07:10,2026-10-10 09:20,130,0,8828.0,INR,,Economy,,Airbus A321neo,28 in,SerpApi Google Flights,2026-09-10T07:03:55.416Z,6aa25658c75443955a0a3a92,False
DEL,HYD,2026-09-10,2026-10-10,30,IndiGo,6E 704,2026-10-10 02:25,2026-10-10 04:40,135,0,8828.0,INR,,Economy,,Airbus A321neo,28 in,SerpApi Google Flights,2026-09-10T07:03:55.416Z,6aa25658c75443955a0a3a92,False
DEL,HYD,2026-09-10,2026-10-10,30,IndiGo,6E 6026,2026-10-10 05:30,2026-10-10 07:50,140,0,8828.0,INR,,Economy,,Airbus A321neo,28 in,SerpApi Google Flights,2026-09-10T07:03:55.416Z,6aa25658c75443955a0a3a92,False
DEL,HYD,2026-09-10,2026-10-10,30,IndiGo,6E 705,2026-10-10 08:30,2026-10-10 10:45,135,0,8828.0,INR,,Economy,,Airbus A321neo,28 in,SerpApi Google Flights,2026-09-10T07:03:55.416Z,6aa25658c75443955a0a3a92,False
DEL,HYD,2026-09-10,2026-10-10,30,IndiGo,6E 6293,2026-10-10 09:55,2026-10-10 12:20,145,0,8828.0,INR,,Economy,,Airbus A321neo,28 in,SerpApi Google Flights,2026-09-10T07:03:55.416Z,6aa25658c75443955a0a3a92,False
DEL,HYD,2026-09-10,2026-10-10,30,IndiGo,6E 6282,2026-10-10 13:30,2026-10-10 15:45,135,0,8828.0,INR,,Economy,,Airbus A321neo,28 in,SerpApi Google Flights,2026-09-10T07:03:55.416Z,6aa25658c75443955a0a3a92,False
DEL,HYD,2026-09-10,2026-10-10,30,IndiGo,6E 6212,2026-10-10 14:45,2026-10-10 17:05,140,0,8828.0,INR,,Economy,,Airbus A321neo,28 in,SerpApi Google Flights,2026-09-10T07:03:55.416Z,6aa25658c75443955a0a3a92,False
DEL,HYD,2026-09-10,2026-10-10,30,IndiGo,6E 717,2026-10-10 17:55,2026-10-10 20:15,140,0,8828.0,INR,,Economy,,Airbus A321neo,28 in,SerpApi Google Flights,2026-09-10T07:03:55.416Z,6aa25658c75443955a0a3a92,False
DEL,HYD,2026-09-10,2026-10-10,30,IndiGo,6E 6601,2026-10-10 19:45,2026-10-10 22:05,140,0,8828.0,INR,,Economy,,Airbus A321neo,28 in,SerpApi Google Flights,2026-09-10T07:03:55.416Z,6aa25658c75443955a0a3a92,False
DEL,HYD,2026-09-10,2026-10-10,30,IndiGo,6E 382,2026-10-10 21:00,2026-10-10 23:15,135,0,8828.0,INR,,Economy,,Airbus A321neo,28 in,SerpApi Google Flights,2026-09-10T07:03:55.416Z,6aa25658c75443955a0a3a92,False
DEL,HYD,2026-09-10,2026-10-10,30,IndiGo,6E 882,2026-10-10 23:15,2026-10-11 01:30,135,0,8828.0,INR,,Economy,,Airbus A321neo,28 in,SerpApi Google Flights,2026-09-10T07:03:55.416Z,6aa25658c75443955a0a3a92,False
DEL,HYD,2026-09-10,2026-10-10,30,Air India,AI 2542,2026-10-10 09:40,2026-10-10 12:00,140,0,8984.0,INR,,Economy,,Airbus A320neo,28 in,SerpApi Google Flights,2026-09-10T07:03:55.416Z,6aa25658c75443955a0a3a92,False
DEL,HYD,2026-09-10,2026-10-10,30,Air India,AI 2859,2026-10-10 10:30,2026-10-10 12:50,140,0,8984.0,INR,,Economy,,Airbus A320neo,28 in,SerpApi Google Flights,2026-09-10T07:03:55.416Z,6aa25658c75443955a0a3a92,False
DEL,HYD,2026-09-10,2026-10-10,30,Air India,AI 2879,2026-10-10 18:00,2026-10-10 20:20,140,0,8984.0,INR,,Economy,,Airbus A320neo,28 in,SerpApi Google Flights,2026-09-10T07:03:55.416Z,6aa25658c75443955a0a3a92,False
DEL,HYD,2026-09-10,2026-10-10,30,Air India,AI 2871,2026-10-10 20:30,2026-10-10 22:50,140,0,8984.0,INR,,Economy,,Airbus A320neo,28 in,SerpApi Google Flights,2026-09-10T07:03:55.416Z,6aa25658c75443955a0a3a92,False
DEL,HYD,2026-09-10,2026-10-10,30,Air India,AI 1793,2026-10-10 06:00,2026-10-10 08:20,140,0,9226.0,INR,,Economy,,Airbus A320neo,28 in,SerpApi Google Flights,2026-09-10T07:03:55.416Z,6aa25658c75443955a0a3a92,False
DEL,HYD,2026-09-10,2026-10-10,30,Air India,AI 2465,2026-10-10 14:30,2026-10-10 16:40,130,0,9284.0,INR,,Economy,,Airbus A320neo,28 in,SerpApi Google Flights,2026-09-10T07:03:55.416Z,6aa25658c75443955a0a3a92,False
DEL,HYD,2026-09-10,2026-10-10,30,IndiGo,6E 884,2026-10-10 11:45,2026-10-10 14:00,135,0,9303.0,INR,,Economy,,Airbus A321neo,28 in,SerpApi Google Flights,2026-09-10T07:03:55.416Z,6aa25658c75443955a0a3a92,False
DEL,HYD,2026-09-10,2026-10-10,30,IndiGo,6E 6217,2026-10-10 16:15,2026-10-10 18:30,135,0,9303.0,INR,,Economy,,Airbus A321neo,28 in,SerpApi Google Flights,2026-09-10T07:03:55.416Z,6aa25658c75443955a0a3a92,False
DEL,HYD,2026-09-10,2026-10-10,30,Air India,AI 2519,2026-10-10 15:30,2026-10-10 17:55,145,0,9698.0,INR,,Economy,,Airbus A350,31 in,SerpApi Google Flights,2026-09-10T07:03:55.416Z,6aa25658c75443955a0a3a92,True
DEL,HYD,2026-09-10,2026-10-10,30,Air India,AI 1708,2026-10-10 19:30,2026-10-10 21:50,140,0,10139.0,INR,,Economy,,Airbus A320neo,28 in,SerpApi Google Flights,2026-09-10T07:03:55.416Z,6aa25658c75443955a0a3a92,True
DEL,HYD,2026-09-10,2026-10-10,30,Air India,AI 2899,2026-10-10 12:30,2026-10-10 14:45,135,0,12334.0,INR,,Economy,,Airbus A320neo,28 in,SerpApi Google Flights,2026-09-10T07:03:55.416Z,6aa25658c75443955a0a3a92,True
DEL,HYD,2026-09-10,2026-10-25,45,IndiGo,6E 704,2026-10-25 02:25,2026-10-25 04:40,135,0,8828.0,INR,,Economy,,Airbus A321neo,28 in,SerpApi Google Flights,2026-09-10T07:03:59.072Z,6aa2565d0ccffb1a6530cba1,False
DEL,HYD,2026-09-10,2026-10-25,45,IndiGo,6E 2303,2026-10-25 05:15,2026-10-25 07:30,135,0,8828.0,INR,,Economy,,Airbus A321neo,28 in,SerpApi Google Flights,2026-09-10T07:03:59.072Z,6aa2565d0ccffb1a6530cba1,False
DEL,HYD,2026-09-10,2026-10-25,45,IndiGo,6E 203,2026-10-25 06:30,2026-10-25 08:45,135,0,8828.0,INR,,Economy,,Airbus A321neo,28 in,SerpApi Google Flights,2026-09-10T07:03:59.072Z,6aa2565d0ccffb1a6530cba1,False
DEL,HYD,2026-09-10,2026-10-25,45,IndiGo,6E 705,2026-10-25 08:30,2026-10-25 10:45,135,0,8828.0,INR,,Economy,,Airbus A321neo,28 in,SerpApi Google Flights,2026-09-10T07:03:59.072Z,6aa2565d0ccffb1a6530cba1,False
DEL,HYD,2026-09-10,2026-10-25,45,Air India,AI 2560,2026-10-25 07:00,2026-10-25 09:15,135,0,8984.0,INR,,Economy,,Airbus A320neo,28 in,SerpApi Google Flights,2026-09-10T07:03:59.072Z,6aa2565d0ccffb1a6530cba1,False
DEL,HYD,2026-09-10,2026-10-25,45,IndiGo,6E 6293,2026-10-25 10:00,2026-10-25 12:15,135,0,10348.0,INR,,Economy,,Airbus A321neo,28 in,SerpApi Google Flights,2026-09-10T07:03:59.072Z,6aa2565d0ccffb1a6530cba1,False
DEL,HYD,2026-09-10,2026-10-25,45,IndiGo,6E 382,2026-10-25 21:00,2026-10-25 23:15,135,0,10348.0,INR,,Economy,,Airbus A321neo,28 in,SerpApi Google Flights,2026-09-10T07:03:59.072Z,6aa2565d0ccffb1a6530cba1,False
DEL,HYD,2026-09-10,2026-10-25,45,IndiGo,6E 719,2026-10-25 22:30,2026-10-26 00:45,135,0,10348.0,INR,,Economy,,Airbus A321neo,28 in,SerpApi Google Flights,2026-09-10T07:03:59.072Z,6aa2565d0ccffb1a6530cba1,False
DEL,HYD,2026-09-10,2026-10-25,45,Air India,AI 2449,2026-10-25 22:00,2026-10-26 00:15,135,0,10502.0,INR,,Economy,,Airbus A320neo,28 in,SerpApi Google Flights,2026-09-10T07:03:59.072Z,6aa2565d0ccffb1a6530cba1,False
DEL,HYD,2026-09-10,2026-10-25,45,Air India,AI 1706,2026-10-25 23:00,2026-10-26 01:15,135,0,10502.0,INR,,Economy,,Airbus A320neo,28 in,SerpApi Google Flights,2026-09-10T07:03:59.072Z,6aa2565d0ccffb1a6530cba1,False
DEL,HYD,2026-09-10,2026-10-25,45,Air India,AI 2859,2026-10-25 11:00,2026-10-25 13:15,135,0,10775.0,INR,,Economy,,Airbus A320neo,28 in,SerpApi Google Flights,2026-09-10T07:03:59.072Z,6aa2565d0ccffb1a6530cba1,False
DEL,HYD,2026-09-10,2026-10-25,45,Akasa Air,QP 1206,2026-10-25 20:35,2026-10-25 22:55,140,0,10776.0,INR,,Economy,,Boeing 737MAX 8 Passenger,28 in,SerpApi Google Flights,2026-09-10T07:03:59.072Z,6aa2565d0ccffb1a6530cba1,False
DEL,HYD,2026-09-10,2026-10-25,45,IndiGo,6E 884,2026-10-25 11:45,2026-10-25 14:00,135,0,10919.0,INR,,Economy,,Airbus A321neo,28 in,SerpApi Google Flights,2026-09-10T07:03:59.072Z,6aa2565d0ccffb1a6530cba1,False
DEL,HYD,2026-09-10,2026-10-25,45,IndiGo,6E 6601,2026-10-25 19:45,2026-10-25 22:00,135,0,10919.0,INR,,Economy,,Airbus A321neo,28 in,SerpApi Google Flights,2026-09-10T07:03:59.072Z,6aa2565d0ccffb1a6530cba1,False
DEL,HYD,2026-09-10,2026-10-25,45,Air India,AI 2542,2026-10-25 09:40,2026-10-25 11:55,135,0,10958.0,INR,,Economy,,Airbus A320neo,28 in,SerpApi Google Flights,2026-09-10T07:03:59.072Z,6aa2565d0ccffb1a6530cba1,False
DEL,HYD,2026-09-10,2026-10-25,45,Air India,AI 2549,2026-10-25 19:30,2026-10-25 21:45,135,0,11079.0,INR,,Economy,,Airbus A320neo,28 in,SerpApi Google Flights,2026-09-10T07:03:59.072Z,6aa2565d0ccffb1a6530cba1,False
DEL,HYD,2026-09-10,2026-10-25,45,Air India,AI 2899,2026-10-25 12:30,2026-10-25 14:45,135,0,11368.0,INR,,Economy,,Airbus A320neo,28 in,SerpApi Google Flights,2026-09-10T07:03:59.072Z,6aa2565d0ccffb1a6530cba1,False
DEL,HYD,2026-09-10,2026-10-25,45,IndiGo,6E 6212,2026-10-25 14:50,2026-10-25 17:05,135,0,11527.0,INR,,Economy,,Airbus A321neo,28 in,SerpApi Google Flights,2026-09-10T07:03:59.072Z,6aa2565d0ccffb1a6530cba1,False
DEL,HYD,2026-09-10,2026-10-25,45,IndiGo,6E 6217,2026-10-25 16:15,2026-10-25 18:30,135,0,11527.0,INR,,Economy,,Airbus A321neo,28 in,SerpApi Google Flights,2026-09-10T07:03:59.072Z,6aa2565d0ccffb1a6530cba1,False
DEL,HYD,2026-09-10,2026-10-25,45,Akasa Air,QP 1202,2026-10-25 14:10,2026-10-25 16:30,140,0,11780.0,INR,,Economy,,Boeing 737MAX 8 Passenger,28 in,SerpApi Google Flights,2026-09-10T07:03:59.072Z,6aa2565d0ccffb1a6530cba1,False
DEL,HYD,2026-09-10,2026-10-25,45,Air India,AI 2519,2026-10-25 15:30,2026-10-25 17:50,140,0,11993.0,INR,,Economy,,Airbus A350,31 in,SerpApi Google Flights,2026-09-10T07:03:59.072Z,6aa2565d0ccffb1a6530cba1,False
DEL,HYD,2026-09-10,2026-10-25,45,IndiGo,6E 717,2026-10-25 18:15,2026-10-25 20:30,135,0,12174.0,INR,,Economy,,Airbus A321neo,28 in,SerpApi Google Flights,2026-09-10T07:03:59.072Z,6aa2565d0ccffb1a6530cba1,False
DEL,HYD,2026-09-10,2026-10-25,45,Air India,AI 2465,2026-10-25 14:30,2026-10-25 16:45,135,0,12407.0,INR,,Economy,,Airbus A320neo,28 in,SerpApi Google Flights,2026-09-10T07:03:59.072Z,6aa2565d0ccffb1a6530cba1,False
DEL,HYD,2026-09-10,2026-10-25,45,Air India,AI 2879,2026-10-25 18:00,2026-10-25 20:15,135,0,12659.0,INR,,Economy,,Airbus A321,29 in,SerpApi Google Flights,2026-09-10T07:03:59.072Z,6aa2565d0ccffb1a6530cba1,False
DEL,HYD,2026-09-10,2026-10-25,45,IndiGo,6E 5058,2026-10-25 13:30,2026-10-25 15:45,135,0,14368.0,INR,,Economy,,Airbus A321neo,28 in,SerpApi Google Flights,2026-09-10T07:03:59.072Z,6aa2565d0ccffb1a6530cba1,True
HYD,DEL,2026-09-10,2026-09-11,1,IndiGo,6E 707,2026-09-11 06:25,2026-09-11 08:45,140,0,8288.0,INR,,Economy,,Airbus A321neo,28 in,SerpApi Google Flights,2026-09-10T07:04:07.534Z,6aa25660f9aa73906f9fba24,False
HYD,DEL,2026-09-10,2026-09-11,1,IndiGo,6E 706,2026-09-11 02:15,2026-09-11 04:40,145,0,8288.0,INR,,Economy,,Airbus A321neo,28 in,SerpApi Google Flights,2026-09-10T07:04:07.534Z,6aa25660f9aa73906f9fba24,False
HYD,DEL,2026-09-10,2026-09-11,1,IndiGo,6E 6281,2026-09-11 10:00,2026-09-11 12:30,150,0,8288.0,INR,,Economy,,Airbus A321neo,28 in,SerpApi Google Flights,2026-09-10T07:04:07.534Z,6aa25660f9aa73906f9fba24,False
HYD,DEL,2026-09-10,2026-09-11,1,IndiGo,6E 6202,2026-09-11 11:35,2026-09-11 13:55,140,0,8288.0,INR,,Economy,,Airbus A321neo,28 in,SerpApi Google Flights,2026-09-10T07:04:07.534Z,6aa25660f9aa73906f9fba24,False
HYD,DEL,2026-09-10,2026-09-11,1,IndiGo,6E 6031,2026-09-11 13:00,2026-09-11 15:25,145,0,8288.0,INR,,Economy,,Airbus A321neo,28 in,SerpApi Google Flights,2026-09-10T07:04:07.534Z,6aa25660f9aa73906f9fba24,False
HYD,DEL,2026-09-10,2026-09-11,1,Air India,AI 2466,2026-09-11 08:35,2026-09-11 10:55,140,0,8448.0,INR,,Economy,,Airbus A320neo,28 in,SerpApi Google Flights,2026-09-10T07:04:07.534Z,6aa25660f9aa73906f9fba24,False
HYD,DEL,2026-09-10,2026-09-11,1,Air India,AI 2860,2026-09-11 07:30,2026-09-11 10:00,150,0,8448.0,INR,,Economy,,Airbus A320neo,28 in,SerpApi Google Flights,2026-09-10T07:04:07.534Z,6aa25660f9aa73906f9fba24,False
HYD,DEL,2026-09-10,2026-09-11,1,Air India,AI 1866,2026-09-11 09:40,2026-09-11 12:10,150,0,8448.0,INR,,Economy,,Airbus A320neo,28 in,SerpApi Google Flights,2026-09-10T07:04:07.534Z,6aa25660f9aa73906f9fba24,False
HYD,DEL,2026-09-10,2026-09-11,1,Air India,AI 2559,2026-09-11 12:45,2026-09-11 15:15,150,0,8448.0,INR,,Economy,,Airbus A320neo,28 in,SerpApi Google Flights,2026-09-10T07:04:07.534Z,6aa25660f9aa73906f9fba24,False
HYD,DEL,2026-09-10,2026-09-11,1,Air India,AI 2541,2026-09-11 13:30,2026-09-11 16:05,155,0,8448.0,INR,,Economy,,Airbus A320neo,28 in,SerpApi Google Flights,2026-09-10T07:04:07.534Z,6aa25660f9aa73906f9fba24,False
HYD,DEL,2026-09-10,2026-09-11,1,Air India,AI 2776,2026-09-11 23:30,2026-09-12 02:00,150,0,9199.0,INR,,Economy,,Airbus A320neo,28 in,SerpApi Google Flights,2026-09-10T07:04:07.534Z,6aa25660f9aa73906f9fba24,False
HYD,DEL,2026-09-10,2026-09-11,1,Akasa Air,QP 1405,2026-09-11 06:00,2026-09-11 08:15,135,0,9304.0,INR,,Economy,,Boeing 737MAX 8 Passenger,28 in,SerpApi Google Flights,2026-09-10T07:04:07.534Z,6aa25660f9aa73906f9fba24,False
HYD,DEL,2026-09-10,2026-09-11,1,IndiGo,6E 711,2026-09-11 14:40,2026-09-11 16:55,135,0,9809.0,INR,,Economy,,Airbus A321neo,28 in,SerpApi Google Flights,2026-09-10T07:04:07.534Z,6aa25660f9aa73906f9fba24,False
HYD,DEL,2026-09-10,2026-09-11,1,Air India,AI 1806,2026-09-11 03:00,2026-09-11 05:25,145,0,10202.0,INR,,Economy,,Airbus A320neo,28 in,SerpApi Google Flights,2026-09-10T07:04:07.534Z,6aa25660f9aa73906f9fba24,False
HYD,DEL,2026-09-10,2026-09-11,1,Air India,AI 1880,2026-09-11 22:30,2026-09-12 01:00,150,0,10202.0,INR,,Economy,,Airbus A320neo,28 in,SerpApi Google Flights,2026-09-10T07:04:07.534Z,6aa25660f9aa73906f9fba24,False
HYD,DEL,2026-09-10,2026-09-11,1,Akasa Air,QP 1407,2026-09-11 17:30,2026-09-11 20:00,150,0,10480.0,INR,,Economy,,Boeing 737MAX 8 Passenger,28 in,SerpApi Google Flights,2026-09-10T07:04:07.534Z,6aa25660f9aa73906f9fba24,False
HYD,DEL,2026-09-10,2026-09-11,1,Air India,AI 2520,2026-09-11 19:25,2026-09-11 21:50,145,0,10816.0,INR,,Economy,,Airbus A350,31 in,SerpApi Google Flights,2026-09-10T07:04:07.534Z,6aa25660f9aa73906f9fba24,False
HYD,DEL,2026-09-10,2026-09-11,1,IndiGo,6E 6372,2026-09-11 16:25,2026-09-11 18:55,150,0,11009.0,INR,,Economy,,Airbus A321neo,28 in,SerpApi Google Flights,2026-09-10T07:04:07.534Z,6aa25660f9aa73906f9fba24,False
HYD,DEL,2026-09-10,2026-09-11,1,IndiGo,6E 6025,2026-09-11 23:50,2026-09-12 02:05,135,0,11009.0,INR,,Economy,,Airbus A321neo,28 in,SerpApi Google Flights,2026-09-10T07:04:07.534Z,6aa25660f9aa73906f9fba24,False
HYD,DEL,2026-09-10,2026-09-11,1,Air India,AI 2890,2026-09-11 17:30,2026-09-11 20:00,150,0,12018.0,INR,,Economy,,Airbus A320neo,28 in,SerpApi Google Flights,2026-09-10T07:04:07.534Z,6aa25660f9aa73906f9fba24,False
HYD,DEL,2026-09-10,2026-09-11,1,IndiGo,6E 710,2026-09-11 17:45,2026-09-11 20:10,145,0,13956.0,INR,,Economy,,Airbus A321neo,28 in,SerpApi Google Flights,2026-09-10T07:04:07.534Z,6aa25660f9aa73906f9fba24,False
HYD,DEL,2026-09-10,2026-09-11,1,Air India,AI 2870,2026-09-11 21:30,2026-09-11 23:55,145,0,14848.0,INR,,Economy,,Airbus A320neo,28 in,SerpApi Google Flights,2026-09-10T07:04:07.534Z,6aa25660f9aa73906f9fba24,False
HYD,DEL,2026-09-10,2026-09-11,1,Air India,AI 2880,2026-09-11 18:25,2026-09-11 21:00,155,0,16917.0,INR,,Economy,,Airbus A320neo,28 in,SerpApi Google Flights,2026-09-10T07:04:07.534Z,6aa25660f9aa73906f9fba24,True
HYD,DEL,2026-09-10,2026-09-11,1,IndiGo,6E 6043,2026-09-11 19:10,2026-09-11 21:40,150,0,22889.0,INR,,Economy,,Airbus A321neo,28 in,SerpApi Google Flights,2026-09-10T07:04:07.534Z,6aa25660f9aa73906f9fba24,True
HYD,DEL,2026-09-10,2026-09-17,7,Air India,AI 1806,2026-09-17 03:00,2026-09-17 05:25,145,0,8175.0,INR,,Economy,,Airbus A320neo,28 in,SerpApi Google Flights,2026-09-10T07:04:15.645Z,6aa25669c2bb991c16f70770,False
HYD,DEL,2026-09-10,2026-09-17,7,Air India,AI 1880,2026-09-17 22:30,2026-09-18 01:00,150,0,8175.0,INR,,Economy,,Airbus A320neo,28 in,SerpApi Google Flights,2026-09-10T07:04:15.645Z,6aa25669c2bb991c16f70770,False
HYD,DEL,2026-09-10,2026-09-17,7,Air India,AI 2776,2026-09-17 23:30,2026-09-18 02:00,150,0,8175.0,INR,,Economy,,Airbus A320neo,28 in,SerpApi Google Flights,2026-09-10T07:04:15.645Z,6aa25669c2bb991c16f70770,False
HYD,DEL,2026-09-10,2026-09-17,7,IndiGo,6E 6025,2026-09-17 23:50,2026-09-18 02:05,135,0,8288.0,INR,,Economy,,Airbus A321neo,28 in,SerpApi Google Flights,2026-09-10T07:04:15.645Z,6aa25669c2bb991c16f70770,False
HYD,DEL,2026-09-10,2026-09-17,7,IndiGo,6E 706,2026-09-17 02:15,2026-09-17 04:40,145,0,8288.0,INR,,Economy,,Airbus A321neo,28 in,SerpApi Google Flights,2026-09-10T07:04:15.645Z,6aa25669c2bb991c16f70770,False
HYD,DEL,2026-09-10,2026-09-17,7,IndiGo,6E 6372,2026-09-17 16:25,2026-09-17 18:55,150,0,8761.0,INR,,Economy,,Airbus A321neo,28 in,SerpApi Google Flights,2026-09-10T07:04:15.645Z,6aa25669c2bb991c16f70770,False
HYD,DEL,2026-09-10,2026-09-17,7,Air India,AI 2890,2026-09-17 17:30,2026-09-17 20:00,150,0,8921.0,INR,,Economy,,Airbus A320neo,28 in,SerpApi Google Flights,2026-09-10T07:04:15.645Z,6aa25669c2bb991c16f70770,False
HYD,DEL,2026-09-10,2026-09-17,7,IndiGo,6E 709,2026-09-17 05:20,2026-09-17 07:45,145,0,9268.0,INR,,Economy,,Airbus A321neo,28 in,SerpApi Google Flights,2026-09-10T07:04:15.645Z,6aa25669c2bb991c16f70770,False
HYD,DEL,2026-09-10,2026-09-17,7,IndiGo,6E 6031,2026-09-17 13:00,2026-09-17 15:25,145,0,9268.0,INR,,Economy,,Airbus A321neo,28 in,SerpApi Google Flights,2026-09-10T07:04:15.645Z,6aa25669c2bb991c16f70770,False
HYD,DEL,2026-09-10,2026-09-17,7,IndiGo,6E 711,2026-09-17 14:40,2026-09-17 16:55,135,0,9268.0,INR,,Economy,,Airbus A321neo,28 in,SerpApi Google Flights,2026-09-10T07:04:15.645Z,6aa25669c2bb991c16f70770,False
HYD,DEL,2026-09-10,2026-09-17,7,Air India,AI 2559,2026-09-17 12:45,2026-09-17 15:15,150,0,9430.0,INR,,Economy,,Airbus A320neo,28 in,SerpApi Google Flights,2026-09-10T07:04:15.645Z,6aa25669c2bb991c16f70770,False
HYD,DEL,2026-09-10,2026-09-17,7,Air India,AI 2541,2026-09-17 13:30,2026-09-17 16:05,155,0,9430.0,INR,,Economy,,Airbus A320neo,28 in,SerpApi Google Flights,2026-09-10T07:04:15.645Z,6aa25669c2bb991c16f70770,False
HYD,DEL,2026-09-10,2026-09-17,7,Akasa Air,QP 1405,2026-09-17 06:00,2026-09-17 08:15,135,0,9462.0,INR,,Economy,,Boeing 737MAX 8 Passenger,28 in,SerpApi Google Flights,2026-09-10T07:04:15.645Z,6aa25669c2bb991c16f70770,False
HYD,DEL,2026-09-10,2026-09-17,7,Akasa Air,QP 1407,2026-09-17 17:30,2026-09-17 20:00,150,0,9789.0,INR,,Economy,,Boeing 737MAX 8 Passenger,28 in,SerpApi Google Flights,2026-09-10T07:04:15.645Z,6aa25669c2bb991c16f70770,False
HYD,DEL,2026-09-10,2026-09-17,7,IndiGo,6E 707,2026-09-17 06:25,2026-09-17 08:45,140,0,10388.0,INR,,Economy,,Airbus A321neo,28 in,SerpApi Google Flights,2026-09-10T07:04:15.645Z,6aa25669c2bb991c16f70770,False
HYD,DEL,2026-09-10,2026-09-17,7,IndiGo,6E 6202,2026-09-17 11:35,2026-09-17 13:55,140,0,10388.0,INR,,Economy,,Airbus A321neo,28 in,SerpApi Google Flights,2026-09-10T07:04:15.645Z,6aa25669c2bb991c16f70770,False
HYD,DEL,2026-09-10,2026-09-17,7,IndiGo,6E 890,2026-09-17 21:00,2026-09-17 23:25,145,0,10388.0,INR,,Economy,,Airbus A321neo,28 in,SerpApi Google Flights,2026-09-10T07:04:15.645Z,6aa25669c2bb991c16f70770,False
HYD,DEL,2026-09-10,2026-09-17,7,IndiGo,6E 6043,2026-09-17 19:10,2026-09-17 21:40,150,0,11009.0,INR,,Economy,,Airbus A321neo,28 in,SerpApi Google Flights,2026-09-10T07:04:15.645Z,6aa25669c2bb991c16f70770,False
HYD,DEL,2026-09-10,2026-09-17,7,Air India,AI 2520,2026-09-17 19:25,2026-09-17 21:50,145,0,11341.0,INR,,Economy,,Airbus A350,31 in,SerpApi Google Flights,2026-09-10T07:04:15.645Z,6aa25669c2bb991c16f70770,False
HYD,DEL,2026-09-10,2026-09-17,7,Air India,AI 2466,2026-09-17 08:35,2026-09-17 10:55,140,0,11530.0,INR,,Economy,,Airbus A320neo,28 in,SerpApi Google Flights,2026-09-10T07:04:15.645Z,6aa25669c2bb991c16f70770,False
HYD,DEL,2026-09-10,2026-09-17,7,Air India,AI 1866,2026-09-17 09:40,2026-09-17 12:10,150,0,11530.0,INR,,Economy,,Airbus A320neo,28 in,SerpApi Google Flights,2026-09-10T07:04:15.645Z,6aa25669c2bb991c16f70770,False
HYD,DEL,2026-09-10,2026-09-17,7,Air India,AI 2860,2026-09-17 07:30,2026-09-17 10:00,150,0,11630.0,INR,,Economy,,Airbus A320neo,28 in,SerpApi Google Flights,2026-09-10T07:04:15.645Z,6aa25669c2bb991c16f70770,False
HYD,DEL,2026-09-10,2026-09-17,7,Air India,AI 2870,2026-09-17 21:30,2026-09-17 23:55,145,0,11630.0,INR,,Economy,,Airbus A320neo,28 in,SerpApi Google Flights,2026-09-10T07:04:15.645Z,6aa25669c2bb991c16f70770,False
HYD,DEL,2026-09-10,2026-09-17,7,IndiGo,6E 6281,2026-09-17 10:00,2026-09-17 12:30,150,0,11673.0,INR,,Economy,,Airbus A321neo,28 in,SerpApi Google Flights,2026-09-10T07:04:15.645Z,6aa25669c2bb991c16f70770,False
HYD,DEL,2026-09-10,2026-09-17,7,Air India,AI 2880,2026-09-17 18:25,2026-09-17 21:00,155,0,11824.0,INR,,Economy,,Airbus A320neo,28 in,SerpApi Google Flights,2026-09-10T07:04:15.645Z,6aa25669c2bb991c16f70770,False
HYD,DEL,2026-09-10,2026-09-25,15,IndiGo,6E 706,2026-09-25 02:15,2026-09-25 04:40,145,0,8288.0,INR,,Economy,,Airbus A321neo,28 in,SerpApi Google Flights,2026-09-10T07:04:24.167Z,6aa256710676dc5ff8b8d33a,False
HYD,DEL,2026-09-10,2026-09-25,15,IndiGo,6E 6031,2026-09-25 13:00,2026-09-25 15:25,145,0,8288.0,INR,,Economy,,Airbus A321neo,28 in,SerpApi Google Flights,2026-09-10T07:04:24.167Z,6aa256710676dc5ff8b8d33a,False
HYD,DEL,2026-09-10,2026-09-25,15,IndiGo,6E 711,2026-09-25 14:40,2026-09-25 16:55,135,0,8288.0,INR,,Economy,,Airbus A321neo,28 in,SerpApi Google Flights,2026-09-10T07:04:24.167Z,6aa256710676dc5ff8b8d33a,False
HYD,DEL,2026-09-10,2026-09-25,15,IndiGo,6E 6372,2026-09-25 16:25,2026-09-25 18:55,150,0,8288.0,INR,,Economy,,Airbus A321neo,28 in,SerpApi Google Flights,2026-09-10T07:04:24.167Z,6aa256710676dc5ff8b8d33a,False
HYD,DEL,2026-09-10,2026-09-25,15,IndiGo,6E 710,2026-09-25 17:45,2026-09-25 20:10,145,0,8288.0,INR,,Economy,,Airbus A321neo,28 in,SerpApi Google Flights,2026-09-10T07:04:24.167Z,6aa256710676dc5ff8b8d33a,False
HYD,DEL,2026-09-10,2026-09-25,15,Air India,AI 2559,2026-09-25 12:45,2026-09-25 15:15,150,0,8448.0,INR,,Economy,,Airbus A320neo,28 in,SerpApi Google Flights,2026-09-10T07:04:24.167Z,6aa256710676dc5ff8b8d33a,False
HYD,DEL,2026-09-10,2026-09-25,15,Air India,AI 2541,2026-09-25 13:30,2026-09-25 16:05,155,0,8448.0,INR,,Economy,,Airbus A320neo,28 in,SerpApi Google Flights,2026-09-10T07:04:24.167Z,6aa256710676dc5ff8b8d33a,False
HYD,DEL,2026-09-10,2026-09-25,15,Air India,AI 2890,2026-09-25 17:30,2026-09-25 20:00,150,0,8448.0,INR,,Economy,,Airbus A320neo,28 in,SerpApi Google Flights,2026-09-10T07:04:24.167Z,6aa256710676dc5ff8b8d33a,False
HYD,DEL,2026-09-10,2026-09-25,15,Air India,AI 1806,2026-09-25 03:00,2026-09-25 05:25,145,0,8700.0,INR,,Economy,,Airbus A320neo,28 in,SerpApi Google Flights,2026-09-10T07:04:24.167Z,6aa256710676dc5ff8b8d33a,False
HYD,DEL,2026-09-10,2026-09-25,15,IndiGo,6E 6202,2026-09-25 11:35,2026-09-25 13:55,140,0,8761.0,INR,,Economy,,Airbus A321neo,28 in,SerpApi Google Flights,2026-09-10T07:04:24.167Z,6aa256710676dc5ff8b8d33a,False
HYD,DEL,2026-09-10,2026-09-25,15,Akasa Air,QP 1407,2026-09-25 17:30,2026-09-25 20:00,150,0,8849.0,INR,,Economy,,Boeing 737MAX 8 Passenger,28 in,SerpApi Google Flights,2026-09-10T07:04:24.167Z,6aa256710676dc5ff8b8d33a,False
HYD,DEL,2026-09-10,2026-09-25,15,IndiGo,6E 6281,2026-09-25 10:00,2026-09-25 12:30,150,0,9268.0,INR,,Economy,,Airbus A321neo,28 in,SerpApi Google Flights,2026-09-10T07:04:24.167Z,6aa256710676dc5ff8b8d33a,False
HYD,DEL,2026-09-10,2026-09-25,15,Air India,AI 1866,2026-09-25 09:40,2026-09-25 12:10,150,0,9582.0,INR,,Economy,,Airbus A320neo,28 in,SerpApi Google Flights,2026-09-10T07:04:24.167Z,6aa256710676dc5ff8b8d33a,False
HYD,DEL,2026-09-10,2026-09-25,15,Air India,AI 1880,2026-09-25 22:30,2026-09-26 01:00,150,0,9750.0,INR,,Economy,,Airbus A320neo,28 in,SerpApi Google Flights,2026-09-10T07:04:24.167Z,6aa256710676dc5ff8b8d33a,False
HYD,DEL,2026-09-10,2026-09-25,15,Air India,AI 2776,2026-09-25 23:30,2026-09-26 02:00,150,0,9750.0,INR,,Economy,,Airbus A320neo,28 in,SerpApi Google Flights,2026-09-10T07:04:24.167Z,6aa256710676dc5ff8b8d33a,False
HYD,DEL,2026-09-10,2026-09-25,15,Akasa Air,QP 1405,2026-09-25 06:00,2026-09-25 08:15,135,0,9789.0,INR,,Economy,,Boeing 737MAX 8 Passenger,28 in,SerpApi Google Flights,2026-09-10T07:04:24.167Z,6aa256710676dc5ff8b8d33a,False
HYD,DEL,2026-09-10,2026-09-25,15,IndiGo,6E 6043,2026-09-25 19:10,2026-09-25 21:40,150,0,9809.0,INR,,Economy,,Airbus A321neo,28 in,SerpApi Google Flights,2026-09-10T07:04:24.167Z,6aa256710676dc5ff8b8d33a,False
HYD,DEL,2026-09-10,2026-09-25,15,IndiGo,6E 6025,2026-09-25 23:50,2026-09-26 02:05,135,0,9809.0,INR,,Economy,,Airbus A321neo,28 in,SerpApi Google Flights,2026-09-10T07:04:24.167Z,6aa256710676dc5ff8b8d33a,False
HYD,DEL,2026-09-10,2026-09-25,15,Air India,AI 2880,2026-09-25 18:25,2026-09-25 21:00,155,0,9819.0,INR,,Economy,,Airbus A320neo,28 in,SerpApi Google Flights,2026-09-10T07:04:24.167Z,6aa256710676dc5ff8b8d33a,False
HYD,DEL,2026-09-10,2026-09-25,15,Air India,AI 2466,2026-09-25 08:35,2026-09-25 10:55,140,0,10134.0,INR,,Economy,,Airbus A320neo,28 in,SerpApi Google Flights,2026-09-10T07:04:24.167Z,6aa256710676dc5ff8b8d33a,False
HYD,DEL,2026-09-10,2026-09-25,15,Air India,AI 2520,2026-09-25 19:25,2026-09-25 21:50,145,0,10218.0,INR,,Economy,,Airbus A350,31 in,SerpApi Google Flights,2026-09-10T07:04:24.167Z,6aa256710676dc5ff8b8d33a,False
HYD,DEL,2026-09-10,2026-09-25,15,IndiGo,6E 707,2026-09-25 06:25,2026-09-25 08:45,140,0,10388.0,INR,,Economy,,Airbus A321neo,28 in,SerpApi Google Flights,2026-09-10T07:04:24.167Z,6aa256710676dc5ff8b8d33a,False
HYD,DEL,2026-09-10,2026-09-25,15,IndiGo,6E 890,2026-09-25 21:00,2026-09-25 23:25,145,0,11009.0,INR,,Economy,,Airbus A321neo,28 in,SerpApi Google Flights,2026-09-10T07:04:24.167Z,6aa256710676dc5ff8b8d33a,False
HYD,DEL,2026-09-10,2026-09-25,15,Air India,AI 2860,2026-09-25 07:30,2026-09-25 10:00,150,0,11630.0,INR,,Economy,,Airbus A320neo,28 in,SerpApi Google Flights,2026-09-10T07:04:24.167Z,6aa256710676dc5ff8b8d33a,False
HYD,DEL,2026-09-10,2026-09-25,15,Air India,AI 2870,2026-09-25 21:30,2026-09-25 23:55,145,0,11630.0,INR,,Economy,,Airbus A320neo,28 in,SerpApi Google Flights,2026-09-10T07:04:24.167Z,6aa256710676dc5ff8b8d33a,False
HYD,DEL,2026-09-10,2026-10-10,30,IndiGo,6E 890,2026-10-10 21:00,2026-10-10 23:25,145,0,8763.0,INR,,Economy,,Airbus A321neo,28 in,SerpApi Google Flights,2026-09-10T07:04:27.228Z,6aa25679532a174ce86e6acb,False
HYD,DEL,2026-09-10,2026-10-10,30,Air India,AI 1880,2026-10-10 22:30,2026-10-11 01:00,150,0,9199.0,INR,,Economy,,Airbus A320neo,28 in,SerpApi Google Flights,2026-09-10T07:04:27.228Z,6aa25679532a174ce86e6acb,False
HYD,DEL,2026-09-10,2026-10-10,30,IndiGo,6E 6025,2026-10-10 23:50,2026-10-11 02:05,135,0,9270.0,INR,,Economy,,Airbus A321neo,28 in,SerpApi Google Flights,2026-09-10T07:04:27.228Z,6aa25679532a174ce86e6acb,False
HYD,DEL,2026-09-10,2026-10-10,30,IndiGo,6E 6043,2026-10-10 19:10,2026-10-10 21:40,150,0,9270.0,INR,,Economy,,Airbus A321neo,28 in,SerpApi Google Flights,2026-09-10T07:04:27.228Z,6aa25679532a174ce86e6acb,False
HYD,DEL,2026-09-10,2026-10-10,30,Air India,AI 2880,2026-10-10 18:25,2026-10-10 21:00,155,0,9430.0,INR,,Economy,,Airbus A320neo,28 in,SerpApi Google Flights,2026-09-10T07:04:27.228Z,6aa25679532a174ce86e6acb,False
HYD,DEL,2026-09-10,2026-10-10,30,Air India,AI 2520,2026-10-10 19:25,2026-10-10 21:50,145,0,9430.0,INR,,Economy,,Airbus A350,31 in,SerpApi Google Flights,2026-09-10T07:04:27.228Z,6aa25679532a174ce86e6acb,False
HYD,DEL,2026-09-10,2026-10-10,30,Air India,AI 2890,2026-10-10 17:30,2026-10-10 20:00,150,0,9582.0,INR,,Economy,,Airbus A320neo,28 in,SerpApi Google Flights,2026-09-10T07:04:27.228Z,6aa25679532a174ce86e6acb,False
HYD,DEL,2026-09-10,2026-10-10,30,IndiGo,6E 710,2026-10-10 17:45,2026-10-10 20:10,145,0,9811.0,INR,,Economy,,Airbus A321neo,28 in,SerpApi Google Flights,2026-09-10T07:04:27.228Z,6aa25679532a174ce86e6acb,False
HYD,DEL,2026-09-10,2026-10-10,30,Air India,AI 2870,2026-10-10 21:30,2026-10-10 23:55,145,0,9971.0,INR,,Economy,,Airbus A320neo,28 in,SerpApi Google Flights,2026-09-10T07:04:27.228Z,6aa25679532a174ce86e6acb,False
HYD,DEL,2026-09-10,2026-10-10,30,Akasa Air,QP 1407,2026-10-10 17:30,2026-10-10 20:00,150,0,10302.0,INR,,Economy,,Boeing 737MAX 8 Passenger,28 in,SerpApi Google Flights,2026-09-10T07:04:27.228Z,6aa25679532a174ce86e6acb,False
HYD,DEL,2026-09-10,2026-10-10,30,IndiGo,6E 6372,2026-10-10 16:25,2026-10-10 18:55,150,0,13958.0,INR,,Economy,,Airbus A321neo,28 in,SerpApi Google Flights,2026-09-10T07:04:27.228Z,6aa25679532a174ce86e6acb,False
HYD,DEL,2026-09-10,2026-10-10,30,IndiGo,6E 706,2026-10-10 02:15,2026-10-10 04:40,145,0,14829.0,INR,,Economy,,Airbus A321neo,28 in,SerpApi Google Flights,2026-09-10T07:04:27.228Z,6aa25679532a174ce86e6acb,False
HYD,DEL,2026-09-10,2026-10-10,30,IndiGo,6E 6281,2026-10-10 10:00,2026-10-10 12:30,150,0,14829.0,INR,,Economy,,Airbus A321neo,28 in,SerpApi Google Flights,2026-09-10T07:04:27.228Z,6aa25679532a174ce86e6acb,False
HYD,DEL,2026-09-10,2026-10-10,30,IndiGo,6E 6202,2026-10-10 11:35,2026-10-10 13:55,140,0,14829.0,INR,,Economy,,Airbus A321neo,28 in,SerpApi Google Flights,2026-09-10T07:04:27.228Z,6aa25679532a174ce86e6acb,False
HYD,DEL,2026-09-10,2026-10-10,30,Air India,AI 2466,2026-10-10 08:35,2026-10-10 10:55,140,0,16917.0,INR,,Economy,,Airbus A320neo,28 in,SerpApi Google Flights,2026-09-10T07:04:27.228Z,6aa25679532a174ce86e6acb,False
HYD,DEL,2026-09-10,2026-10-10,30,Air India,AI 1866,2026-10-10 09:40,2026-10-10 12:10,150,0,16917.0,INR,,Economy,,Airbus A320neo,28 in,SerpApi Google Flights,2026-09-10T07:04:27.228Z,6aa25679532a174ce86e6acb,False
HYD,DEL,2026-09-10,2026-10-10,30,IndiGo,6E 709,2026-10-10 05:20,2026-10-10 07:45,145,0,17823.0,INR,,Economy,,Airbus A321neo,28 in,SerpApi Google Flights,2026-09-10T07:04:27.228Z,6aa25679532a174ce86e6acb,False
HYD,DEL,2026-09-10,2026-10-10,30,IndiGo,6E 707,2026-10-10 06:25,2026-10-10 08:45,140,0,17823.0,INR,,Economy,,Airbus A321neo,28 in,SerpApi Google Flights,2026-09-10T07:04:27.228Z,6aa25679532a174ce86e6acb,False
HYD,DEL,2026-09-10,2026-10-10,30,Air India,AI 1806,2026-10-10 05:30,2026-10-10 07:55,145,0,18906.0,INR,,Economy,,Airbus A320neo,28 in,SerpApi Google Flights,2026-09-10T07:04:27.228Z,6aa25679532a174ce86e6acb,False
HYD,DEL,2026-09-10,2026-10-10,30,Air India,AI 2860,2026-10-10 07:15,2026-10-10 09:45,150,0,18906.0,INR,,Economy,,Airbus A320neo,28 in,SerpApi Google Flights,2026-09-10T07:04:27.228Z,6aa25679532a174ce86e6acb,False
HYD,DEL,2026-09-10,2026-10-10,30,Air India,AI 2559,2026-10-10 12:45,2026-10-10 15:15,150,0,22702.0,INR,,Economy,,Airbus A320neo,28 in,SerpApi Google Flights,2026-09-10T07:04:27.228Z,6aa25679532a174ce86e6acb,False
HYD,DEL,2026-09-10,2026-10-10,30,Air India,AI 2541,2026-10-10 13:30,2026-10-10 16:05,155,0,22702.0,INR,,Economy,,Airbus A320neo,28 in,SerpApi Google Flights,2026-09-10T07:04:27.228Z,6aa25679532a174ce86e6acb,False
HYD,DEL,2026-09-10,2026-10-10,30,Akasa Air,QP 1405,2026-10-10 06:00,2026-10-10 08:15,135,0,23468.0,INR,,Economy,,Boeing 737MAX 8 Passenger,28 in,SerpApi Google Flights,2026-09-10T07:04:27.228Z,6aa25679532a174ce86e6acb,False
HYD,DEL,2026-09-10,2026-10-25,45,IndiGo,6E 2302,2026-10-25 02:00,2026-10-25 04:20,140,0,8290.0,INR,,Economy,,Airbus A321neo,28 in,SerpApi Google Flights,2026-09-10T07:04:32.043Z,6aa2567dd0a88f74f52ef350,False
HYD,DEL,2026-09-10,2026-10-25,45,IndiGo,6E 889,2026-10-25 08:30,2026-10-25 10:50,140,0,8290.0,INR,,Economy,,Airbus A321neo,28 in,SerpApi Google Flights,2026-09-10T07:04:32.043Z,6aa2567dd0a88f74f52ef350,False
HYD,DEL,2026-09-10,2026-10-25,45,IndiGo,6E 5057,2026-10-25 09:45,2026-10-25 12:05,140,0,8290.0,INR,,Economy,,Airbus A321neo,28 in,SerpApi Google Flights,2026-09-10T07:04:32.043Z,6aa2567dd0a88f74f52ef350,False
HYD,DEL,2026-09-10,2026-10-25,45,IndiGo,6E 6031,2026-10-25 19:15,2026-10-25 21:35,140,0,8290.0,INR,,Economy,,Airbus A321neo,28 in,SerpApi Google Flights,2026-09-10T07:04:32.043Z,6aa2567dd0a88f74f52ef350,False
HYD,DEL,2026-09-10,2026-10-25,45,IndiGo,6E 192,2026-10-25 22:45,2026-10-26 01:05,140,0,8290.0,INR,,Economy,,Airbus A321neo,28 in,SerpApi Google Flights,2026-09-10T07:04:32.043Z,6aa2567dd0a88f74f52ef350,False
HYD,DEL,2026-09-10,2026-10-25,45,Air India,AI 2550,2026-10-25 22:30,2026-10-26 00:50,140,0,8448.0,INR,,Economy,,Airbus A320neo,28 in,SerpApi Google Flights,2026-09-10T07:04:32.043Z,6aa2567dd0a88f74f52ef350,False
HYD,DEL,2026-09-10,2026-10-25,45,Air India,AI 2543,2026-10-25 10:15,2026-10-25 12:35,140,0,8585.0,INR,,Economy,,Airbus A320neo,28 in,SerpApi Google Flights,2026-09-10T07:04:32.043Z,6aa2567dd0a88f74f52ef350,False
HYD,DEL,2026-09-10,2026-10-25,45,Air India,AI 2520,2026-10-25 19:20,2026-10-25 21:50,150,0,8653.0,INR,,Economy,,Airbus A350,31 in,SerpApi Google Flights,2026-09-10T07:04:32.043Z,6aa2567dd0a88f74f52ef350,False
HYD,DEL,2026-09-10,2026-10-25,45,Air India,AI 2870,2026-10-25 21:30,2026-10-25 23:50,140,0,8653.0,INR,,Economy,,Airbus A321,29 in,SerpApi Google Flights,2026-09-10T07:04:32.043Z,6aa2567dd0a88f74f52ef350,False
HYD,DEL,2026-09-10,2026-10-25,45,Air India,AI 2880,2026-10-25 18:30,2026-10-25 20:50,140,0,8784.0,INR,,Economy,,Airbus A320neo,28 in,SerpApi Google Flights,2026-09-10T07:04:32.043Z,6aa2567dd0a88f74f52ef350,False
HYD,DEL,2026-09-10,2026-10-25,45,IndiGo,6E 709,2026-10-25 05:25,2026-10-25 07:45,140,0,9270.0,INR,,Economy,,Airbus A321neo,28 in,SerpApi Google Flights,2026-09-10T07:04:32.043Z,6aa2567dd0a88f74f52ef350,False
HYD,DEL,2026-09-10,2026-10-25,45,Air India,AI 2466,2026-10-25 08:35,2026-10-25 10:55,140,0,9283.0,INR,,Economy,,Airbus A320neo,28 in,SerpApi Google Flights,2026-09-10T07:04:32.043Z,6aa2567dd0a88f74f52ef350,False
HYD,DEL,2026-09-10,2026-10-25,45,Akasa Air,QP 1201,2026-10-25 06:00,2026-10-25 08:15,135,0,9304.0,INR,,Economy,,Boeing 737MAX 8 Passenger,28 in,SerpApi Google Flights,2026-09-10T07:04:32.043Z,6aa2567dd0a88f74f52ef350,False
HYD,DEL,2026-09-10,2026-10-25,45,Air India,AI 1880,2026-10-25 22:30,2026-10-26 01:00,150,0,9339.0,INR,,Economy,,,28 in,SerpApi Google Flights,2026-09-10T07:04:32.043Z,6aa2567dd0a88f74f52ef350,False
HYD,DEL,2026-09-10,2026-10-25,45,Akasa Air,QP 1205,2026-10-25 17:35,2026-10-25 19:55,140,0,9462.0,INR,,Economy,,Boeing 737MAX 8 Passenger,28 in,SerpApi Google Flights,2026-09-10T07:04:32.043Z,6aa2567dd0a88f74f52ef350,False
HYD,DEL,2026-09-10,2026-10-25,45,Air India,AI 1866,2026-10-25 09:00,2026-10-25 11:20,140,0,9492.0,INR,,Economy,,,28 in,SerpApi Google Flights,2026-09-10T07:04:32.043Z,6aa2567dd0a88f74f52ef350,False
HYD,DEL,2026-09-10,2026-10-25,45,Air India,AI 1806,2026-10-25 05:30,2026-10-25 07:50,140,0,9661.0,INR,,Economy,,Airbus A320neo,28 in,SerpApi Google Flights,2026-09-10T07:04:32.043Z,6aa2567dd0a88f74f52ef350,False
HYD,DEL,2026-09-10,2026-10-25,45,IndiGo,6E 707,2026-10-25 06:45,2026-10-25 09:05,140,0,9811.0,INR,,Economy,,Airbus A321neo,28 in,SerpApi Google Flights,2026-09-10T07:04:32.043Z,6aa2567dd0a88f74f52ef350,False
HYD,DEL,2026-09-10,2026-10-25,45,IndiGo,6E 6202,2026-10-25 11:45,2026-10-25 14:05,140,0,9811.0,INR,,Economy,,Airbus A321neo,28 in,SerpApi Google Flights,2026-09-10T07:04:32.043Z,6aa2567dd0a88f74f52ef350,False
HYD,DEL,2026-09-10,2026-10-25,45,IndiGo,6E 6043,2026-10-25 13:00,2026-10-25 15:20,140,0,9811.0,INR,,Economy,,Airbus A321neo,28 in,SerpApi Google Flights,2026-09-10T07:04:32.043Z,6aa2567dd0a88f74f52ef350,False
HYD,DEL,2026-09-10,2026-10-25,45,IndiGo,6E 711,2026-10-25 14:45,2026-10-25 17:05,140,0,9811.0,INR,,Economy,,Airbus A321neo,28 in,SerpApi Google Flights,2026-09-10T07:04:32.043Z,6aa2567dd0a88f74f52ef350,False
HYD,DEL,2026-09-10,2026-10-25,45,IndiGo,6E 6372,2026-10-25 16:30,2026-10-25 18:50,140,0,9811.0,INR,,Economy,,Airbus A321neo,28 in,SerpApi Google Flights,2026-09-10T07:04:32.043Z,6aa2567dd0a88f74f52ef350,False
HYD,DEL,2026-09-10,2026-10-25,45,IndiGo,6E 710,2026-10-25 17:50,2026-10-25 20:10,140,0,9811.0,INR,,Economy,,Airbus A321neo,28 in,SerpApi Google Flights,2026-09-10T07:04:32.043Z,6aa2567dd0a88f74f52ef350,False
HYD,DEL,2026-09-10,2026-10-25,45,IndiGo,6E 890,2026-10-25 21:15,2026-10-25 23:35,140,0,9811.0,INR,,Economy,,Airbus A321neo,28 in,SerpApi Google Flights,2026-09-10T07:04:32.043Z,6aa2567dd0a88f74f52ef350,False
HYD,DEL,2026-09-10,2026-10-25,45,Air India,AI 2559,2026-10-25 12:45,2026-10-25 15:05,140,0,9971.0,INR,,Economy,,Airbus A320neo,28 in,SerpApi Google Flights,2026-09-10T07:04:32.043Z,6aa2567dd0a88f74f52ef350,False
HYD,DEL,2026-09-10,2026-10-25,45,Air India,AI 2541,2026-10-25 14:55,2026-10-25 17:15,140,0,10218.0,INR,,Economy,,Airbus A320neo,28 in,SerpApi Google Flights,2026-09-10T07:04:32.043Z,6aa2567dd0a88f74f52ef350,False
HYD,DEL,2026-09-10,2026-10-25,45,Air India,AI 2890,2026-10-25 17:00,2026-10-25 19:20,140,0,10548.0,INR,,Economy,,Airbus A320neo,28 in,SerpApi Google Flights,2026-09-10T07:04:32.043Z,6aa2567dd0a88f74f52ef350,False
